CustomerID,discounted_clv_12m,ltv_tier,probability_alive,risk_tier,recommended_action
16446,138876.67766228344,Whales,0.9832630804813686,Low latent risk,VIP service and loyalty perks; avoid blanket discount
14646,72323.23983464367,Whales,0.9996404273003751,Low latent risk,VIP service and loyalty perks; avoid blanket discount
18102,62761.50020799073,Whales,0.999633307024465,Low latent risk,VIP service and loyalty perks; avoid blanket discount
17450,48941.82587242969,Whales,0.9988491928864406,Low latent risk,VIP service and loyalty perks; avoid blanket discount
14096,46360.98628447002,Whales,0.9979707318980715,Low latent risk,VIP service and loyalty perks; avoid blanket discount
14911,35057.9967796534,Whales,0.9998368022977739,Low latent risk,VIP service and loyalty perks; avoid blanket discount
12415,32675.010020100442,Whales,0.9960226754110206,Low latent risk,VIP service and loyalty perks; avoid blanket discount
14156,29064.75067322197,Whales,0.9986910011503699,Low latent risk,VIP service and loyalty perks; avoid blanket discount
17511,22382.973833037307,Whales,0.9991683873868317,Low latent risk,VIP service and loyalty perks; avoid blanket discount
16029,17612.76246874223,Whales,0.8866442546700003,Low latent risk,VIP service and loyalty perks; avoid blanket discount
16684,17280.126326527406,Whales,0.9989637150111683,Low latent risk,VIP service and loyalty perks; avoid blanket discount
15098,16289.118573332144,Whales,0.6241166552738179,High latent risk,Priority targeted retention; test a reversible offer
13694,15926.477273260298,Whales,0.9993656043657968,Low latent risk,VIP service and loyalty perks; avoid blanket discount
15311,14810.207890466088,Whales,0.9997588480358067,Low latent risk,VIP service and loyalty perks; avoid blanket discount
13089,14405.507408210404,Whales,0.9996304980138551,Low latent risk,VIP service and loyalty perks; avoid blanket discount
17949,14288.78170278687,Whales,0.9994714637245484,Low latent risk,VIP service and loyalty perks; avoid blanket discount
15769,14236.470663554424,Whales,0.9986895504057492,Low latent risk,VIP service and loyalty perks; avoid blanket discount
18139,13692.274383712182,Whales,0.9793094627662197,Low latent risk,VIP service and loyalty perks; avoid blanket discount
14088,12761.822875058435,Whales,0.9975289952179219,Low latent risk,VIP service and loyalty perks; avoid blanket discount
15061,12560.801250141621,Whales,0.999355793209194,Low latent risk,VIP service and loyalty perks; avoid blanket discount
14298,12547.330124347392,Whales,0.9988227521553038,Low latent risk,VIP service and loyalty perks; avoid blanket discount
16000,11448.963708728397,Whales,0.9895234440470918,Low latent risk,VIP service and loyalty perks; avoid blanket discount
12931,11262.561919573644,Whales,0.9967115046013267,Low latent risk,VIP service and loyalty perks; avoid blanket discount
12536,11135.463531326637,Whales,0.9644609775285269,Low latent risk,VIP service and loyalty perks; avoid blanket discount
15749,10476.006371870024,Whales,0.8873196815798648,Low latent risk,VIP service and loyalty perks; avoid blanket discount
17841,9819.48118959649,Whales,0.999763104222563,Low latent risk,VIP service and loyalty perks; avoid blanket discount
16013,9133.654603443723,Whales,0.9993415466896404,Low latent risk,VIP service and loyalty perks; avoid blanket discount
13798,9123.842738212612,Whales,0.9995682035278406,Low latent risk,VIP service and loyalty perks; avoid blanket discount
17389,8812.124694007878,Whales,0.9993431242272994,Low latent risk,VIP service and loyalty perks; avoid blanket discount
15838,8470.4821153296,Whales,0.9980585536072685,Low latent risk,VIP service and loyalty perks; avoid blanket discount
16422,8245.197278549014,Whales,0.9965290323061524,Low latent risk,VIP service and loyalty perks; avoid blanket discount
17404,8210.923696095899,Whales,0.9982632604254149,Low latent risk,VIP service and loyalty perks; avoid blanket discount
13098,8183.215296922708,Whales,0.9991497919741837,Low latent risk,VIP service and loyalty perks; avoid blanket discount
12748,8091.223311454096,Whales,0.9998951667815215,Low latent risk,VIP service and loyalty perks; avoid blanket discount
16333,7657.53428459415,Whales,0.998443289567356,Low latent risk,VIP service and loyalty perks; avoid blanket discount
14680,7005.570495777569,Whales,0.9963391983397206,Low latent risk,VIP service and loyalty perks; avoid blanket discount
13081,6927.480517345213,Whales,0.9972078186407014,Low latent risk,VIP service and loyalty perks; avoid blanket discount
13408,6698.346583327666,Whales,0.9995826266161384,Low latent risk,VIP service and loyalty perks; avoid blanket discount
17857,6598.300770581835,Whales,0.9987936267678539,Low latent risk,VIP service and loyalty perks; avoid blanket discount
13868,6302.520379216269,Whales,0.9808463875563472,Low latent risk,VIP service and loyalty perks; avoid blanket discount
12744,6151.203422518236,Whales,0.9906979144242128,Low latent risk,VIP service and loyalty perks; avoid blanket discount
13777,6120.104828017079,Whales,0.9993298156001479,Low latent risk,VIP service and loyalty perks; avoid blanket discount
12901,5739.320507489212,Whales,0.9983901575092464,Low latent risk,VIP service and loyalty perks; avoid blanket discount
14607,5544.580639765573,Whales,0.9967910468772888,Low latent risk,VIP service and loyalty perks; avoid blanket discount
12753,5262.016112699965,Whales,0.9944149380299164,Low latent risk,VIP service and loyalty perks; avoid blanket discount
17381,5054.609092486908,Whales,0.9986749273422295,Low latent risk,VIP service and loyalty perks; avoid blanket discount
17675,5029.002475246929,Whales,0.999244233165952,Low latent risk,VIP service and loyalty perks; avoid blanket discount
15039,4817.816318863479,Whales,0.9987043764654832,Low latent risk,VIP service and loyalty perks; avoid blanket discount
13881,4814.772138452277,Whales,0.9986800323894091,Low latent risk,VIP service and loyalty perks; avoid blanket discount
12678,4806.598972563492,Whales,0.9931005950759957,Low latent risk,VIP service and loyalty perks; avoid blanket discount
12731,4787.574692451498,Whales,0.996267204792528,Low latent risk,VIP service and loyalty perks; avoid blanket discount
16210,4772.7211444238155,Whales,0.9986962444352564,Low latent risk,VIP service and loyalty perks; avoid blanket discount
12471,4576.657252213068,Whales,0.9991556045591125,Low latent risk,VIP service and loyalty perks; avoid blanket discount
16986,4546.197580356565,Whales,0.9645761227242012,Low latent risk,VIP service and loyalty perks; avoid blanket discount
15189,4357.592137196054,Whales,0.9994047318461141,Low latent risk,VIP service and loyalty perks; avoid blanket discount
15159,4348.308839382234,Whales,0.9992050865428969,Low latent risk,VIP service and loyalty perks; avoid blanket discount
17428,4304.822274717542,Whales,0.9992013411855953,Low latent risk,VIP service and loyalty perks; avoid blanket discount
13767,4172.98148452903,Whales,0.9992971046678819,Low latent risk,VIP service and loyalty perks; avoid blanket discount
16133,4104.0123397649095,Whales,0.9991209657935088,Low latent risk,VIP service and loyalty perks; avoid blanket discount
12921,4060.512680034273,Whales,0.9987073891018329,Low latent risk,VIP service and loyalty perks; avoid blanket discount
16839,4050.5086838167354,Whales,0.9987423560157659,Low latent risk,VIP service and loyalty perks; avoid blanket discount
14031,3992.0524247923713,Whales,0.9983985050387991,Low latent risk,VIP service and loyalty perks; avoid blanket discount
12762,3949.5077929342333,Whales,0.9802451005250589,Low latent risk,VIP service and loyalty perks; avoid blanket discount
17677,3918.633015423303,Whales,0.9992010464909744,Low latent risk,VIP service and loyalty perks; avoid blanket discount
14051,3863.8473777583463,Whales,0.9990249668919361,Low latent risk,VIP service and loyalty perks; avoid blanket discount
14547,3853.3386255059154,Whales,0.996271769934475,Low latent risk,VIP service and loyalty perks; avoid blanket discount
14866,3825.2857650171427,Whales,0.9974537136706327,Low latent risk,VIP service and loyalty perks; avoid blanket discount
12477,3756.1126599810286,Whales,0.9940883404379881,Low latent risk,VIP service and loyalty perks; avoid blanket discount
15856,3742.997884404051,Whales,0.9989481722084214,Low latent risk,VIP service and loyalty perks; avoid blanket discount
12798,3686.9976026611025,Whales,0.9893360510946062,Low latent risk,VIP service and loyalty perks; avoid blanket discount
15513,3667.4760167007717,Whales,0.9946498403961255,Low latent risk,VIP service and loyalty perks; avoid blanket discount
16180,3556.885959242036,Whales,0.9386750634245363,Low latent risk,VIP service and loyalty perks; avoid blanket discount
17509,3548.9753256250197,Whales,0.6050627103729822,High latent risk,Priority targeted retention; test a reversible offer
16705,3467.4065039548773,Whales,0.9988781499948475,Low latent risk,VIP service and loyalty perks; avoid blanket discount
12621,3437.724467722211,Whales,0.9988220025751842,Low latent risk,VIP service and loyalty perks; avoid blanket discount
12557,3416.3059306490954,Whales,0.9939743667090517,Low latent risk,VIP service and loyalty perks; avoid blanket discount
17107,3361.788194587819,Whales,0.9925509528474001,Low latent risk,VIP service and loyalty perks; avoid blanket discount
12540,3307.9569761101966,Whales,0.9970751460020509,Low latent risk,VIP service and loyalty perks; avoid blanket discount
15498,3296.840816135369,Whales,0.9990652156191624,Low latent risk,VIP service and loyalty perks; avoid blanket discount
17735,3282.1066642407577,Whales,0.9987170849528687,Low latent risk,VIP service and loyalty perks; avoid blanket discount
12681,3281.9935959006266,Whales,0.9978678797693409,Low latent risk,VIP service and loyalty perks; avoid blanket discount
14194,3254.0557059911557,Whales,0.9986493623143842,Low latent risk,VIP service and loyalty perks; avoid blanket discount
16525,3236.8906521618264,Whales,0.9990387025585854,Low latent risk,VIP service and loyalty perks; avoid blanket discount
12433,3211.6865569485167,Whales,0.9965589936513918,Low latent risk,VIP service and loyalty perks; avoid blanket discount
15640,3139.643161741242,Whales,0.9982653673186845,Low latent risk,VIP service and loyalty perks; avoid blanket discount
12409,3115.3735951320155,Whales,0.9718566651975401,Low latent risk,VIP service and loyalty perks; avoid blanket discount
13078,3107.0832212023192,Whales,0.9989785128687277,Low latent risk,VIP service and loyalty perks; avoid blanket discount
14121,3098.2747660911173,Whales,0.992722389475442,Low latent risk,VIP service and loyalty perks; avoid blanket discount
16240,3090.305402785974,Whales,0.9762654068563202,Low latent risk,VIP service and loyalty perks; avoid blanket discount
12950,3078.6930898169985,Whales,0.9898635391217155,Low latent risk,VIP service and loyalty perks; avoid blanket discount
13113,3056.2447048435806,Whales,0.9990720720357223,Low latent risk,VIP service and loyalty perks; avoid blanket discount
12757,3053.0742941209683,Whales,0.9962756997240693,Low latent risk,VIP service and loyalty perks; avoid blanket discount
12682,3011.5800401327947,Whales,0.9991039254539555,Low latent risk,VIP service and loyalty perks; avoid blanket discount
15251,2935.5779954231316,Whales,0.9970743045304234,Low latent risk,VIP service and loyalty perks; avoid blanket discount
14606,2925.053015802166,Whales,0.9997255895966136,Low latent risk,VIP service and loyalty perks; avoid blanket discount
12939,2893.8176878850436,Whales,0.9880517431765341,Low latent risk,VIP service and loyalty perks; avoid blanket discount
14769,2876.5018637273124,Whales,0.9969160417309391,Low latent risk,VIP service and loyalty perks; avoid blanket discount
15482,2871.4482042948207,Whales,0.997029060490223,Low latent risk,VIP service and loyalty perks; avoid blanket discount
16360,2828.2583192437646,Whales,0.995170275529205,Low latent risk,VIP service and loyalty perks; avoid blanket discount
14258,2825.2151333933207,Whales,0.9968110380866673,Low latent risk,VIP service and loyalty perks; avoid blanket discount
13536,2798.0183953084784,Whales,0.9964071363526964,Low latent risk,VIP service and loyalty perks; avoid blanket discount
17728,2796.3023409429443,Whales,0.9899583876764773,Low latent risk,VIP service and loyalty perks; avoid blanket discount
14895,2784.8457719180687,Whales,0.9982993709935384,Low latent risk,VIP service and loyalty perks; avoid blanket discount
14367,2755.1740365235923,Whales,0.997916248072671,Low latent risk,VIP service and loyalty perks; avoid blanket discount
12971,2752.6326177976625,Whales,0.9995313336510541,Low latent risk,VIP service and loyalty perks; avoid blanket discount
16843,2711.9445574958336,Whales,0.990976051036784,Low latent risk,VIP service and loyalty perks; avoid blanket discount
17528,2700.9617369210973,Whales,0.996847026515532,Low latent risk,VIP service and loyalty perks; avoid blanket discount
17706,2671.7577513537017,Whales,0.9984435653215037,Low latent risk,VIP service and loyalty perks; avoid blanket discount
16779,2647.9751208932407,Whales,0.9988783396692932,Low latent risk,VIP service and loyalty perks; avoid blanket discount
13001,2642.401659151852,Whales,0.9979922724355478,Low latent risk,VIP service and loyalty perks; avoid blanket discount
17139,2632.664972806254,Whales,0.9967371794521301,Low latent risk,VIP service and loyalty perks; avoid blanket discount
17581,2624.7737849297487,Whales,0.9991092571680728,Low latent risk,VIP service and loyalty perks; avoid blanket discount
15125,2618.585454006872,Whales,0.9950353139640808,Low latent risk,VIP service and loyalty perks; avoid blanket discount
13319,2616.1329139219333,Whales,0.9988361059478824,Low latent risk,VIP service and loyalty perks; avoid blanket discount
15502,2608.985568927525,Whales,0.997070186307449,Low latent risk,VIP service and loyalty perks; avoid blanket discount
17340,2607.9044890255404,Whales,0.9954480744411751,Low latent risk,VIP service and loyalty perks; avoid blanket discount
16523,2556.1954030254324,Whales,0.9988628190458101,Low latent risk,VIP service and loyalty perks; avoid blanket discount
14062,2556.184126198311,Whales,0.997517640118839,Low latent risk,VIP service and loyalty perks; avoid blanket discount
13340,2546.9230053030933,Whales,0.9907578146339272,Low latent risk,VIP service and loyalty perks; avoid blanket discount
17865,2537.5544061561486,Whales,0.9950829064441905,Low latent risk,VIP service and loyalty perks; avoid blanket discount
12435,2534.447796692018,Whales,0.9729163518372386,Low latent risk,VIP service and loyalty perks; avoid blanket discount
14554,2522.3383848391923,Whales,0.9904779178975515,Low latent risk,VIP service and loyalty perks; avoid blanket discount
12830,2496.147063625118,Whales,0.9884667776921434,Low latent risk,VIP service and loyalty perks; avoid blanket discount
15444,2476.311563041484,Whales,0.9801242225868247,Low latent risk,VIP service and loyalty perks; avoid blanket discount
12882,2465.145258038406,Whales,0.9798024242938276,Low latent risk,VIP service and loyalty perks; avoid blanket discount
15615,2451.2618120424095,Whales,0.9983084400303677,Low latent risk,VIP service and loyalty perks; avoid blanket discount
16729,2429.0981716213064,Whales,0.9812152085355401,Low latent risk,VIP service and loyalty perks; avoid blanket discount
14056,2427.712786605074,Whales,0.9989645669561795,Low latent risk,VIP service and loyalty perks; avoid blanket discount
17203,2427.1511821861413,Whales,0.9650337218336436,Low latent risk,VIP service and loyalty perks; avoid blanket discount
12709,2417.3819471873753,Whales,0.9974199173996404,Low latent risk,VIP service and loyalty perks; avoid blanket discount
15993,2377.8065470214106,Whales,0.9937507796101943,Low latent risk,VIP service and loyalty perks; avoid blanket discount
13199,2371.921793732525,Whales,0.9992380485647417,Low latent risk,VIP service and loyalty perks; avoid blanket discount
16672,2370.5957321363994,Whales,0.9987428719325855,Low latent risk,VIP service and loyalty perks; avoid blanket discount
15078,2356.988884459217,Whales,0.9988321394333268,Low latent risk,VIP service and loyalty perks; avoid blanket discount
17183,2345.479831993896,Whales,0.9946688522364402,Low latent risk,VIP service and loyalty perks; avoid blanket discount
14936,2334.248043548449,Whales,0.9932462715153829,Low latent risk,VIP service and loyalty perks; avoid blanket discount
13985,2322.632988359549,Whales,0.9981902148336811,Low latent risk,VIP service and loyalty perks; avoid blanket discount
12627,2295.5442393402004,Whales,0.9950678641536842,Low latent risk,VIP service and loyalty perks; avoid blanket discount
13090,2282.174065158536,Whales,0.9978873639555749,Low latent risk,VIP service and loyalty perks; avoid blanket discount
13458,2277.3835639300646,Whales,0.9979488922836693,Low latent risk,VIP service and loyalty perks; avoid blanket discount
13969,2276.6648207151197,Whales,0.998318751659868,Low latent risk,VIP service and loyalty perks; avoid blanket discount
16182,2247.279195895326,Whales,0.9844518602528514,Low latent risk,VIP service and loyalty perks; avoid blanket discount
17306,2228.3650768629536,Whales,0.9981092547122388,Low latent risk,VIP service and loyalty perks; avoid blanket discount
12438,2223.247237971595,Whales,0.980983131947332,Low latent risk,VIP service and loyalty perks; avoid blanket discount
16033,2220.142557082944,Whales,0.9985811996098077,Low latent risk,VIP service and loyalty perks; avoid blanket discount
14667,2214.662138103248,Whales,0.9983783187203891,Low latent risk,VIP service and loyalty perks; avoid blanket discount
18172,2193.5594086321325,Whales,0.9974241664094461,Low latent risk,VIP service and loyalty perks; avoid blanket discount
16187,2190.871161320404,Whales,0.993665435139511,Low latent risk,VIP service and loyalty perks; avoid blanket discount
12683,2182.240129297017,Whales,0.998266446939206,Low latent risk,VIP service and loyalty perks; avoid blanket discount
16656,2166.732701121255,Whales,0.9966424439732269,Low latent risk,VIP service and loyalty perks; avoid blanket discount
13018,2136.3466860765284,Whales,0.9970672159385194,Low latent risk,VIP service and loyalty perks; avoid blanket discount
13471,2132.966028123515,Whales,0.9932126977245009,Low latent risk,VIP service and loyalty perks; avoid blanket discount
12567,2126.512149984299,Whales,0.9960735079207582,Low latent risk,VIP service and loyalty perks; avoid blanket discount
17243,2110.23577514545,Whales,0.9990928562685314,Low latent risk,VIP service and loyalty perks; avoid blanket discount
17173,2106.111283058323,Whales,0.9963378497693326,Low latent risk,VIP service and loyalty perks; avoid blanket discount
16126,2095.690561001633,Whales,0.9909516279300722,Low latent risk,VIP service and loyalty perks; avoid blanket discount
14216,2095.216294575027,Whales,0.9925635843902297,Low latent risk,VIP service and loyalty perks; avoid blanket discount
17811,2085.1536808129995,Whales,0.9991567034283119,Low latent risk,VIP service and loyalty perks; avoid blanket discount
12474,2077.8195361029134,Whales,0.997200648834881,Low latent risk,VIP service and loyalty perks; avoid blanket discount
14733,2070.5436987582143,Whales,0.9969885052249813,Low latent risk,VIP service and loyalty perks; avoid blanket discount
12451,2066.8635435425385,Whales,0.9942705185414042,Low latent risk,VIP service and loyalty perks; avoid blanket discount
12428,2060.405493994445,Whales,0.9948468088933328,Low latent risk,VIP service and loyalty perks; avoid blanket discount
13629,2059.227158279159,Whales,0.995971887263503,Low latent risk,VIP service and loyalty perks; avoid blanket discount
13263,2057.616815733566,Whales,0.9993117063964003,Low latent risk,VIP service and loyalty perks; avoid blanket discount
14527,2054.9427632232237,Whales,0.9994815703819451,Low latent risk,VIP service and loyalty perks; avoid blanket discount
18092,2051.1002624208145,Whales,0.997789926622381,Low latent risk,VIP service and loyalty perks; avoid blanket discount
15290,2048.8313622466403,Whales,0.998509842317937,Low latent risk,VIP service and loyalty perks; avoid blanket discount
15249,2042.8859121142038,Whales,0.9931984752198902,Low latent risk,VIP service and loyalty perks; avoid blanket discount
15484,2037.7347769359562,Whales,0.9932617952712661,Low latent risk,VIP service and loyalty perks; avoid blanket discount
12359,2028.3615417137862,Whales,0.9880807535957853,Low latent risk,VIP service and loyalty perks; avoid blanket discount
15358,2024.793609679853,Whales,0.9987376636257397,Low latent risk,VIP service and loyalty perks; avoid blanket discount
17017,2023.5983819919438,Whales,0.9987620898134814,Low latent risk,VIP service and loyalty perks; avoid blanket discount
16558,2015.5270356171818,Whales,0.9988741946298518,Low latent risk,VIP service and loyalty perks; avoid blanket discount
13488,2012.631150408753,Whales,0.9970278178030716,Low latent risk,VIP service and loyalty perks; avoid blanket discount
13854,2008.2177320778874,Whales,0.9985488421570793,Low latent risk,VIP service and loyalty perks; avoid blanket discount
14952,1993.3632546002718,Whales,0.9891780109177802,Low latent risk,VIP service and loyalty perks; avoid blanket discount
18109,1968.9011773041245,Whales,0.9990885882597911,Low latent risk,VIP service and loyalty perks; avoid blanket discount
13521,1966.4075568022797,Whales,0.9901585157754679,Low latent risk,VIP service and loyalty perks; avoid blanket discount
15113,1966.3602862588696,Whales,0.9879240441875836,Low latent risk,VIP service and loyalty perks; avoid blanket discount
16041,1962.3395846035914,Whales,0.985090300836184,Low latent risk,VIP service and loyalty perks; avoid blanket discount
12700,1951.2150420105688,Whales,0.9927458470765052,Low latent risk,VIP service and loyalty perks; avoid blanket discount
17084,1948.1667851169054,Whales,0.9597542602276856,Low latent risk,VIP service and loyalty perks; avoid blanket discount
16258,1943.536531244593,Whales,0.9881628477565184,Low latent risk,VIP service and loyalty perks; avoid blanket discount
16609,1929.7910724874218,Whales,0.9951770546080756,Low latent risk,VIP service and loyalty perks; avoid blanket discount
12685,1928.2304916832857,Whales,0.9860603805409893,Low latent risk,VIP service and loyalty perks; avoid blanket discount
14849,1925.8771183082488,Whales,0.9968655140246316,Low latent risk,VIP service and loyalty perks; avoid blanket discount
14796,1910.5505976447823,Whales,0.9986253314953277,Low latent risk,VIP service and loyalty perks; avoid blanket discount
17396,1909.0437794775455,Whales,0.9937589349890356,Low latent risk,VIP service and loyalty perks; avoid blanket discount
16532,1895.6817598222112,Whales,0.989360200336748,Low latent risk,VIP service and loyalty perks; avoid blanket discount
13685,1895.4675938439611,Whales,0.9961075155224967,Low latent risk,VIP service and loyalty perks; avoid blanket discount
15194,1891.8060194587447,Whales,0.9983249506627244,Low latent risk,VIP service and loyalty perks; avoid blanket discount
14251,1887.8847338222138,Whales,0.9946977193270943,Low latent risk,VIP service and loyalty perks; avoid blanket discount
12856,1885.3863358677365,Whales,0.9941097760812312,Low latent risk,VIP service and loyalty perks; avoid blanket discount
16652,1882.2327892808028,Whales,0.9871258234977965,Low latent risk,VIP service and loyalty perks; avoid blanket discount
15144,1861.8379952796774,Whales,0.9980837387291189,Low latent risk,VIP service and loyalty perks; avoid blanket discount
16745,1860.8545107849282,Whales,0.8891073303641034,Low latent risk,VIP service and loyalty perks; avoid blanket discount
17590,1858.7745848792883,Whales,0.9899892348442921,Low latent risk,VIP service and loyalty perks; avoid blanket discount
12476,1857.53205473267,Whales,0.9968761091647077,Low latent risk,VIP service and loyalty perks; avoid blanket discount
12912,1855.220322705941,Whales,0.9943606156401757,Low latent risk,VIP service and loyalty perks; avoid blanket discount
15152,1854.3383592613359,Whales,0.9971272359509131,Low latent risk,VIP service and loyalty perks; avoid blanket discount
14191,1852.7116874903795,Whales,0.9981446814821128,Low latent risk,VIP service and loyalty perks; avoid blanket discount
14944,1849.0945039824176,Whales,0.9946590039791748,Low latent risk,VIP service and loyalty perks; avoid blanket discount
13871,1833.2569801874763,Whales,0.9960635040934682,Low latent risk,VIP service and loyalty perks; avoid blanket discount
13704,1822.2547847235571,Whales,0.9964355085061348,Low latent risk,VIP service and loyalty perks; avoid blanket discount
12783,1815.784119139721,Whales,0.9955516575209705,Low latent risk,VIP service and loyalty perks; avoid blanket discount
12449,1813.3936402182042,Whales,0.9906087667574413,Low latent risk,VIP service and loyalty perks; avoid blanket discount
13316,1812.5722250345505,Whales,0.9894203134797441,Low latent risk,VIP service and loyalty perks; avoid blanket discount
15044,1806.5202414173466,Whales,0.9970890798043944,Low latent risk,VIP service and loyalty perks; avoid blanket discount
15187,1804.8156290253417,Whales,0.998496084221322,Low latent risk,VIP service and loyalty perks; avoid blanket discount
16303,1798.383334182191,Whales,0.9886895340539621,Low latent risk,VIP service and loyalty perks; avoid blanket discount
13324,1782.560626368705,Whales,0.9943678932104792,Low latent risk,VIP service and loyalty perks; avoid blanket discount
12444,1781.5557209011945,Whales,0.9919721453147093,Low latent risk,VIP service and loyalty perks; avoid blanket discount
12989,1780.26031893524,Whales,0.9983240667540323,Low latent risk,VIP service and loyalty perks; avoid blanket discount
13139,1779.6728747357397,Whales,0.9951060827439314,Low latent risk,VIP service and loyalty perks; avoid blanket discount
17651,1778.6178672960598,Whales,0.9962235386017735,Low latent risk,VIP service and loyalty perks; avoid blanket discount
13709,1774.6517433300735,Whales,0.9980410894470101,Low latent risk,VIP service and loyalty perks; avoid blanket discount
15814,1773.2576448120913,Whales,0.9874819641752711,Low latent risk,VIP service and loyalty perks; avoid blanket discount
18229,1768.507966957957,Whales,0.9981075521993931,Low latent risk,VIP service and loyalty perks; avoid blanket discount
15465,1762.6592758903982,Whales,0.997150395331904,Low latent risk,VIP service and loyalty perks; avoid blanket discount
17716,1759.6091547093918,Whales,0.9954732685393419,Low latent risk,VIP service and loyalty perks; avoid blanket discount
16379,1744.3073643578011,Whales,0.9926495153302944,Low latent risk,VIP service and loyalty perks; avoid blanket discount
15382,1737.953437027672,Whales,0.9948253963128166,Low latent risk,VIP service and loyalty perks; avoid blanket discount
17086,1735.812967397188,Whales,0.9941503612253314,Low latent risk,VIP service and loyalty perks; avoid blanket discount
14904,1732.1708717717395,Whales,0.9825071423501915,Low latent risk,VIP service and loyalty perks; avoid blanket discount
14432,1729.3585897906569,Whales,0.99398007710051,Low latent risk,VIP service and loyalty perks; avoid blanket discount
14456,1719.039015558733,Whales,0.9967312470490037,Low latent risk,VIP service and loyalty perks; avoid blanket discount
17719,1712.409110998093,Whales,0.989932877747926,Low latent risk,VIP service and loyalty perks; avoid blanket discount
18055,1711.4770614346903,Whales,0.9972664304774089,Low latent risk,VIP service and loyalty perks; avoid blanket discount
16713,1710.266567541962,Whales,0.9971058544741299,Low latent risk,VIP service and loyalty perks; avoid blanket discount
16923,1710.1538890329582,Whales,0.997949634302769,Low latent risk,VIP service and loyalty perks; avoid blanket discount
14418,1706.9895020965369,Whales,0.990065950851803,Low latent risk,VIP service and loyalty perks; avoid blanket discount
17416,1704.3581093800187,Whales,0.9936645782260692,Low latent risk,VIP service and loyalty perks; avoid blanket discount
15903,1703.5428716980005,Whales,0.9958855510762462,Low latent risk,VIP service and loyalty perks; avoid blanket discount
12473,1700.592324033617,Whales,0.9908413730547169,Low latent risk,VIP service and loyalty perks; avoid blanket discount
15150,1696.1481148021285,Whales,0.9960496955570929,Low latent risk,VIP service and loyalty perks; avoid blanket discount
14961,1695.4099383325379,Whales,0.9967614629972761,Low latent risk,VIP service and loyalty perks; avoid blanket discount
16746,1692.8923048217307,Whales,0.9985117566456096,Low latent risk,VIP service and loyalty perks; avoid blanket discount
12705,1691.6955601957043,Whales,0.9963904476457978,Low latent risk,VIP service and loyalty perks; avoid blanket discount
15023,1686.342568801698,Whales,0.9977436165818327,Low latent risk,VIP service and loyalty perks; avoid blanket discount
14110,1681.1835251837506,Whales,0.9978594055930536,Low latent risk,VIP service and loyalty perks; avoid blanket discount
12626,1679.816994691113,Whales,0.9955088974472378,Low latent risk,VIP service and loyalty perks; avoid blanket discount
14101,1674.6260659777483,Whales,0.9861255423616547,Low latent risk,VIP service and loyalty perks; avoid blanket discount
14125,1672.477084403769,Whales,0.9882746725113544,Low latent risk,VIP service and loyalty perks; avoid blanket discount
17131,1672.1048725796707,Whales,0.9939078093741542,Low latent risk,VIP service and loyalty perks; avoid blanket discount
14049,1669.4347971260881,Whales,0.9922615583578611,Low latent risk,VIP service and loyalty perks; avoid blanket discount
12583,1665.2569303594446,Whales,0.9983677998667237,Low latent risk,VIP service and loyalty perks; avoid blanket discount
12766,1664.8682602745448,Whales,0.9963850863863486,Low latent risk,VIP service and loyalty perks; avoid blanket discount
17049,1664.506183376055,Whales,0.9972440508118786,Low latent risk,VIP service and loyalty perks; avoid blanket discount
13435,1662.7801785958168,Whales,0.9960530489570311,Low latent risk,VIP service and loyalty perks; avoid blanket discount
16353,1656.7825364654482,Whales,0.998857866345857,Low latent risk,VIP service and loyalty perks; avoid blanket discount
13755,1646.41625613131,Whales,0.9967058439229608,Low latent risk,VIP service and loyalty perks; avoid blanket discount
13555,1643.3662238072654,Whales,0.9769059045488319,Low latent risk,VIP service and loyalty perks; avoid blanket discount
15804,1636.2993248737898,Whales,0.9982406038611856,Low latent risk,VIP service and loyalty perks; avoid blanket discount
13576,1633.480616674869,Whales,0.9981016071746353,Low latent risk,VIP service and loyalty perks; avoid blanket discount
17434,1627.4752647108608,Whales,0.9962093702567785,Low latent risk,VIP service and loyalty perks; avoid blanket discount
15977,1624.1186960236823,Whales,0.9761606819606998,Low latent risk,VIP service and loyalty perks; avoid blanket discount
15427,1623.721187703719,Whales,0.971639593315567,Low latent risk,VIP service and loyalty perks; avoid blanket discount
17338,1618.840414482921,Whales,0.9959053464063368,Low latent risk,VIP service and loyalty perks; avoid blanket discount
18223,1615.6659597199173,Whales,0.9981298287607695,Low latent risk,VIP service and loyalty perks; avoid blanket discount
12406,1615.2437275761615,Whales,0.9802827649109169,Low latent risk,VIP service and loyalty perks; avoid blanket discount
15505,1613.0211940058643,Whales,0.9802271937251827,Low latent risk,VIP service and loyalty perks; avoid blanket discount
13027,1612.8186128693806,Whales,0.9739296634219278,Low latent risk,VIP service and loyalty perks; avoid blanket discount
15694,1611.0570543855376,Whales,0.9983672392201942,Low latent risk,VIP service and loyalty perks; avoid blanket discount
15786,1608.6907236547945,Whales,0.9773384332993337,Low latent risk,VIP service and loyalty perks; avoid blanket discount
16440,1608.5666626071093,Whales,0.9942862184093758,Low latent risk,VIP service and loyalty perks; avoid blanket discount
13668,1602.7212520896535,Whales,0.9988206465847482,Low latent risk,VIP service and loyalty perks; avoid blanket discount
17315,1601.191228606337,Whales,0.9993627898556031,Low latent risk,VIP service and loyalty perks; avoid blanket discount
13505,1593.233198433314,Whales,0.9806385523511352,Low latent risk,VIP service and loyalty perks; avoid blanket discount
17500,1589.5743267371683,Whales,0.98211114886435,Low latent risk,VIP service and loyalty perks; avoid blanket discount
12562,1587.4265161644714,Whales,0.9957468007645551,Low latent risk,VIP service and loyalty perks; avoid blanket discount
13949,1580.0489778297615,Whales,0.9955553699125159,Low latent risk,VIP service and loyalty perks; avoid blanket discount
16814,1577.37695239926,Whales,0.9978538609491915,Low latent risk,VIP service and loyalty perks; avoid blanket discount
15218,1576.7547238740299,Whales,0.9971785998016192,Low latent risk,VIP service and loyalty perks; avoid blanket discount
13102,1576.2557486489266,Whales,0.9990176709029625,Low latent risk,VIP service and loyalty perks; avoid blanket discount
17133,1574.3628048968146,Whales,0.9952450786991974,Low latent risk,VIP service and loyalty perks; avoid blanket discount
13209,1573.2720162830742,Whales,0.994702036870362,Low latent risk,VIP service and loyalty perks; avoid blanket discount
14132,1572.407579224894,Whales,0.997701208437452,Low latent risk,VIP service and loyalty perks; avoid blanket discount
13097,1571.2915819780796,Whales,0.9948836892165905,Low latent risk,VIP service and loyalty perks; avoid blanket discount
13447,1570.5575940648264,Whales,0.9782534959407542,Low latent risk,VIP service and loyalty perks; avoid blanket discount
15601,1567.4143311745304,Whales,0.9976748019956023,Low latent risk,VIP service and loyalty perks; avoid blanket discount
12431,1565.3440050956713,Whales,0.9946333710152647,Low latent risk,VIP service and loyalty perks; avoid blanket discount
14503,1564.3017662408733,Whales,0.9956005096533264,Low latent risk,VIP service and loyalty perks; avoid blanket discount
12656,1562.5059893425603,Whales,0.9932758492928967,Low latent risk,VIP service and loyalty perks; avoid blanket discount
17652,1557.5549794699027,Whales,0.9952175390964222,Low latent risk,VIP service and loyalty perks; avoid blanket discount
12362,1556.8553182876194,Whales,0.9974774976591564,Low latent risk,VIP service and loyalty perks; avoid blanket discount
15005,1553.1287815108794,Whales,0.9978117205785347,Low latent risk,VIP service and loyalty perks; avoid blanket discount
12749,1550.622646947858,Whales,0.9946753239437593,Low latent risk,VIP service and loyalty perks; avoid blanket discount
12980,1548.0858484458126,Whales,0.8474580212978005,Low latent risk,VIP service and loyalty perks; avoid blanket discount
13384,1533.400408084932,Whales,0.9911857304873865,Low latent risk,VIP service and loyalty perks; avoid blanket discount
13644,1523.5675743831782,Whales,0.9902183224779344,Low latent risk,VIP service and loyalty perks; avoid blanket discount
14292,1518.440859597962,Whales,0.9968610286110738,Low latent risk,VIP service and loyalty perks; avoid blanket discount
13225,1516.202900206644,Whales,0.9963945378178944,Low latent risk,VIP service and loyalty perks; avoid blanket discount
12955,1513.720840598239,Whales,0.9978392575154352,Low latent risk,VIP service and loyalty perks; avoid blanket discount
14735,1511.6393581993877,Whales,0.9991256050525992,Low latent risk,VIP service and loyalty perks; avoid blanket discount
13802,1491.6835968040184,Whales,0.9659755258427088,Low latent risk,VIP service and loyalty perks; avoid blanket discount
16764,1490.9496532883797,Whales,0.9978490030455418,Low latent risk,VIP service and loyalty perks; avoid blanket discount
14060,1487.2117049317073,Whales,0.9985876749462033,Low latent risk,VIP service and loyalty perks; avoid blanket discount
17350,1484.5853807322242,Whales,0.991154341104613,Low latent risk,VIP service and loyalty perks; avoid blanket discount
14422,1481.7563504806576,Whales,0.9959121039350174,Low latent risk,VIP service and loyalty perks; avoid blanket discount
14277,1479.6973648024807,Whales,0.9889656147519299,Low latent risk,VIP service and loyalty perks; avoid blanket discount
12481,1477.8262057639229,Whales,0.9960431804887145,Low latent risk,VIP service and loyalty perks; avoid blanket discount
14057,1477.8250537945557,Whales,0.9965155536231771,Low latent risk,VIP service and loyalty perks; avoid blanket discount
13534,1472.273341037319,Whales,0.9990008142664947,Low latent risk,VIP service and loyalty perks; avoid blanket discount
18225,1470.8883742471219,Whales,0.9979183057264915,Low latent risk,VIP service and loyalty perks; avoid blanket discount
17730,1468.271630111009,Whales,0.9980617573237548,Low latent risk,VIP service and loyalty perks; avoid blanket discount
16873,1461.0396720691513,Whales,0.995682572425533,Low latent risk,VIP service and loyalty perks; avoid blanket discount
14562,1452.5558478543035,Whales,0.9985419986474494,Low latent risk,VIP service and loyalty perks; avoid blanket discount
18198,1444.3290199635276,Whales,0.9984275499533654,Low latent risk,VIP service and loyalty perks; avoid blanket discount
14893,1444.0238937177498,Whales,0.9781733074117124,Low latent risk,VIP service and loyalty perks; avoid blanket discount
13050,1439.5710733592985,Whales,0.9976392033030638,Low latent risk,VIP service and loyalty perks; avoid blanket discount
15939,1437.7189063435749,Whales,0.9296222102156875,Low latent risk,VIP service and loyalty perks; avoid blanket discount
17813,1433.7309379199337,Whales,0.9911156063963996,Low latent risk,VIP service and loyalty perks; avoid blanket discount
13418,1417.4750434098075,Whales,0.9979984894995549,Low latent risk,VIP service and loyalty perks; avoid blanket discount
17809,1415.3464156784455,Whales,0.9969988383764503,Low latent risk,VIP service and loyalty perks; avoid blanket discount
13004,1410.9165133975473,Whales,0.9979673169193672,Low latent risk,VIP service and loyalty perks; avoid blanket discount
17426,1407.4591081127724,Whales,0.9953267580707574,Low latent risk,VIP service and loyalty perks; avoid blanket discount
16984,1404.8297069238772,Whales,0.9490100641879499,Low latent risk,VIP service and loyalty perks; avoid blanket discount
13988,1402.8978912236596,Whales,0.9940956342071474,Low latent risk,VIP service and loyalty perks; avoid blanket discount
17602,1395.5892961741847,Whales,0.995792691984517,Low latent risk,VIP service and loyalty perks; avoid blanket discount
12472,1395.5392908159079,Whales,0.9941650922241722,Low latent risk,VIP service and loyalty perks; avoid blanket discount
16079,1394.579196095741,Whales,0.9841096299914077,Low latent risk,VIP service and loyalty perks; avoid blanket discount
17686,1394.4976776175693,Whales,0.9960808668364115,Low latent risk,VIP service and loyalty perks; avoid blanket discount
12597,1393.4263402196675,Whales,0.9917651825803756,Low latent risk,VIP service and loyalty perks; avoid blanket discount
16161,1389.7731804619016,Whales,0.9987629267926368,Low latent risk,VIP service and loyalty perks; avoid blanket discount
18226,1387.398712445262,Whales,0.9924123563065903,Low latent risk,VIP service and loyalty perks; avoid blanket discount
12637,1383.2378950287732,Whales,0.9865317615819676,Low latent risk,VIP service and loyalty perks; avoid blanket discount
13895,1379.2482521428603,Whales,0.9890466741825567,Low latent risk,VIP service and loyalty perks; avoid blanket discount
12714,1374.157560108146,Whales,0.9943086469455593,Low latent risk,VIP service and loyalty perks; avoid blanket discount
17757,1373.4509347321077,Whales,0.9992145770337798,Low latent risk,VIP service and loyalty perks; avoid blanket discount
12839,1371.3991632214645,Whales,0.998262839651433,Low latent risk,VIP service and loyalty perks; avoid blanket discount
13178,1371.0258258318536,Whales,0.9957917772373043,Low latent risk,VIP service and loyalty perks; avoid blanket discount
16253,1361.0818977259826,Whales,0.9747764629027337,Low latent risk,VIP service and loyalty perks; avoid blanket discount
14505,1360.2851259473036,Whales,0.9959126991870877,Low latent risk,VIP service and loyalty perks; avoid blanket discount
12490,1360.2643141513283,Whales,0.997364562345973,Low latent risk,VIP service and loyalty perks; avoid blanket discount
12518,1358.8747639198805,Whales,0.9949489841098554,Low latent risk,VIP service and loyalty perks; avoid blanket discount
12720,1355.2369024195561,Whales,0.9989869786621287,Low latent risk,VIP service and loyalty perks; avoid blanket discount
15621,1354.8980122097976,Whales,0.9919065923041925,Low latent risk,VIP service and loyalty perks; avoid blanket discount
12539,1354.0639046100591,Whales,0.9918388852674819,Low latent risk,VIP service and loyalty perks; avoid blanket discount
14415,1351.7038427930736,Whales,0.9981907073706254,Low latent risk,VIP service and loyalty perks; avoid blanket discount
16107,1351.480029851826,Whales,0.9942796397794209,Low latent risk,VIP service and loyalty perks; avoid blanket discount
13468,1348.6742825628492,Whales,0.9993453581360386,Low latent risk,VIP service and loyalty perks; avoid blanket discount
12397,1347.856605576671,Whales,0.97618059774287,Low latent risk,VIP service and loyalty perks; avoid blanket discount
15805,1342.3371724594194,Whales,0.9965861518486115,Low latent risk,VIP service and loyalty perks; avoid blanket discount
15874,1340.8798806155016,Whales,0.9861844505481596,Low latent risk,VIP service and loyalty perks; avoid blanket discount
12906,1339.7397750798978,Whales,0.9923020140198778,Low latent risk,VIP service and loyalty perks; avoid blanket discount
14286,1337.4638634416058,Whales,0.9882390701740098,Low latent risk,VIP service and loyalty perks; avoid blanket discount
17061,1335.722845952718,Whales,0.9505930974891544,Low latent risk,VIP service and loyalty perks; avoid blanket discount
16265,1327.1077051879795,Whales,0.9968566793229928,Low latent risk,VIP service and loyalty perks; avoid blanket discount
16701,1325.7075857442042,Whales,0.9977394165373961,Low latent risk,VIP service and loyalty perks; avoid blanket discount
15009,1324.782328372044,Whales,0.9849993742035961,Low latent risk,VIP service and loyalty perks; avoid blanket discount
12569,1323.2966068523924,Whales,0.9991610087498671,Low latent risk,VIP service and loyalty perks; avoid blanket discount
14755,1321.4125696004664,Whales,0.99729029568822,Low latent risk,VIP service and loyalty perks; avoid blanket discount
16191,1318.1384307149572,Whales,0.9981259430013075,Low latent risk,VIP service and loyalty perks; avoid blanket discount
16169,1314.7646307701027,Whales,0.9916598634178979,Low latent risk,VIP service and loyalty perks; avoid blanket discount
18118,1312.5122808521382,Whales,0.9984067556829025,Low latent risk,VIP service and loyalty perks; avoid blanket discount
17566,1311.2292043569464,Whales,0.9799493170273116,Low latent risk,VIP service and loyalty perks; avoid blanket discount
15719,1310.6871998594256,Whales,0.9947547290569921,Low latent risk,VIP service and loyalty perks; avoid blanket discount
16201,1310.5484676211854,Whales,0.9929814993004693,Low latent risk,VIP service and loyalty perks; avoid blanket discount
14145,1307.7285890818605,Whales,0.9868396681007293,Low latent risk,VIP service and loyalty perks; avoid blanket discount
13269,1306.6588183848266,Whales,0.9984385425351721,Low latent risk,VIP service and loyalty perks; avoid blanket discount
14688,1306.5805811816178,Whales,0.9984953383001322,Low latent risk,VIP service and loyalty perks; avoid blanket discount
17858,1304.720543004096,Whales,0.9977956833573496,Low latent risk,VIP service and loyalty perks; avoid blanket discount
16688,1302.5677647732296,Whales,0.9932363195310879,Low latent risk,VIP service and loyalty perks; avoid blanket discount
12664,1299.0687861855536,Whales,0.9968657807392843,Low latent risk,VIP service and loyalty perks; avoid blanket discount
12437,1297.8535960394777,Whales,0.9986875680617707,Low latent risk,VIP service and loyalty perks; avoid blanket discount
12619,1294.9824284811928,Whales,0.9958382570376455,Low latent risk,VIP service and loyalty perks; avoid blanket discount
12646,1294.3423826927228,Whales,0.9820454107608136,Low latent risk,VIP service and loyalty perks; avoid blanket discount
15473,1293.9857142573524,Whales,0.9915794643632942,Low latent risk,VIP service and loyalty perks; avoid blanket discount
15046,1293.2804924303603,Whales,0.9978763960462234,Low latent risk,VIP service and loyalty perks; avoid blanket discount
12985,1292.0693998204345,Whales,0.9832485810959728,Low latent risk,VIP service and loyalty perks; avoid blanket discount
14004,1283.2929081075124,Whales,0.9915056887294929,Low latent risk,VIP service and loyalty perks; avoid blanket discount
13266,1282.1332702155996,Whales,0.9970753211545192,Low latent risk,VIP service and loyalty perks; avoid blanket discount
14005,1278.4280791868014,Whales,0.9940802515985757,Low latent risk,VIP service and loyalty perks; avoid blanket discount
12630,1269.741833035166,Whales,0.9801361429521781,Low latent risk,VIP service and loyalty perks; avoid blanket discount
16759,1268.3530871171556,Whales,0.9879653467662601,Low latent risk,VIP service and loyalty perks; avoid blanket discount
17386,1267.6370823962734,Whales,0.995064434396034,Low latent risk,VIP service and loyalty perks; avoid blanket discount
13599,1267.5709428652813,Whales,0.9988883425236618,Low latent risk,VIP service and loyalty perks; avoid blanket discount
12876,1265.7947880027907,Whales,0.9739601928219933,Low latent risk,VIP service and loyalty perks; avoid blanket discount
16700,1262.1100261743313,Whales,0.997745535938571,Low latent risk,VIP service and loyalty perks; avoid blanket discount
17788,1260.872413784825,Whales,0.9599017606798796,Low latent risk,VIP service and loyalty perks; avoid blanket discount
12524,1258.5227530251047,Whales,0.9964505548676365,Low latent risk,VIP service and loyalty perks; avoid blanket discount
16985,1257.0820529995833,Whales,0.9964917243300697,Low latent risk,VIP service and loyalty perks; avoid blanket discount
14709,1249.6213332214813,Whales,0.9971843518401339,Low latent risk,VIP service and loyalty perks; avoid blanket discount
16626,1243.6191536071622,Whales,0.9986708209598893,Low latent risk,VIP service and loyalty perks; avoid blanket discount
15531,1239.9745425773842,Whales,0.9801550584512322,Low latent risk,VIP service and loyalty perks; avoid blanket discount
12432,1236.7323704177095,Whales,0.9865865087816968,Low latent risk,VIP service and loyalty perks; avoid blanket discount
13756,1230.3765711243213,Whales,0.9982728339176007,Low latent risk,VIP service and loyalty perks; avoid blanket discount
17365,1228.7848515670585,Whales,0.9962108321392399,Low latent risk,VIP service and loyalty perks; avoid blanket discount
16818,1224.9284085613708,Whales,0.9967703160947492,Low latent risk,VIP service and loyalty perks; avoid blanket discount
17613,1224.1467785447996,Whales,0.9960911763917029,Low latent risk,VIP service and loyalty perks; avoid blanket discount
14426,1221.3252352153604,Whales,0.9956103183230607,Low latent risk,VIP service and loyalty perks; avoid blanket discount
16242,1219.6621476223945,Whales,0.9959550403883903,Low latent risk,VIP service and loyalty perks; avoid blanket discount
13994,1214.595679727248,Whales,0.9955366164816782,Low latent risk,VIP service and loyalty perks; avoid blanket discount
14387,1212.7499472335148,Whales,0.9827978909551772,Low latent risk,VIP service and loyalty perks; avoid blanket discount
16790,1210.6335972046836,Whales,0.9950077151677408,Low latent risk,VIP service and loyalty perks; avoid blanket discount
14159,1208.8560928862905,Whales,0.9965233839352005,Low latent risk,VIP service and loyalty perks; avoid blanket discount
17160,1208.5927378885092,Whales,0.9922705206008708,Low latent risk,VIP service and loyalty perks; avoid blanket discount
12380,1206.3881759471028,Whales,0.9907276784391744,Low latent risk,VIP service and loyalty perks; avoid blanket discount
13941,1204.2898716677598,Whales,0.993594891782984,Low latent risk,VIP service and loyalty perks; avoid blanket discount
14390,1200.1498712057771,Whales,0.996793194987208,Low latent risk,VIP service and loyalty perks; avoid blanket discount
13365,1199.2480514787621,Whales,0.9791176570697157,Low latent risk,VIP service and loyalty perks; avoid blanket discount
15555,1197.8576146153341,Whales,0.9977839361319425,Low latent risk,VIP service and loyalty perks; avoid blanket discount
17364,1191.8784540350073,Whales,0.9978907138000872,Low latent risk,VIP service and loyalty perks; avoid blanket discount
14534,1190.9401906710707,Whales,0.9986224141117037,Low latent risk,VIP service and loyalty perks; avoid blanket discount
17768,1188.6251500541762,Whales,0.9895697946036432,Low latent risk,VIP service and loyalty perks; avoid blanket discount
16592,1183.5361406629522,Whales,0.9982993463910467,Low latent risk,VIP service and loyalty perks; avoid blanket discount
13810,1183.4357598742786,Whales,0.9785344080768891,Low latent risk,VIP service and loyalty perks; avoid blanket discount
14102,1180.690019248084,Whales,0.993543432215992,Low latent risk,VIP service and loyalty perks; avoid blanket discount
15298,1179.9419121794965,Whales,0.9979858187918303,Low latent risk,VIP service and loyalty perks; avoid blanket discount
17672,1172.4204528826097,Whales,0.97847863203846,Low latent risk,VIP service and loyalty perks; avoid blanket discount
13015,1167.505134412868,Whales,0.9874756430271843,Low latent risk,VIP service and loyalty perks; avoid blanket discount
17723,1160.8071427934092,Whales,0.8538262349610047,Low latent risk,VIP service and loyalty perks; avoid blanket discount
15156,1160.2700019149124,Whales,0.9903349958445469,Low latent risk,VIP service and loyalty perks; avoid blanket discount
15301,1159.7453242263587,Whales,0.9915248655480501,Low latent risk,VIP service and loyalty perks; avoid blanket discount
15738,1159.099260413619,Whales,0.9971824039031132,Low latent risk,VIP service and loyalty perks; avoid blanket discount
14175,1158.4553538676937,Whales,0.9851497765733374,Low latent risk,VIP service and loyalty perks; avoid blanket discount
15398,1158.148905364626,Whales,0.9791229926671045,Low latent risk,VIP service and loyalty perks; avoid blanket discount
15676,1157.1257842913,Whales,0.9890538077482475,Low latent risk,VIP service and loyalty perks; avoid blanket discount
16549,1154.828451777183,Whales,0.9970046297008165,Low latent risk,VIP service and loyalty perks; avoid blanket discount
17669,1152.586303125578,Whales,0.9905427747476955,Low latent risk,VIP service and loyalty perks; avoid blanket discount
14180,1151.8008640387263,Whales,0.9983853435520765,Low latent risk,VIP service and loyalty perks; avoid blanket discount
17690,1150.4520772110498,Whales,0.9955698741042258,Low latent risk,VIP service and loyalty perks; avoid blanket discount
14016,1148.3805510826594,Whales,0.9588548734468485,Low latent risk,VIP service and loyalty perks; avoid blanket discount
15093,1146.4395092668983,Whales,0.9947680489633769,Low latent risk,VIP service and loyalty perks; avoid blanket discount
12500,1144.5056035215482,Whales,0.9959521176190517,Low latent risk,VIP service and loyalty perks; avoid blanket discount
13924,1144.4823803402628,Whales,0.9956945231360174,Low latent risk,VIP service and loyalty perks; avoid blanket discount
16837,1141.8759145496522,Whales,0.993170119708674,Low latent risk,VIP service and loyalty perks; avoid blanket discount
16910,1140.7142669354223,Whales,0.9963051022964315,Low latent risk,VIP service and loyalty perks; avoid blanket discount
14189,1139.519483897297,Whales,0.9983848926169054,Low latent risk,VIP service and loyalty perks; avoid blanket discount
16767,1134.1628742119838,Whales,0.9947501893928475,Low latent risk,VIP service and loyalty perks; avoid blanket discount
16295,1132.964450916559,Whales,0.9910655082416332,Low latent risk,VIP service and loyalty perks; avoid blanket discount
16931,1131.6062561640229,Whales,0.9986362722925237,Low latent risk,VIP service and loyalty perks; avoid blanket discount
14364,1129.9144350639447,Whales,0.8460466699462982,Low latent risk,VIP service and loyalty perks; avoid blanket discount
17068,1129.5623442416675,High Value,0.9980574053126315,Low latent risk,VIP service and loyalty perks; avoid blanket discount
14285,1128.2644763008427,High Value,0.9906153244546254,Low latent risk,VIP service and loyalty perks; avoid blanket discount
15105,1125.848379837502,High Value,0.9932284773855624,Low latent risk,VIP service and loyalty perks; avoid blanket discount
16722,1125.2795743234706,High Value,0.9970268682170254,Low latent risk,VIP service and loyalty perks; avoid blanket discount
13381,1123.314333248949,High Value,0.9930596937716154,Low latent risk,VIP service and loyalty perks; avoid blanket discount
15291,1122.6957949365685,High Value,0.9962965830667087,Low latent risk,VIP service and loyalty perks; avoid blanket discount
16712,1115.7411355413512,High Value,0.9971724176751002,Low latent risk,VIP service and loyalty perks; avoid blanket discount
12456,1114.340796736095,High Value,0.9856739548315279,Low latent risk,VIP service and loyalty perks; avoid blanket discount
15410,1111.3593136399797,High Value,0.9676094948692899,Low latent risk,VIP service and loyalty perks; avoid blanket discount
12668,1111.3558486577267,High Value,0.9927286045569994,Low latent risk,VIP service and loyalty perks; avoid blanket discount
12727,1109.9686705816491,High Value,0.9958714193746275,Low latent risk,VIP service and loyalty perks; avoid blanket discount
17975,1109.1727739982398,High Value,0.9972022131000934,Low latent risk,VIP service and loyalty perks; avoid blanket discount
12712,1108.3313435939021,High Value,0.9957700196229541,Low latent risk,VIP service and loyalty perks; avoid blanket discount
15547,1107.8237881111563,High Value,0.9979447670535704,Low latent risk,VIP service and loyalty perks; avoid blanket discount
15478,1105.6670589639552,High Value,0.9632899902596371,Low latent risk,VIP service and loyalty perks; avoid blanket discount
13815,1103.22208877653,High Value,0.991766368009678,Low latent risk,VIP service and loyalty perks; avoid blanket discount
13137,1102.0293397540183,High Value,0.9963135459197268,Low latent risk,VIP service and loyalty perks; avoid blanket discount
17769,1097.1918070389122,High Value,0.9967946694198287,Low latent risk,VIP service and loyalty perks; avoid blanket discount
17725,1096.286649273618,High Value,0.9963692244917094,Low latent risk,VIP service and loyalty perks; avoid blanket discount
13882,1095.4865777525836,High Value,0.9945158374724477,Low latent risk,VIP service and loyalty perks; avoid blanket discount
16513,1093.99845261549,High Value,0.9922520577385282,Low latent risk,VIP service and loyalty perks; avoid blanket discount
14135,1092.9359567248407,High Value,0.9984315204465645,Low latent risk,VIP service and loyalty perks; avoid blanket discount
17758,1091.187877735666,High Value,0.9951130425020992,Low latent risk,VIP service and loyalty perks; avoid blanket discount
13267,1090.5202605280829,High Value,0.9987033183887184,Low latent risk,VIP service and loyalty perks; avoid blanket discount
17397,1089.6496966329307,High Value,0.9693687669819999,Low latent risk,VIP service and loyalty perks; avoid blanket discount
14493,1088.4724339429206,High Value,0.9940949602012765,Low latent risk,VIP service and loyalty perks; avoid blanket discount
13726,1088.235905860779,High Value,0.9726931634298394,Low latent risk,VIP service and loyalty perks; avoid blanket discount
17387,1087.2451793055927,High Value,0.9741447241743034,Low latent risk,VIP service and loyalty perks; avoid blanket discount
12754,1084.4779586767145,High Value,0.8525436883208809,Low latent risk,VIP service and loyalty perks; avoid blanket discount
12502,1077.2573464412328,High Value,0.9789148602987096,Low latent risk,VIP service and loyalty perks; avoid blanket discount
13373,1077.2456506247356,High Value,0.9837203868642461,Low latent risk,VIP service and loyalty perks; avoid blanket discount
12957,1076.948746080476,High Value,0.9964435590863885,Low latent risk,VIP service and loyalty perks; avoid blanket discount
16945,1076.8815241717323,High Value,0.9968247188695347,Low latent risk,VIP service and loyalty perks; avoid blanket discount
15622,1074.329131014633,High Value,0.9913777464714533,Low latent risk,VIP service and loyalty perks; avoid blanket discount
14329,1071.0292763729803,High Value,0.9953432311758619,Low latent risk,VIP service and loyalty perks; avoid blanket discount
13851,1068.5523175166102,High Value,0.9772032581897214,Low latent risk,VIP service and loyalty perks; avoid blanket discount
14085,1068.0123432000998,High Value,0.9986418589292239,Low latent risk,VIP service and loyalty perks; avoid blanket discount
16401,1066.8832103338384,High Value,0.9980395914179928,Low latent risk,VIP service and loyalty perks; avoid blanket discount
12484,1066.3485911288428,High Value,0.9933173638571731,Low latent risk,VIP service and loyalty perks; avoid blanket discount
12657,1065.2199072489993,High Value,0.9909053208861691,Low latent risk,VIP service and loyalty perks; avoid blanket discount
14126,1063.8132288102413,High Value,0.9868577431761286,Low latent risk,VIP service and loyalty perks; avoid blanket discount
12704,1061.692872333531,High Value,0.9962002587149021,Low latent risk,VIP service and loyalty perks; avoid blanket discount
14844,1060.8965056435484,High Value,0.9838955987984842,Low latent risk,VIP service and loyalty perks; avoid blanket discount
15971,1059.7956453564127,High Value,0.9966387014510556,Low latent risk,VIP service and loyalty perks; avoid blanket discount
14808,1058.7549027162902,High Value,0.9870102180376893,Low latent risk,VIP service and loyalty perks; avoid blanket discount
15782,1057.8023604727302,High Value,0.9886995020069057,Low latent risk,VIP service and loyalty perks; avoid blanket discount
12670,1057.1047787170237,High Value,0.9940485268481656,Low latent risk,VIP service and loyalty perks; avoid blanket discount
15727,1055.5407687867505,High Value,0.9955142919431975,Low latent risk,VIP service and loyalty perks; avoid blanket discount
12867,1053.4854927787792,High Value,0.994688397543421,Low latent risk,VIP service and loyalty perks; avoid blanket discount
17567,1051.6215001063333,High Value,0.9966373748404068,Low latent risk,VIP service and loyalty perks; avoid blanket discount
15416,1050.2203548580205,High Value,0.9855571422865255,Low latent risk,VIP service and loyalty perks; avoid blanket discount
13069,1049.482962865034,High Value,0.9990629291392013,Low latent risk,VIP service and loyalty perks; avoid blanket discount
14525,1046.523948211001,High Value,0.996064412907187,Low latent risk,VIP service and loyalty perks; avoid blanket discount
14626,1045.9643515878545,High Value,0.9910182074601326,Low latent risk,VIP service and loyalty perks; avoid blanket discount
13013,1044.6454862722962,High Value,0.9981929368082653,Low latent risk,VIP service and loyalty perks; avoid blanket discount
18130,1043.5170895986125,High Value,0.9859087026772927,Low latent risk,VIP service and loyalty perks; avoid blanket discount
13814,1043.364919353233,High Value,0.948566655401459,Low latent risk,VIP service and loyalty perks; avoid blanket discount
17050,1042.845048898735,High Value,0.9749421552292492,Low latent risk,VIP service and loyalty perks; avoid blanket discount
17451,1042.7484798094079,High Value,0.9964280439287865,Low latent risk,VIP service and loyalty perks; avoid blanket discount
14434,1040.3102261267588,High Value,0.9880126682547008,Low latent risk,VIP service and loyalty perks; avoid blanket discount
16633,1040.2821400547946,High Value,0.9942053990048824,Low latent risk,VIP service and loyalty perks; avoid blanket discount
15632,1034.4853290000062,High Value,0.9957229196991586,Low latent risk,VIP service and loyalty perks; avoid blanket discount
16717,1034.3454319597126,High Value,0.9943550018862435,Low latent risk,VIP service and loyalty perks; avoid blanket discount
17419,1034.334993702904,High Value,0.9973876899637337,Low latent risk,VIP service and loyalty perks; avoid blanket discount
14092,1033.339007270019,High Value,0.9979379860857941,Low latent risk,VIP service and loyalty perks; avoid blanket discount
17444,1032.8520344719934,High Value,0.8480681640872764,Low latent risk,VIP service and loyalty perks; avoid blanket discount
13523,1032.59869350703,High Value,0.9925928394117289,Low latent risk,VIP service and loyalty perks; avoid blanket discount
14868,1030.776903680909,High Value,0.9967907918694959,Low latent risk,VIP service and loyalty perks; avoid blanket discount
16570,1030.4166875263602,High Value,0.9965106573152225,Low latent risk,VIP service and loyalty perks; avoid blanket discount
14401,1029.894535419901,High Value,0.998010314030062,Low latent risk,VIP service and loyalty perks; avoid blanket discount
12747,1029.2679396020687,High Value,0.9977940853338969,Low latent risk,VIP service and loyalty perks; avoid blanket discount
12779,1029.0112262894224,High Value,0.9939894637121127,Low latent risk,VIP service and loyalty perks; avoid blanket discount
13552,1027.2988398591276,High Value,0.9807003918558739,Low latent risk,VIP service and loyalty perks; avoid blanket discount
17593,1027.1074909262377,High Value,0.9947791483177979,Low latent risk,VIP service and loyalty perks; avoid blanket discount
14539,1026.8353670522583,High Value,0.9775697011791256,Low latent risk,VIP service and loyalty perks; avoid blanket discount
12347,1023.8601335986883,High Value,0.9964603060408153,Low latent risk,VIP service and loyalty perks; avoid blanket discount
15845,1023.7122610137783,High Value,0.9958030748001634,Low latent risk,VIP service and loyalty perks; avoid blanket discount
16940,1023.2459873267117,High Value,0.9852650142873073,Low latent risk,VIP service and loyalty perks; avoid blanket discount
12613,1021.8154550688691,High Value,0.987096547767551,Low latent risk,VIP service and loyalty perks; avoid blanket discount
16131,1020.9969623066995,High Value,0.9877316280147808,Low latent risk,VIP service and loyalty perks; avoid blanket discount
12615,1020.2475816370724,High Value,0.9932196921911844,Low latent risk,VIP service and loyalty perks; avoid blanket discount
15274,1015.7589080928773,High Value,0.9815738902198966,Low latent risk,VIP service and loyalty perks; avoid blanket discount
16670,1015.298825539874,High Value,0.9967697141938466,Low latent risk,VIP service and loyalty perks; avoid blanket discount
14535,1013.1205673329129,High Value,0.9828037987719742,Low latent risk,VIP service and loyalty perks; avoid blanket discount
18122,1012.0250193573632,High Value,0.9948536963192546,Low latent risk,VIP service and loyalty perks; avoid blanket discount
14140,1011.6299901991455,High Value,0.9821274297937655,Low latent risk,VIP service and loyalty perks; avoid blanket discount
13014,1009.1752891163686,High Value,0.9968682152814144,Low latent risk,VIP service and loyalty perks; avoid blanket discount
15981,1008.8057405314158,High Value,0.9949508546232697,Low latent risk,VIP service and loyalty perks; avoid blanket discount
12949,1008.5845422492171,High Value,0.9933771616475495,Low latent risk,VIP service and loyalty perks; avoid blanket discount
12635,1008.5066170702597,High Value,0.956558045084716,Low latent risk,VIP service and loyalty perks; avoid blanket discount
13808,1007.9595201417335,High Value,0.9940701512002622,Low latent risk,VIP service and loyalty perks; avoid blanket discount
15129,1007.5268245075824,High Value,0.9886922996728374,Low latent risk,VIP service and loyalty perks; avoid blanket discount
16416,1006.838945311572,High Value,0.9800411070747359,Low latent risk,VIP service and loyalty perks; avoid blanket discount
12572,1004.3662326293623,High Value,0.9807490588548402,Low latent risk,VIP service and loyalty perks; avoid blanket discount
15653,1004.0328451189346,High Value,0.9357579716659731,Low latent risk,VIP service and loyalty perks; avoid blanket discount
14397,1003.5581395829549,High Value,0.9986235636886273,Low latent risk,VIP service and loyalty perks; avoid blanket discount
15955,1001.9102982640024,High Value,0.9963885037261381,Low latent risk,VIP service and loyalty perks; avoid blanket discount
18272,1000.6708718019609,High Value,0.9957555916329779,Low latent risk,VIP service and loyalty perks; avoid blanket discount
14291,1000.490716729998,High Value,0.9978227107058395,Low latent risk,VIP service and loyalty perks; avoid blanket discount
14800,999.0549497864444,High Value,0.9923437169616032,Low latent risk,VIP service and loyalty perks; avoid blanket discount
15034,995.8981139096381,High Value,0.9960319649658854,Low latent risk,VIP service and loyalty perks; avoid blanket discount
18041,995.813420843076,High Value,0.9981575076384684,Low latent risk,VIP service and loyalty perks; avoid blanket discount
13183,994.2754262128742,High Value,0.9969355772787153,Low latent risk,VIP service and loyalty perks; avoid blanket discount
17611,991.7969563976044,High Value,0.998056183180205,Low latent risk,VIP service and loyalty perks; avoid blanket discount
16347,991.506965198721,High Value,0.9789776265472709,Low latent risk,VIP service and loyalty perks; avoid blanket discount
15529,988.7616539748483,High Value,0.9962441150566967,Low latent risk,VIP service and loyalty perks; avoid blanket discount
17001,988.6622719913248,High Value,0.9978928015544132,Low latent risk,VIP service and loyalty perks; avoid blanket discount
13680,987.9571074924224,High Value,0.9933757448088528,Low latent risk,VIP service and loyalty perks; avoid blanket discount
16019,983.6471669072406,High Value,0.9927591842351778,Low latent risk,VIP service and loyalty perks; avoid blanket discount
15861,981.5738388432846,High Value,0.9960261092138064,Low latent risk,VIP service and loyalty perks; avoid blanket discount
15299,978.2317512769545,High Value,0.989131748471528,Low latent risk,VIP service and loyalty perks; avoid blanket discount
17377,976.7456963034571,High Value,0.9966285720490102,Low latent risk,VIP service and loyalty perks; avoid blanket discount
14299,976.7291279028793,High Value,0.9969228017735342,Low latent risk,VIP service and loyalty perks; avoid blanket discount
16186,976.2097066452604,High Value,0.9964236998006698,Low latent risk,VIP service and loyalty perks; avoid blanket discount
13999,975.8806372952672,High Value,0.9974509618933002,Low latent risk,VIP service and loyalty perks; avoid blanket discount
13224,974.9536828712749,High Value,0.9697408832568655,Low latent risk,VIP service and loyalty perks; avoid blanket discount
17091,971.802738234757,High Value,0.9972775927075836,Low latent risk,VIP service and loyalty perks; avoid blanket discount
18180,971.4568091833352,High Value,0.9953741011729628,Low latent risk,VIP service and loyalty perks; avoid blanket discount
13136,969.4780149919898,High Value,0.9845557399414884,Low latent risk,VIP service and loyalty perks; avoid blanket discount
15867,968.3570275347374,High Value,0.9981983362261068,Low latent risk,VIP service and loyalty perks; avoid blanket discount
13437,966.8723840733326,High Value,0.9948768485144082,Low latent risk,VIP service and loyalty perks; avoid blanket discount
16308,966.7871542552978,High Value,0.9895258125806626,Low latent risk,VIP service and loyalty perks; avoid blanket discount
18242,966.559419584925,High Value,0.9788279727806658,Low latent risk,VIP service and loyalty perks; avoid blanket discount
15570,966.117393189086,High Value,0.9976752767325713,Low latent risk,VIP service and loyalty perks; avoid blanket discount
15228,964.6958601061185,High Value,0.9856497357554168,Low latent risk,VIP service and loyalty perks; avoid blanket discount
16145,959.7154903882035,High Value,0.9974006065765906,Low latent risk,VIP service and loyalty perks; avoid blanket discount
15521,958.2497741127337,High Value,0.9912778514115765,Low latent risk,VIP service and loyalty perks; avoid blanket discount
13520,955.8071945414604,High Value,0.9905156619680396,Low latent risk,VIP service and loyalty perks; avoid blanket discount
16327,954.398413821356,High Value,0.9950474143383814,Low latent risk,VIP service and loyalty perks; avoid blanket discount
13596,953.4995938206233,High Value,0.9807375515416218,Low latent risk,VIP service and loyalty perks; avoid blanket discount
12662,953.3299484200662,High Value,0.9978982642571209,Low latent risk,VIP service and loyalty perks; avoid blanket discount
14040,952.1184498137649,High Value,0.9930248198368147,Low latent risk,VIP service and loyalty perks; avoid blanket discount
18210,951.4131345651507,High Value,0.9958366956175067,Low latent risk,VIP service and loyalty perks; avoid blanket discount
14262,951.1791522803593,High Value,0.9963322653694734,Low latent risk,VIP service and loyalty perks; avoid blanket discount
16655,950.1616224507482,High Value,0.9947020942403154,Low latent risk,VIP service and loyalty perks; avoid blanket discount
13631,950.0285008770295,High Value,0.8957371684230747,Low latent risk,VIP service and loyalty perks; avoid blanket discount
12360,950.0080527265396,High Value,0.9824288224148088,Low latent risk,VIP service and loyalty perks; avoid blanket discount
17940,949.5902448371892,High Value,0.9901310128243364,Low latent risk,VIP service and loyalty perks; avoid blanket discount
14711,947.7495320726831,High Value,0.9970363517304457,Low latent risk,VIP service and loyalty perks; avoid blanket discount
12417,945.9458091286511,High Value,0.9972258331323153,Low latent risk,VIP service and loyalty perks; avoid blanket discount
14842,943.9210940285384,High Value,0.9894814567512257,Low latent risk,VIP service and loyalty perks; avoid blanket discount
13993,943.6209806364374,High Value,0.9927810653859038,Low latent risk,VIP service and loyalty perks; avoid blanket discount
17920,943.5712308185252,High Value,0.9984500258784889,Low latent risk,VIP service and loyalty perks; avoid blanket discount
15065,939.5003968444777,High Value,0.9899635270965231,Low latent risk,VIP service and loyalty perks; avoid blanket discount
12841,939.2314106282383,High Value,0.998869718005006,Low latent risk,VIP service and loyalty perks; avoid blanket discount
16678,937.7733696956516,High Value,0.9979445928041694,Low latent risk,VIP service and loyalty perks; avoid blanket discount
18096,937.5355561115318,High Value,0.9876005122488293,Low latent risk,VIP service and loyalty perks; avoid blanket discount
13040,936.5984896275384,High Value,0.9801409281981687,Low latent risk,VIP service and loyalty perks; avoid blanket discount
12910,936.5277467082353,High Value,0.9944383723007784,Low latent risk,VIP service and loyalty perks; avoid blanket discount
14852,935.4129187031123,High Value,0.9863442372298953,Low latent risk,VIP service and loyalty perks; avoid blanket discount
16164,933.4804170391168,High Value,0.9838142762554727,Low latent risk,VIP service and loyalty perks; avoid blanket discount
17490,933.0182908950263,High Value,0.9965496563053645,Low latent risk,VIP service and loyalty perks; avoid blanket discount
15974,932.5366491896701,High Value,0.9922221030081575,Low latent risk,VIP service and loyalty perks; avoid blanket discount
14163,931.353708504739,High Value,0.9756633180594906,Low latent risk,VIP service and loyalty perks; avoid blanket discount
15123,930.7674841494855,High Value,0.9824803647305204,Low latent risk,VIP service and loyalty perks; avoid blanket discount
18079,929.7768617905075,High Value,0.9877582850971913,Low latent risk,VIP service and loyalty perks; avoid blanket discount
15491,929.5881778757212,High Value,0.9603932050444252,Low latent risk,VIP service and loyalty perks; avoid blanket discount
17481,928.9679694389359,High Value,0.9929009821142446,Low latent risk,VIP service and loyalty perks; avoid blanket discount
14235,923.5018602480308,High Value,0.9817125759073275,Low latent risk,VIP service and loyalty perks; avoid blanket discount
13124,923.3836496852257,High Value,0.9817993402148643,Low latent risk,VIP service and loyalty perks; avoid blanket discount
14550,922.2255671479091,High Value,0.9797981091388482,Low latent risk,VIP service and loyalty perks; avoid blanket discount
15763,921.7492245652974,High Value,0.9732269259199909,Low latent risk,VIP service and loyalty perks; avoid blanket discount
13735,921.4430767758954,High Value,0.9909039500810017,Low latent risk,VIP service and loyalty perks; avoid blanket discount
16938,919.9519590658512,High Value,0.9928575980175276,Low latent risk,VIP service and loyalty perks; avoid blanket discount
14146,918.0306220070347,High Value,0.9944668917497397,Low latent risk,VIP service and loyalty perks; avoid blanket discount
13426,916.1165902938558,High Value,0.9976653209581997,Low latent risk,VIP service and loyalty perks; avoid blanket discount
14221,915.7865148912897,High Value,0.9929880829077589,Low latent risk,VIP service and loyalty perks; avoid blanket discount
14360,913.5486446317389,High Value,0.9839715006915168,Low latent risk,VIP service and loyalty perks; avoid blanket discount
12647,913.2635963575832,High Value,0.9964083502820558,Low latent risk,VIP service and loyalty perks; avoid blanket discount
16533,912.539196946411,High Value,0.9849270452740917,Low latent risk,VIP service and loyalty perks; avoid blanket discount
13362,910.5952621402646,High Value,0.9927531121927354,Low latent risk,VIP service and loyalty perks; avoid blanket discount
12594,909.0135182309929,High Value,0.9935966745295188,Low latent risk,VIP service and loyalty perks; avoid blanket discount
14739,907.2656817298131,High Value,0.9963466550482664,Low latent risk,VIP service and loyalty perks; avoid blanket discount
12517,907.23070423613,High Value,0.9910149893405594,Low latent risk,VIP service and loyalty perks; avoid blanket discount
13148,906.5611578108918,High Value,0.9955483977568792,Low latent risk,VIP service and loyalty perks; avoid blanket discount
13901,904.1934625293845,High Value,0.9861044546395373,Low latent risk,VIP service and loyalty perks; avoid blanket discount
16358,899.4216266428973,High Value,0.9933415920024015,Low latent risk,VIP service and loyalty perks; avoid blanket discount
13869,899.1781902115973,High Value,0.9754756934910975,Low latent risk,VIP service and loyalty perks; avoid blanket discount
17576,898.6630605541964,High Value,0.998317064539935,Low latent risk,VIP service and loyalty perks; avoid blanket discount
13654,897.0877000150518,High Value,0.9908435063814554,Low latent risk,VIP service and loyalty perks; avoid blanket discount
17238,896.3952001812456,High Value,0.9985608259852554,Low latent risk,VIP service and loyalty perks; avoid blanket discount
12488,895.9604931429144,High Value,0.9884412415741748,Low latent risk,VIP service and loyalty perks; avoid blanket discount
15654,895.7981353210823,High Value,0.9793518468676374,Low latent risk,VIP service and loyalty perks; avoid blanket discount
13849,895.6131591296551,High Value,0.9739500769418341,Low latent risk,VIP service and loyalty perks; avoid blanket discount
13448,894.403536471841,High Value,0.9949146648228964,Low latent risk,VIP service and loyalty perks; avoid blanket discount
12553,894.0750990674901,High Value,0.9971526025196379,Low latent risk,VIP service and loyalty perks; avoid blanket discount
16168,893.5546492888793,High Value,0.998434981649813,Low latent risk,VIP service and loyalty perks; avoid blanket discount
13198,893.4931859761209,High Value,0.9953093455913692,Low latent risk,VIP service and loyalty perks; avoid blanket discount
17656,892.4928502696982,High Value,0.943108508492146,Low latent risk,VIP service and loyalty perks; avoid blanket discount
13268,892.3284834832583,High Value,0.9962136302656045,Low latent risk,VIP service and loyalty perks; avoid blanket discount
15443,889.5147311890166,High Value,0.9964968874440681,Low latent risk,VIP service and loyalty perks; avoid blanket discount
14698,889.4322420694814,High Value,0.9947216102804617,Low latent risk,VIP service and loyalty perks; avoid blanket discount
13953,889.3577254760277,High Value,0.9961462037732316,Low latent risk,VIP service and loyalty perks; avoid blanket discount
13082,887.957565779447,High Value,0.9264286134693743,Low latent risk,VIP service and loyalty perks; avoid blanket discount
16474,887.955953661143,High Value,0.9956172557739081,Low latent risk,VIP service and loyalty perks; avoid blanket discount
16156,887.003586661369,High Value,0.9968319203178015,Low latent risk,VIP service and loyalty perks; avoid blanket discount
17644,886.9582644528045,High Value,0.9978292359044841,Low latent risk,VIP service and loyalty perks; avoid blanket discount
18204,886.8991971329216,High Value,0.9762178756215762,Low latent risk,VIP service and loyalty perks; avoid blanket discount
13588,886.8326847446745,High Value,0.9959520211595131,Low latent risk,VIP service and loyalty perks; avoid blanket discount
17523,885.5399896491317,High Value,0.9876382484230742,Low latent risk,VIP service and loyalty perks; avoid blanket discount
14227,883.8420671876472,High Value,0.9949284571039415,Low latent risk,VIP service and loyalty perks; avoid blanket discount
13297,882.1841531425137,High Value,0.991726899434206,Low latent risk,VIP service and loyalty perks; avoid blanket discount
14543,880.4880784679617,High Value,0.995769517455306,Low latent risk,VIP service and loyalty perks; avoid blanket discount
17491,878.8094990901495,High Value,0.9976274562890207,Low latent risk,VIP service and loyalty perks; avoid blanket discount
16904,872.8518922614135,High Value,0.9983570772566849,Low latent risk,VIP service and loyalty perks; avoid blanket discount
14903,872.1002818292434,High Value,0.9931504365991598,Low latent risk,VIP service and loyalty perks; avoid blanket discount
16284,870.9816116447407,High Value,0.969040433115719,Low latent risk,VIP service and loyalty perks; avoid blanket discount
16458,870.600523478926,High Value,0.9986293134590554,Low latent risk,VIP service and loyalty perks; avoid blanket discount
12689,870.4733146291671,High Value,0.9783606988943144,Low latent risk,VIP service and loyalty perks; avoid blanket discount
17819,870.3878911020308,High Value,0.9882174007607676,Low latent risk,VIP service and loyalty perks; avoid blanket discount
16066,868.6360788050034,High Value,0.9920868930636104,Low latent risk,VIP service and loyalty perks; avoid blanket discount
15801,867.8513739738601,High Value,0.9766072536234575,Low latent risk,VIP service and loyalty perks; avoid blanket discount
15544,867.3922224185205,High Value,0.9968678711852927,Low latent risk,VIP service and loyalty perks; avoid blanket discount
13363,866.630622932903,High Value,0.9765609964820383,Low latent risk,VIP service and loyalty perks; avoid blanket discount
12408,864.4233164321314,High Value,0.991612913451757,Low latent risk,VIP service and loyalty perks; avoid blanket discount
16871,863.6158665144972,High Value,0.9939125581896457,Low latent risk,VIP service and loyalty perks; avoid blanket discount
14395,862.5338871477701,High Value,0.9972879182852528,Low latent risk,VIP service and loyalty perks; avoid blanket discount
16556,862.4306900027802,High Value,0.9889218398466992,Low latent risk,VIP service and loyalty perks; avoid blanket discount
14841,861.7712570285183,High Value,0.9910189187303264,Low latent risk,VIP service and loyalty perks; avoid blanket discount
12480,860.4503740407614,High Value,0.9913423722518644,Low latent risk,VIP service and loyalty perks; avoid blanket discount
18167,859.4963982802806,High Value,0.985547613155092,Low latent risk,VIP service and loyalty perks; avoid blanket discount
15674,858.0800096690061,High Value,0.9819386003780259,Low latent risk,VIP service and loyalty perks; avoid blanket discount
18094,857.4393906793147,High Value,0.9791415432099242,Low latent risk,VIP service and loyalty perks; avoid blanket discount
14546,853.4516259968316,High Value,0.9945501825178833,Low latent risk,VIP service and loyalty perks; avoid blanket discount
13695,852.954534585683,High Value,0.9929211107504695,Low latent risk,VIP service and loyalty perks; avoid blanket discount
14788,852.3204050854629,High Value,0.9804208184854156,Low latent risk,VIP service and loyalty perks; avoid blanket discount
12653,851.5212385757045,High Value,0.9575279353916766,Low latent risk,VIP service and loyalty perks; avoid blanket discount
13507,850.6104841906281,High Value,0.9930523001541044,Low latent risk,VIP service and loyalty perks; avoid blanket discount
16497,850.2021675820488,High Value,0.9911062763152285,Low latent risk,VIP service and loyalty perks; avoid blanket discount
15671,849.9302823480477,High Value,0.9949441282280764,Low latent risk,VIP service and loyalty perks; avoid blanket discount
17015,847.896880861574,High Value,0.9867352299070569,Low latent risk,VIP service and loyalty perks; avoid blanket discount
13658,847.7288331289891,High Value,0.9940251241529582,Low latent risk,VIP service and loyalty perks; avoid blanket discount
14408,847.4373454330837,High Value,0.9957314338423945,Low latent risk,VIP service and loyalty perks; avoid blanket discount
14257,846.8040793652165,High Value,0.9877376572839316,Low latent risk,VIP service and loyalty perks; avoid blanket discount
14882,845.8639976854047,High Value,0.9687615825985606,Low latent risk,VIP service and loyalty perks; avoid blanket discount
16076,844.7813067627541,High Value,0.9974044142573119,Low latent risk,VIP service and loyalty perks; avoid blanket discount
16102,843.7274170701672,High Value,0.980654179808026,Low latent risk,VIP service and loyalty perks; avoid blanket discount
13842,841.9001386283884,High Value,0.9904173451422381,Low latent risk,VIP service and loyalty perks; avoid blanket discount
14567,840.4892622277214,High Value,0.968750232145331,Low latent risk,VIP service and loyalty perks; avoid blanket discount
13971,839.9284160787852,High Value,0.9954679261683326,Low latent risk,VIP service and loyalty perks; avoid blanket discount
18145,838.6778004754524,High Value,0.9925620895132764,Low latent risk,VIP service and loyalty perks; avoid blanket discount
17937,837.193265314409,High Value,0.9960811677215774,Low latent risk,VIP service and loyalty perks; avoid blanket discount
12840,836.1629809941021,High Value,0.9095812806436808,Low latent risk,VIP service and loyalty perks; avoid blanket discount
13451,836.1406307805681,High Value,0.9930185919594309,Low latent risk,VIP service and loyalty perks; avoid blanket discount
14112,835.7648910880946,High Value,0.99451384543126,Low latent risk,VIP service and loyalty perks; avoid blanket discount
17353,835.4847223316035,High Value,0.9139974676262549,Low latent risk,VIP service and loyalty perks; avoid blanket discount
12526,835.4826936916431,High Value,0.990567758810721,Low latent risk,VIP service and loyalty perks; avoid blanket discount
17589,834.853531046421,High Value,0.9846590658909823,Low latent risk,VIP service and loyalty perks; avoid blanket discount
15572,833.6786163768105,High Value,0.9962630878320464,Low latent risk,VIP service and loyalty perks; avoid blanket discount
17073,833.263623432705,High Value,0.9900403578234791,Low latent risk,VIP service and loyalty perks; avoid blanket discount
14918,828.6571907279139,High Value,0.934180403306535,Low latent risk,VIP service and loyalty perks; avoid blanket discount
13880,828.5524765023433,High Value,0.9966200910331496,Low latent risk,VIP service and loyalty perks; avoid blanket discount
14019,827.1607532401354,High Value,0.9799925397816295,Low latent risk,VIP service and loyalty perks; avoid blanket discount
17997,826.5853747928297,High Value,0.9281180361294454,Low latent risk,VIP service and loyalty perks; avoid blanket discount
14282,823.6260353432011,High Value,0.9983292773230393,Low latent risk,VIP service and loyalty perks; avoid blanket discount
15708,823.6144462533022,High Value,0.9932791647416171,Low latent risk,VIP service and loyalty perks; avoid blanket discount
13327,822.981193266208,High Value,0.993792268563837,Low latent risk,VIP service and loyalty perks; avoid blanket discount
12610,820.6343849814494,High Value,0.9905663029207556,Low latent risk,VIP service and loyalty perks; avoid blanket discount
14907,820.1290888738855,High Value,0.9963988690043755,Low latent risk,VIP service and loyalty perks; avoid blanket discount
17101,819.4309544108786,High Value,0.9922621812094542,Low latent risk,VIP service and loyalty perks; avoid blanket discount
16011,818.3116433278276,High Value,0.9980950645119969,Low latent risk,VIP service and loyalty perks; avoid blanket discount
16209,818.043456177959,High Value,0.9740220545576199,Low latent risk,VIP service and loyalty perks; avoid blanket discount
14854,817.8220081447575,High Value,0.9787171700531767,Low latent risk,VIP service and loyalty perks; avoid blanket discount
17653,816.1973589864251,High Value,0.984281902345493,Low latent risk,VIP service and loyalty perks; avoid blanket discount
13450,815.495149574845,High Value,0.9927011723289663,Low latent risk,VIP service and loyalty perks; avoid blanket discount
15089,814.2252442866309,High Value,0.9943598612242669,Low latent risk,VIP service and loyalty perks; avoid blanket discount
13115,813.1374178183576,High Value,0.9921599165697181,Low latent risk,VIP service and loyalty perks; avoid blanket discount
16628,810.0655532439722,High Value,0.9916675996235526,Low latent risk,VIP service and loyalty perks; avoid blanket discount
13285,808.8855031354708,High Value,0.991503035891452,Low latent risk,VIP service and loyalty perks; avoid blanket discount
15980,808.3890461835293,High Value,0.9764564976338775,Low latent risk,VIP service and loyalty perks; avoid blanket discount
14511,807.8741568434427,High Value,0.9933042403972516,Low latent risk,VIP service and loyalty perks; avoid blanket discount
12684,806.4218814026685,High Value,0.9958739608618979,Low latent risk,VIP service and loyalty perks; avoid blanket discount
12940,806.0789949159528,High Value,0.96147626399788,Low latent risk,VIP service and loyalty perks; avoid blanket discount
16173,804.7013638556263,High Value,0.9924909487147607,Low latent risk,VIP service and loyalty perks; avoid blanket discount
15114,804.4699607982618,High Value,0.9945012740842357,Low latent risk,VIP service and loyalty perks; avoid blanket discount
14691,803.8298687946858,High Value,0.9911079367104103,Low latent risk,VIP service and loyalty perks; avoid blanket discount
13066,803.3269448258937,High Value,0.9701818796669057,Low latent risk,VIP service and loyalty perks; avoid blanket discount
12429,802.9070303781605,High Value,0.99289503111501,Low latent risk,VIP service and loyalty perks; avoid blanket discount
17863,802.7901308945699,High Value,0.990343172389541,Low latent risk,VIP service and loyalty perks; avoid blanket discount
15581,801.4431883587341,High Value,0.8822137745109433,Low latent risk,VIP service and loyalty perks; avoid blanket discount
16081,800.8048922855945,High Value,0.9900984183322565,Low latent risk,VIP service and loyalty perks; avoid blanket discount
13632,800.6447148149183,High Value,0.9924764479372933,Low latent risk,VIP service and loyalty perks; avoid blanket discount
12598,800.5592760325669,High Value,0.9963426300350898,Low latent risk,VIP service and loyalty perks; avoid blanket discount
15514,799.5717202710417,High Value,0.9971310212491761,Low latent risk,VIP service and loyalty perks; avoid blanket discount
14388,799.4631641764346,High Value,0.9964386468797393,Low latent risk,VIP service and loyalty perks; avoid blanket discount
17231,797.7654572157884,High Value,0.996909125252722,Low latent risk,VIP service and loyalty perks; avoid blanket discount
13742,797.6829456981051,High Value,0.9967858111847867,Low latent risk,VIP service and loyalty perks; avoid blanket discount
15296,797.026413909492,High Value,0.9908165525222046,Low latent risk,VIP service and loyalty perks; avoid blanket discount
15687,796.2467788143422,High Value,0.9968516939695387,Low latent risk,VIP service and loyalty perks; avoid blanket discount
16326,795.5156585422119,High Value,0.9980471880767784,Low latent risk,VIP service and loyalty perks; avoid blanket discount
15606,793.772805053402,High Value,0.9878814814983506,Low latent risk,VIP service and loyalty perks; avoid blanket discount
16607,793.7445643337837,High Value,0.9970813204864872,Low latent risk,VIP service and loyalty perks; avoid blanket discount
13758,792.9507964558802,High Value,0.9958992019380634,Low latent risk,VIP service and loyalty perks; avoid blanket discount
13771,792.377593981836,High Value,0.9840026712434851,Low latent risk,VIP service and loyalty perks; avoid blanket discount
13334,792.1630654197445,High Value,0.9809717183844274,Low latent risk,VIP service and loyalty perks; avoid blanket discount
13047,791.1485786452632,High Value,0.9951416741292064,Low latent risk,VIP service and loyalty perks; avoid blanket discount
18230,789.3626766633263,High Value,0.9959179312624761,Low latent risk,VIP service and loyalty perks; avoid blanket discount
12909,789.338520680822,High Value,0.990408014528443,Low latent risk,VIP service and loyalty perks; avoid blanket discount
15764,789.3305157276643,High Value,0.97603324023639,Low latent risk,VIP service and loyalty perks; avoid blanket discount
13159,788.1150557152474,High Value,0.99210752212824,Low latent risk,VIP service and loyalty perks; avoid blanket discount
15797,787.1236260523015,High Value,0.9750081515484399,Low latent risk,VIP service and loyalty perks; avoid blanket discount
17700,786.3639331187983,High Value,0.9921158311499357,Low latent risk,VIP service and loyalty perks; avoid blanket discount
14572,784.5923707543427,High Value,0.9963802084864455,Low latent risk,VIP service and loyalty perks; avoid blanket discount
16905,784.2490993529973,High Value,0.9962826824995062,Low latent risk,VIP service and loyalty perks; avoid blanket discount
17082,784.0516787833293,High Value,0.9804176753867864,Low latent risk,VIP service and loyalty perks; avoid blanket discount
17512,782.2281579673881,High Value,0.9948003411534051,Low latent risk,VIP service and loyalty perks; avoid blanket discount
15796,781.4139284302261,High Value,0.9969902973477843,Low latent risk,VIP service and loyalty perks; avoid blanket discount
15877,780.1604435842992,High Value,0.982836032148319,Low latent risk,VIP service and loyalty perks; avoid blanket discount
14116,778.89817462905,High Value,0.9912455884259096,Low latent risk,VIP service and loyalty perks; avoid blanket discount
12758,777.5892754692289,High Value,0.9650569289746241,Low latent risk,VIP service and loyalty perks; avoid blanket discount
17633,777.0264755477912,High Value,0.986259283161367,Low latent risk,VIP service and loyalty perks; avoid blanket discount
17469,776.4599522301435,High Value,0.9931760784459058,Low latent risk,VIP service and loyalty perks; avoid blanket discount
17502,776.118768849942,High Value,0.9897803347563379,Low latent risk,VIP service and loyalty perks; avoid blanket discount
17799,775.7955937702518,High Value,0.9960493367142376,Low latent risk,VIP service and loyalty perks; avoid blanket discount
14971,775.5825613744129,High Value,0.9673503203087356,Low latent risk,VIP service and loyalty perks; avoid blanket discount
14700,775.2370875194189,High Value,0.9870767926740465,Low latent risk,VIP service and loyalty perks; avoid blanket discount
13860,774.134234001422,High Value,0.994789382174316,Low latent risk,VIP service and loyalty perks; avoid blanket discount
16012,772.6648402241166,High Value,0.9844311545573992,Low latent risk,VIP service and loyalty perks; avoid blanket discount
14702,772.4406769298079,High Value,0.9986342929207558,Low latent risk,VIP service and loyalty perks; avoid blanket discount
13032,772.2779236711549,High Value,0.962993296151712,Low latent risk,VIP service and loyalty perks; avoid blanket discount
14530,771.8361293453821,High Value,0.9937375839953219,Low latent risk,VIP service and loyalty perks; avoid blanket discount
13212,770.0384358569567,High Value,0.9844250007791029,Low latent risk,VIP service and loyalty perks; avoid blanket discount
18235,767.9507968244952,High Value,0.9783994840877863,Low latent risk,VIP service and loyalty perks; avoid blanket discount
15933,767.9099529823122,High Value,0.9852419952591756,Low latent risk,VIP service and loyalty perks; avoid blanket discount
13870,767.7450859233952,High Value,0.9968993220648684,Low latent risk,VIP service and loyalty perks; avoid blanket discount
13908,765.7226221344292,High Value,0.9818134258842296,Low latent risk,VIP service and loyalty perks; avoid blanket discount
16279,765.5939317536787,High Value,0.9877672987127625,Low latent risk,VIP service and loyalty perks; avoid blanket discount
17837,763.4391581194152,High Value,0.9842198893591181,Low latent risk,VIP service and loyalty perks; avoid blanket discount
17220,762.8902729332023,High Value,0.9963272379334224,Low latent risk,VIP service and loyalty perks; avoid blanket discount
12669,761.3672590437557,High Value,0.9440447962019818,Low latent risk,VIP service and loyalty perks; avoid blanket discount
16686,761.1258984464184,High Value,0.992180646490221,Low latent risk,VIP service and loyalty perks; avoid blanket discount
12388,760.0956716208968,High Value,0.9948520319311034,Low latent risk,VIP service and loyalty perks; avoid blanket discount
14629,760.0658435872109,High Value,0.9821070074709141,Low latent risk,VIP service and loyalty perks; avoid blanket discount
12643,759.8366686204945,High Value,0.9595803022763463,Low latent risk,VIP service and loyalty perks; avoid blanket discount
15051,759.7617627545924,High Value,0.9869388448820982,Low latent risk,VIP service and loyalty perks; avoid blanket discount
17685,759.7127752368202,High Value,0.9955487579485777,Low latent risk,VIP service and loyalty perks; avoid blanket discount
13952,758.6544428571398,High Value,0.8421784606363926,Low latent risk,VIP service and loyalty perks; avoid blanket discount
17750,758.6055187446009,High Value,0.9968076930211469,Low latent risk,VIP service and loyalty perks; avoid blanket discount
12794,757.1536176113036,High Value,0.9650112862057975,Low latent risk,VIP service and loyalty perks; avoid blanket discount
16553,756.9330754474331,High Value,0.5826067128984911,High latent risk,Priority targeted retention; test a reversible offer
12916,756.404312055892,High Value,0.9639281775917591,Low latent risk,VIP service and loyalty perks; avoid blanket discount
14099,755.7901318593704,High Value,0.9967715553560178,Low latent risk,VIP service and loyalty perks; avoid blanket discount
16393,755.5810098760397,High Value,0.998131861815648,Low latent risk,VIP service and loyalty perks; avoid blanket discount
18034,754.0925945521094,High Value,0.970019223581315,Low latent risk,VIP service and loyalty perks; avoid blanket discount
17924,752.3610237802382,High Value,0.9958937474893651,Low latent risk,VIP service and loyalty perks; avoid blanket discount
17554,751.9683410411925,High Value,0.9948513358517505,Low latent risk,VIP service and loyalty perks; avoid blanket discount
14482,749.7867162305582,High Value,0.9941167312555015,Low latent risk,VIP service and loyalty perks; avoid blanket discount
14640,748.8186187585549,High Value,0.9931709704332548,Low latent risk,VIP service and loyalty perks; avoid blanket discount
18097,747.8546088235888,High Value,0.995485256134336,Low latent risk,VIP service and loyalty perks; avoid blanket discount
14732,747.4819880275003,High Value,0.9965281962793303,Low latent risk,VIP service and loyalty perks; avoid blanket discount
14515,747.2121194928043,High Value,0.9940686393711473,Low latent risk,VIP service and loyalty perks; avoid blanket discount
15932,746.9873225464397,High Value,0.9967668450822385,Low latent risk,VIP service and loyalty perks; avoid blanket discount
14315,746.8570866875914,High Value,0.9904351887812055,Low latent risk,VIP service and loyalty perks; avoid blanket discount
17314,745.107629051583,High Value,0.9949673072130089,Low latent risk,VIP service and loyalty perks; avoid blanket discount
13141,744.9133397174934,High Value,0.9829080512292745,Low latent risk,VIP service and loyalty perks; avoid blanket discount
16316,744.6901656552495,High Value,0.9890546667805831,Low latent risk,VIP service and loyalty perks; avoid blanket discount
14712,743.4896227259817,High Value,0.984019655959885,Low latent risk,VIP service and loyalty perks; avoid blanket discount
15854,743.1153095486164,High Value,0.9978566249531351,Low latent risk,VIP service and loyalty perks; avoid blanket discount
15330,742.0023870277007,High Value,0.9704389168479808,Low latent risk,VIP service and loyalty perks; avoid blanket discount
13914,740.7149044823518,High Value,0.9789171510075709,Low latent risk,VIP service and loyalty perks; avoid blanket discount
12352,739.6270010760187,High Value,0.9931292049285371,Low latent risk,VIP service and loyalty perks; avoid blanket discount
15500,739.3988955442193,High Value,0.991734472033832,Low latent risk,VIP service and loyalty perks; avoid blanket discount
13500,736.2320278121807,High Value,0.9861803920926571,Low latent risk,VIP service and loyalty perks; avoid blanket discount
15707,736.1860026195818,High Value,0.9805537236210372,Low latent risk,VIP service and loyalty perks; avoid blanket discount
13456,735.6604346860576,High Value,0.9939549973124316,Low latent risk,VIP service and loyalty perks; avoid blanket discount
14875,734.7013762149661,High Value,0.9662095295221923,Low latent risk,VIP service and loyalty perks; avoid blanket discount
16369,733.3062559294538,High Value,0.9884603726547284,Low latent risk,VIP service and loyalty perks; avoid blanket discount
14250,732.9231117294848,High Value,0.9891868250373519,Low latent risk,VIP service and loyalty perks; avoid blanket discount
15022,732.2850226060552,High Value,0.9897857942582313,Low latent risk,VIP service and loyalty perks; avoid blanket discount
16218,731.7254369909477,High Value,0.9944689994373064,Low latent risk,VIP service and loyalty perks; avoid blanket discount
13467,731.314319206778,High Value,0.979368385186117,Low latent risk,VIP service and loyalty perks; avoid blanket discount
16669,731.0600250507011,High Value,0.9839829422494709,Low latent risk,VIP service and loyalty perks; avoid blanket discount
17659,726.893321371037,High Value,0.9969087123946938,Low latent risk,VIP service and loyalty perks; avoid blanket discount
17193,726.372777892324,High Value,0.9894756503916441,Low latent risk,VIP service and loyalty perks; avoid blanket discount
15032,726.0933962560408,High Value,0.887236366565448,Low latent risk,VIP service and loyalty perks; avoid blanket discount
14676,725.9416047141352,High Value,0.992890251036178,Low latent risk,VIP service and loyalty perks; avoid blanket discount
17702,725.5493168266431,High Value,0.9896348866518819,Low latent risk,VIP service and loyalty perks; avoid blanket discount
15755,724.6808147576187,High Value,0.9951780667997125,Low latent risk,VIP service and loyalty perks; avoid blanket discount
16811,724.4225382305889,High Value,0.9814343744477537,Low latent risk,VIP service and loyalty perks; avoid blanket discount
16464,722.7820298644398,High Value,0.9875268644767282,Low latent risk,VIP service and loyalty perks; avoid blanket discount
13429,721.9191958889811,High Value,0.9910370564977672,Low latent risk,VIP service and loyalty perks; avoid blanket discount
14032,721.6903500303653,High Value,0.997795288265641,Low latent risk,VIP service and loyalty perks; avoid blanket discount
15984,721.320104691678,High Value,0.9975622629710754,Low latent risk,VIP service and loyalty perks; avoid blanket discount
12674,720.4862958330012,High Value,0.9881755645981829,Low latent risk,VIP service and loyalty perks; avoid blanket discount
12358,719.5521238104735,High Value,0.9831234291435758,Low latent risk,VIP service and loyalty perks; avoid blanket discount
16709,719.107294837575,High Value,0.9802809459944218,Low latent risk,VIP service and loyalty perks; avoid blanket discount
18144,718.167439572709,High Value,0.9976740610128884,Low latent risk,VIP service and loyalty perks; avoid blanket discount
18259,718.0493270223909,High Value,0.9889383798012553,Low latent risk,VIP service and loyalty perks; avoid blanket discount
13394,714.6123980089135,High Value,0.9969687783560661,Low latent risk,VIP service and loyalty perks; avoid blanket discount
15140,714.2346172388333,High Value,0.9885391715060263,Low latent risk,VIP service and loyalty perks; avoid blanket discount
14937,714.0461490024038,High Value,0.974523430645103,Low latent risk,VIP service and loyalty perks; avoid blanket discount
14178,713.917313062083,High Value,0.9956541474898969,Low latent risk,VIP service and loyalty perks; avoid blanket discount
13571,713.2013386604864,High Value,0.9969227281068099,Low latent risk,VIP service and loyalty perks; avoid blanket discount
12721,713.018100531652,High Value,0.9935700688903395,Low latent risk,VIP service and loyalty perks; avoid blanket discount
13911,712.6115493986819,High Value,0.9883507938992148,Low latent risk,VIP service and loyalty perks; avoid blanket discount
16966,712.3524083058319,High Value,0.9958627697650654,Low latent risk,VIP service and loyalty perks; avoid blanket discount
17059,711.9598247310882,High Value,0.9929527134063977,Low latent risk,VIP service and loyalty perks; avoid blanket discount
14383,711.1418688041089,High Value,0.9840777253227324,Low latent risk,VIP service and loyalty perks; avoid blanket discount
12865,709.9913572019755,High Value,0.9780350394801802,Low latent risk,VIP service and loyalty perks; avoid blanket discount
12726,709.6566118690887,High Value,0.9944734978765971,Low latent risk,VIP service and loyalty perks; avoid blanket discount
13813,708.993616277663,High Value,0.9842461440008244,Low latent risk,VIP service and loyalty perks; avoid blanket discount
13230,707.6284899509615,High Value,0.9981518723797667,Low latent risk,VIP service and loyalty perks; avoid blanket discount
12395,707.5414304315242,High Value,0.9967280256018152,Low latent risk,VIP service and loyalty perks; avoid blanket discount
13883,706.9929815713087,High Value,0.9940989674413134,Low latent risk,VIP service and loyalty perks; avoid blanket discount
13918,704.4250236755105,High Value,0.9774896855546455,Low latent risk,VIP service and loyalty perks; avoid blanket discount
18188,704.410091783651,High Value,0.9893709691815363,Low latent risk,VIP service and loyalty perks; avoid blanket discount
14502,703.7975779051983,High Value,0.9962674874540524,Low latent risk,VIP service and loyalty perks; avoid blanket discount
15321,703.5683513951278,High Value,0.9825293658199833,Low latent risk,VIP service and loyalty perks; avoid blanket discount
17739,703.4251772477461,High Value,0.9958699215195267,Low latent risk,VIP service and loyalty perks; avoid blanket discount
15628,703.3093287006634,High Value,0.997159595663363,Low latent risk,VIP service and loyalty perks; avoid blanket discount
17213,701.9652273142382,High Value,0.9932639186341067,Low latent risk,VIP service and loyalty perks; avoid blanket discount
16049,701.3519420097217,High Value,0.9737022535586013,Low latent risk,VIP service and loyalty perks; avoid blanket discount
15722,700.2620260149032,High Value,0.9916222172358454,Low latent risk,VIP service and loyalty perks; avoid blanket discount
12394,698.5956921252206,High Value,0.9736759955170224,Low latent risk,VIP service and loyalty perks; avoid blanket discount
15948,697.2453789542209,High Value,0.980604181832007,Low latent risk,VIP service and loyalty perks; avoid blanket discount
15356,697.1466681939472,High Value,0.9951005612079651,Low latent risk,VIP service and loyalty perks; avoid blanket discount
13510,695.817828898407,High Value,0.9933351834552857,Low latent risk,VIP service and loyalty perks; avoid blanket discount
16762,695.7158256211306,High Value,0.9875616399353835,Low latent risk,VIP service and loyalty perks; avoid blanket discount
13265,694.550776084452,High Value,0.988386567061394,Low latent risk,VIP service and loyalty perks; avoid blanket discount
18241,693.250892675342,High Value,0.9976485964505684,Low latent risk,VIP service and loyalty perks; avoid blanket discount
17159,691.4532652592263,High Value,0.9876645197865687,Low latent risk,VIP service and loyalty perks; avoid blanket discount
13021,691.1911768537266,High Value,0.9971705672542576,Low latent risk,VIP service and loyalty perks; avoid blanket discount
14704,691.1900501673528,High Value,0.99601392234576,Low latent risk,VIP service and loyalty perks; avoid blanket discount
13416,690.6904272753111,High Value,0.9673875828379219,Low latent risk,VIP service and loyalty perks; avoid blanket discount
14211,690.617491710017,High Value,0.9889654778936188,Low latent risk,VIP service and loyalty perks; avoid blanket discount
13784,690.6092344234297,High Value,0.997280598308295,Low latent risk,VIP service and loyalty perks; avoid blanket discount
16352,690.1358200986133,High Value,0.9759099995473451,Low latent risk,VIP service and loyalty perks; avoid blanket discount
15411,688.8029615700867,High Value,0.98985357048999,Low latent risk,VIP service and loyalty perks; avoid blanket discount
12952,685.6302844661483,High Value,0.9923776492217476,Low latent risk,VIP service and loyalty perks; avoid blanket discount
12713,685.321270978719,High Value,1.0,Low latent risk,VIP service and loyalty perks; avoid blanket discount
17596,684.9200654930534,High Value,0.9949913655693035,Low latent risk,VIP service and loyalty perks; avoid blanket discount
15696,684.1175226600292,High Value,0.9940096413291655,Low latent risk,VIP service and loyalty perks; avoid blanket discount
17232,683.6568996281724,High Value,0.9823572176858529,Low latent risk,VIP service and loyalty perks; avoid blanket discount
12457,683.5640650782649,High Value,0.9807536880141128,Low latent risk,VIP service and loyalty perks; avoid blanket discount
14857,683.4763252110124,Mid Value,0.9696926227128739,Low latent risk,Targeted cross-sell through owned channels
15365,682.7945243181841,Mid Value,0.9944631984117108,Low latent risk,Targeted cross-sell through owned channels
14639,681.3116244571335,Mid Value,0.9912114818617865,Low latent risk,Targeted cross-sell through owned channels
12708,681.2724311533469,Mid Value,0.9953236488876311,Low latent risk,Targeted cross-sell through owned channels
15370,681.1453267740494,Mid Value,0.9928029856137321,Low latent risk,Targeted cross-sell through owned channels
15998,680.2747357107183,Mid Value,0.9922728746375795,Low latent risk,Targeted cross-sell through owned channels
12600,678.3286497453627,Mid Value,0.9954629403167334,Low latent risk,Targeted cross-sell through owned channels
15815,678.2656921540525,Mid Value,0.985412478769517,Low latent risk,Targeted cross-sell through owned channels
18123,678.0700287000205,Mid Value,0.9700195379876155,Low latent risk,Targeted cross-sell through owned channels
14239,677.8268309981244,Mid Value,0.9920652382445645,Low latent risk,Targeted cross-sell through owned channels
16692,676.3428919577768,Mid Value,0.8405290441595018,Low latent risk,Targeted cross-sell through owned channels
12371,676.201167913087,Mid Value,0.9604326695063256,Low latent risk,Targeted cross-sell through owned channels
17071,675.0221583374681,Mid Value,0.9947525218319124,Low latent risk,Targeted cross-sell through owned channels
14569,673.7162984632221,Mid Value,1.0,Low latent risk,Targeted cross-sell through owned channels
13769,673.1398560273776,Mid Value,0.9975687713670159,Low latent risk,Targeted cross-sell through owned channels
17164,672.9158846908634,Mid Value,0.9930843445255779,Low latent risk,Targeted cross-sell through owned channels
13298,672.7626021789353,Mid Value,1.0,Low latent risk,Targeted cross-sell through owned channels
18257,672.5390779093462,Mid Value,0.9925978134789938,Low latent risk,Targeted cross-sell through owned channels
17092,672.4869140788245,Mid Value,0.9879565677226481,Low latent risk,Targeted cross-sell through owned channels
16942,672.2898783900955,Mid Value,0.996172470122427,Low latent risk,Targeted cross-sell through owned channels
13517,672.1991565927723,Mid Value,0.9790936987206506,Low latent risk,Targeted cross-sell through owned channels
14766,671.7963133121492,Mid Value,0.9954479914919164,Low latent risk,Targeted cross-sell through owned channels
17965,671.64630194915,Mid Value,0.9942234945157146,Low latent risk,Targeted cross-sell through owned channels
15520,671.5809493516725,Mid Value,1.0,Low latent risk,Targeted cross-sell through owned channels
13436,671.3593006070837,Mid Value,1.0,Low latent risk,Targeted cross-sell through owned channels
16007,671.102680755889,Mid Value,0.9865290782948579,Low latent risk,Targeted cross-sell through owned channels
13527,670.5363425525981,Mid Value,0.9936541022167386,Low latent risk,Targeted cross-sell through owned channels
14701,670.3906461551618,Mid Value,0.99668455527072,Low latent risk,Targeted cross-sell through owned channels
14934,669.9696130484882,Mid Value,0.9732288206751203,Low latent risk,Targeted cross-sell through owned channels
15594,668.2772064062473,Mid Value,0.9934903444144513,Low latent risk,Targeted cross-sell through owned channels
13028,667.7500231612827,Mid Value,0.9739772216233804,Low latent risk,Targeted cross-sell through owned channels
14107,667.7117924422058,Mid Value,0.9917373804435214,Low latent risk,Targeted cross-sell through owned channels
17459,666.9858303129582,Mid Value,0.9618080537993378,Low latent risk,Targeted cross-sell through owned channels
16928,666.8839392811416,Mid Value,0.9580327338465181,Low latent risk,Targeted cross-sell through owned channels
18075,666.3126774345227,Mid Value,0.9959451064783641,Low latent risk,Targeted cross-sell through owned channels
13975,666.162454472738,Mid Value,0.9928011879867045,Low latent risk,Targeted cross-sell through owned channels
13486,664.7844605865811,Mid Value,0.9662924724217605,Low latent risk,Targeted cross-sell through owned channels
17043,663.978169941302,Mid Value,0.9902864537275363,Low latent risk,Targeted cross-sell through owned channels
15752,663.5738938463703,Mid Value,0.9934322844684728,Low latent risk,Targeted cross-sell through owned channels
17461,662.4331163185858,Mid Value,0.9774763705270606,Low latent risk,Targeted cross-sell through owned channels
12560,661.1826719219073,Mid Value,0.9898901920009505,Low latent risk,Targeted cross-sell through owned channels
15471,660.7103813168646,Mid Value,1.0,Low latent risk,Targeted cross-sell through owned channels
14204,660.4187158450092,Mid Value,1.0,Low latent risk,Targeted cross-sell through owned channels
12578,660.0309835127092,Mid Value,0.9815975373071176,Low latent risk,Targeted cross-sell through owned channels
14087,659.9303284432068,Mid Value,1.0,Low latent risk,Targeted cross-sell through owned channels
15195,659.7505795048959,Mid Value,1.0,Low latent risk,Targeted cross-sell through owned channels
15270,659.5064916797002,Mid Value,0.995422711078824,Low latent risk,Targeted cross-sell through owned channels
12719,659.3787019712038,Mid Value,0.9819913020074659,Low latent risk,Targeted cross-sell through owned channels
17069,658.9149188484892,Mid Value,0.9952961037917775,Low latent risk,Targeted cross-sell through owned channels
18260,657.974827722132,Mid Value,0.9144053797430892,Low latent risk,Targeted cross-sell through owned channels
12516,657.6568675883019,Mid Value,0.9668684661229104,Low latent risk,Targeted cross-sell through owned channels
12836,655.2396964450353,Mid Value,0.9873594818914557,Low latent risk,Targeted cross-sell through owned channels
13516,655.1647715014082,Mid Value,0.9884490012300376,Low latent risk,Targeted cross-sell through owned channels
16912,654.4704183491324,Mid Value,0.9951681453179878,Low latent risk,Targeted cross-sell through owned channels
15673,654.0978194721432,Mid Value,0.9825992665386655,Low latent risk,Targeted cross-sell through owned channels
15630,652.0747487437166,Mid Value,0.9768125985810333,Low latent risk,Targeted cross-sell through owned channels
16618,651.9630300874828,Mid Value,0.9924369666566958,Low latent risk,Targeted cross-sell through owned channels
15288,651.887234643703,Mid Value,0.9916146495352873,Low latent risk,Targeted cross-sell through owned channels
16987,651.3513455203878,Mid Value,0.9963014650623905,Low latent risk,Targeted cross-sell through owned channels
14305,651.0438860040399,Mid Value,0.9659447784295533,Low latent risk,Targeted cross-sell through owned channels
12584,650.9413741603628,Mid Value,0.9971684416811345,Low latent risk,Targeted cross-sell through owned channels
12546,650.7296413361485,Mid Value,0.9646157305735746,Low latent risk,Targeted cross-sell through owned channels
15568,650.5804672814783,Mid Value,0.9901363328049695,Low latent risk,Targeted cross-sell through owned channels
14824,650.139425157065,Mid Value,0.9914118451499351,Low latent risk,Targeted cross-sell through owned channels
14578,650.1219169549714,Mid Value,1.0,Low latent risk,Targeted cross-sell through owned channels
13804,649.9032354243665,Mid Value,0.9936243213273067,Low latent risk,Targeted cross-sell through owned channels
16813,649.8524793016009,Mid Value,0.9968367913244145,Low latent risk,Targeted cross-sell through owned channels
12650,649.7565922770397,Mid Value,1.0,Low latent risk,Targeted cross-sell through owned channels
16569,649.2425175821106,Mid Value,1.0,Low latent risk,Targeted cross-sell through owned channels
14407,649.1436004809441,Mid Value,0.9618638947729701,Low latent risk,Targeted cross-sell through owned channels
14243,648.8418938425284,Mid Value,0.997187534262663,Low latent risk,Targeted cross-sell through owned channels
12442,648.6630939991462,Mid Value,1.0,Low latent risk,Targeted cross-sell through owned channels
17625,648.118303492574,Mid Value,0.9918019637266595,Low latent risk,Targeted cross-sell through owned channels
16528,647.8618973015224,Mid Value,1.0,Low latent risk,Targeted cross-sell through owned channels
15511,647.7618730771815,Mid Value,0.9924736209735879,Low latent risk,Targeted cross-sell through owned channels
17914,647.4744047544781,Mid Value,1.0,Low latent risk,Targeted cross-sell through owned channels
15318,647.2437798531597,Mid Value,1.0,Low latent risk,Targeted cross-sell through owned channels
15992,646.9968652097984,Mid Value,1.0,Low latent risk,Targeted cross-sell through owned channels
12478,646.4707473033807,Mid Value,1.0,Low latent risk,Targeted cross-sell through owned channels
15136,646.0407337468233,Mid Value,0.9930908537116754,Low latent risk,Targeted cross-sell through owned channels
17346,645.9105855685715,Mid Value,0.9983199891217812,Low latent risk,Targeted cross-sell through owned channels
18245,645.0091334620397,Mid Value,0.9961458916852811,Low latent risk,Targeted cross-sell through owned channels
17442,644.9762768337039,Mid Value,0.9922697583846047,Low latent risk,Targeted cross-sell through owned channels
18287,644.8446308453448,Mid Value,0.9845741976466973,Low latent risk,Targeted cross-sell through owned channels
18077,642.5940974205074,Mid Value,0.9974183403631822,Low latent risk,Targeted cross-sell through owned channels
13700,641.9908515207447,Mid Value,0.9953584500100456,Low latent risk,Targeted cross-sell through owned channels
12370,641.4071635939126,Mid Value,0.9893020753125958,Low latent risk,Targeted cross-sell through owned channels
17272,641.3083648086016,Mid Value,0.9888484088375178,Low latent risk,Targeted cross-sell through owned channels
14713,640.2370065798721,Mid Value,0.9973562064536156,Low latent risk,Targeted cross-sell through owned channels
13434,639.374481414528,Mid Value,0.9462398252974711,Low latent risk,Targeted cross-sell through owned channels
14138,638.738119544589,Mid Value,0.9830268920667533,Low latent risk,Targeted cross-sell through owned channels
17383,638.5208098331193,Mid Value,1.0,Low latent risk,Targeted cross-sell through owned channels
15272,638.3446668501073,Mid Value,0.958665214829175,Low latent risk,Targeted cross-sell through owned channels
15883,638.1666147460479,Mid Value,0.9826438213623457,Low latent risk,Targeted cross-sell through owned channels
12367,638.136478275977,Mid Value,1.0,Low latent risk,Targeted cross-sell through owned channels
14219,637.9364899903402,Mid Value,1.0,Low latent risk,Targeted cross-sell through owned channels
12948,637.803871273512,Mid Value,0.9951494249582362,Low latent risk,Targeted cross-sell through owned channels
14963,637.6840507232848,Mid Value,0.9939423831974459,Low latent risk,Targeted cross-sell through owned channels
13790,637.656718287242,Mid Value,1.0,Low latent risk,Targeted cross-sell through owned channels
16597,637.6247601064734,Mid Value,1.0,Low latent risk,Targeted cross-sell through owned channels
18015,637.1856618979962,Mid Value,1.0,Low latent risk,Targeted cross-sell through owned channels
15097,636.8188833630818,Mid Value,1.0,Low latent risk,Targeted cross-sell through owned channels
14389,636.7268542436663,Mid Value,0.9716243257367805,Low latent risk,Targeted cross-sell through owned channels
14334,636.6206032060454,Mid Value,0.995960132138597,Low latent risk,Targeted cross-sell through owned channels
12520,636.4486113679012,Mid Value,0.9814290455011508,Low latent risk,Targeted cross-sell through owned channels
16170,635.6805936302515,Mid Value,0.9883867401615264,Low latent risk,Targeted cross-sell through owned channels
16477,635.4959038755666,Mid Value,0.9898519299497864,Low latent risk,Targeted cross-sell through owned channels
15527,635.3820347833018,Mid Value,0.9957917864148601,Low latent risk,Targeted cross-sell through owned channels
16771,634.0165927104432,Mid Value,0.9923675043488587,Low latent risk,Targeted cross-sell through owned channels
15608,633.2440889043777,Mid Value,0.9873034848367921,Low latent risk,Targeted cross-sell through owned channels
16283,633.0433313689215,Mid Value,0.9944786155650615,Low latent risk,Targeted cross-sell through owned channels
16460,631.128428056041,Mid Value,0.9821111016832056,Low latent risk,Targeted cross-sell through owned channels
15103,631.0151563355407,Mid Value,0.9742345805820027,Low latent risk,Targeted cross-sell through owned channels
14307,630.4980986894052,Mid Value,0.9846690933564618,Low latent risk,Targeted cross-sell through owned channels
15271,629.7501187085657,Mid Value,0.998062950702361,Low latent risk,Targeted cross-sell through owned channels
16255,629.5863077054897,Mid Value,0.9959905040527097,Low latent risk,Targeted cross-sell through owned channels
16747,628.7417983951921,Mid Value,0.9684436210179636,Low latent risk,Targeted cross-sell through owned channels
14565,628.1199023731942,Mid Value,0.9827291093123265,Low latent risk,Targeted cross-sell through owned channels
16341,627.9602244962847,Mid Value,0.9904730742125499,Low latent risk,Targeted cross-sell through owned channels
12913,626.7761217785047,Mid Value,0.9947311289779193,Low latent risk,Targeted cross-sell through owned channels
16924,626.7578639115663,Mid Value,0.9851279076296177,Low latent risk,Targeted cross-sell through owned channels
16988,626.4643579074474,Mid Value,1.0,Low latent risk,Targeted cross-sell through owned channels
16535,626.1252977354197,Mid Value,1.0,Low latent risk,Targeted cross-sell through owned channels
14001,625.9409792636802,Mid Value,0.9872376430912475,Low latent risk,Targeted cross-sell through owned channels
15704,625.8902476941471,Mid Value,0.903297944340076,Low latent risk,Targeted cross-sell through owned channels
13421,625.766742927652,Mid Value,0.9793578515604234,Low latent risk,Targeted cross-sell through owned channels
16744,625.7531688237345,Mid Value,0.9951869029560785,Low latent risk,Targeted cross-sell through owned channels
13323,625.4437421031175,Mid Value,0.9944391204824549,Low latent risk,Targeted cross-sell through owned channels
17936,625.3099860464315,Mid Value,1.0,Low latent risk,Targeted cross-sell through owned channels
17402,625.1583424685989,Mid Value,0.9980078559166748,Low latent risk,Targeted cross-sell through owned channels
15773,624.9721821717377,Mid Value,1.0,Low latent risk,Targeted cross-sell through owned channels
15306,624.8364826651697,Mid Value,0.9732951390304071,Low latent risk,Targeted cross-sell through owned channels
13153,624.7114034278362,Mid Value,1.0,Low latent risk,Targeted cross-sell through owned channels
12919,624.5342373971824,Mid Value,0.9949615945433923,Low latent risk,Targeted cross-sell through owned channels
15734,623.8974005521382,Mid Value,0.9538480068186675,Low latent risk,Targeted cross-sell through owned channels
13276,623.8902497505986,Mid Value,0.9582971666503415,Low latent risk,Targeted cross-sell through owned channels
14664,623.1124539079883,Mid Value,0.9741217952920435,Low latent risk,Targeted cross-sell through owned channels
14461,621.4555053883648,Mid Value,0.9480925065716514,Low latent risk,Targeted cross-sell through owned channels
14309,619.8484821102631,Mid Value,0.9969067377108533,Low latent risk,Targeted cross-sell through owned channels
12642,619.5709773934284,Mid Value,0.9850378652585663,Low latent risk,Targeted cross-sell through owned channels
14834,618.4159071155773,Mid Value,0.9942323557306556,Low latent risk,Targeted cross-sell through owned channels
13577,614.6318031165506,Mid Value,0.9908754627615518,Low latent risk,Targeted cross-sell through owned channels
13461,614.5735495651826,Mid Value,0.9840080060531149,Low latent risk,Targeted cross-sell through owned channels
16015,614.1223112140929,Mid Value,0.9897410592635674,Low latent risk,Targeted cross-sell through owned channels
16929,613.9700497681557,Mid Value,0.9961880395558705,Low latent risk,Targeted cross-sell through owned channels
15058,613.7526546125474,Mid Value,0.9955059976801799,Low latent risk,Targeted cross-sell through owned channels
14597,613.7308396670182,Mid Value,0.981911079450695,Low latent risk,Targeted cross-sell through owned channels
16361,613.4767883165403,Mid Value,0.9912771646426711,Low latent risk,Targeted cross-sell through owned channels
13317,613.2975154852085,Mid Value,0.9889015005637896,Low latent risk,Targeted cross-sell through owned channels
15506,613.1597771405661,Mid Value,0.9868343115460531,Low latent risk,Targeted cross-sell through owned channels
13630,612.9566951114754,Mid Value,0.9962099473394063,Low latent risk,Targeted cross-sell through owned channels
16241,611.5800868902526,Mid Value,0.9976797368565922,Low latent risk,Targeted cross-sell through owned channels
13431,611.4046424812149,Mid Value,0.9497679187564148,Low latent risk,Targeted cross-sell through owned channels
17317,611.3633749200278,Mid Value,0.9726870528166504,Low latent risk,Targeted cross-sell through owned channels
15787,611.2875885728973,Mid Value,0.9808449003499251,Low latent risk,Targeted cross-sell through owned channels
14341,611.2048520994878,Mid Value,0.9919655844479514,Low latent risk,Targeted cross-sell through owned channels
17838,611.0023736339496,Mid Value,0.9932115275182061,Low latent risk,Targeted cross-sell through owned channels
18008,610.3316948054226,Mid Value,0.9839165332320914,Low latent risk,Targeted cross-sell through owned channels
17144,610.1339053236902,Mid Value,0.9831129550690018,Low latent risk,Targeted cross-sell through owned channels
13320,609.9264266770496,Mid Value,0.97632206327602,Low latent risk,Targeted cross-sell through owned channels
14776,609.2305781114251,Mid Value,0.9894671464374545,Low latent risk,Targeted cross-sell through owned channels
13562,608.9544189803271,Mid Value,0.9777389652795266,Low latent risk,Targeted cross-sell through owned channels
13983,608.2956297239784,Mid Value,0.9955441165988456,Low latent risk,Targeted cross-sell through owned channels
14659,608.1681024658517,Mid Value,0.9968390748057651,Low latent risk,Targeted cross-sell through owned channels
17612,607.6572983148907,Mid Value,0.9895673429078636,Low latent risk,Targeted cross-sell through owned channels
17682,607.2334176086845,Mid Value,0.9953219647637026,Low latent risk,Targeted cross-sell through owned channels
18174,605.4125352229458,Mid Value,1.0,Low latent risk,Targeted cross-sell through owned channels
15050,605.3541207910849,Mid Value,0.9825791035989169,Low latent risk,Targeted cross-sell through owned channels
13017,604.9594403376396,Mid Value,1.0,Low latent risk,Targeted cross-sell through owned channels
15750,604.929286745548,Mid Value,0.9969238690242456,Low latent risk,Targeted cross-sell through owned channels
14837,604.504348062471,Mid Value,0.9675048691561734,Low latent risk,Targeted cross-sell through owned channels
15539,603.9764911266565,Mid Value,1.0,Low latent risk,Targeted cross-sell through owned channels
13560,603.7974675998352,Mid Value,1.0,Low latent risk,Targeted cross-sell through owned channels
12587,603.6257054808822,Mid Value,1.0,Low latent risk,Targeted cross-sell through owned channels
16409,602.8843469744429,Mid Value,0.9918534504471777,Low latent risk,Targeted cross-sell through owned channels
17942,602.754099963084,Mid Value,1.0,Low latent risk,Targeted cross-sell through owned channels
12558,602.7255656252053,Mid Value,1.0,Low latent risk,Targeted cross-sell through owned channels
16143,602.1953935493449,Mid Value,0.9957493101926645,Low latent risk,Targeted cross-sell through owned channels
16157,601.9526245180809,Mid Value,0.9865944083394524,Low latent risk,Targeted cross-sell through owned channels
13213,601.8338636287742,Mid Value,0.9834711887040851,Low latent risk,Targeted cross-sell through owned channels
16880,601.7992123050917,Mid Value,0.9915832325254093,Low latent risk,Targeted cross-sell through owned channels
14441,599.437019774613,Mid Value,0.9934236028082707,Low latent risk,Targeted cross-sell through owned channels
15399,598.6546047681213,Mid Value,0.9903757000262713,Low latent risk,Targeted cross-sell through owned channels
15245,598.6216531550746,Mid Value,0.9580659842622974,Low latent risk,Targeted cross-sell through owned channels
15033,598.5399675774571,Mid Value,0.9974220888578939,Low latent risk,Targeted cross-sell through owned channels
12628,598.2619567837504,Mid Value,0.9896317221679234,Low latent risk,Targeted cross-sell through owned channels
17696,596.4431889627372,Mid Value,0.9938011490914392,Low latent risk,Targeted cross-sell through owned channels
17152,596.2519978684556,Mid Value,0.8838705040040649,Low latent risk,Targeted cross-sell through owned channels
13157,595.7006948030598,Mid Value,0.9885289435154563,Low latent risk,Targeted cross-sell through owned channels
14306,595.5516850916687,Mid Value,0.9631647849757868,Low latent risk,Targeted cross-sell through owned channels
16789,594.5013218606457,Mid Value,1.0,Low latent risk,Targeted cross-sell through owned channels
15904,594.3487106203571,Mid Value,1.0,Low latent risk,Targeted cross-sell through owned channels
12407,593.6648450878055,Mid Value,0.9888494418255074,Low latent risk,Targeted cross-sell through owned channels
17004,593.1062801103454,Mid Value,0.9678752482161448,Low latent risk,Targeted cross-sell through owned channels
14804,592.895926195801,Mid Value,1.0,Low latent risk,Targeted cross-sell through owned channels
13134,590.9663425544092,Mid Value,0.9765800360827841,Low latent risk,Targeted cross-sell through owned channels
15117,590.3213955518363,Mid Value,0.9934847684420739,Low latent risk,Targeted cross-sell through owned channels
17930,588.5993982596779,Mid Value,0.9907707832625055,Low latent risk,Targeted cross-sell through owned channels
15453,587.4256042553227,Mid Value,0.9964592297399011,Low latent risk,Targeted cross-sell through owned channels
14730,587.3359821583523,Mid Value,0.9969709531602076,Low latent risk,Targeted cross-sell through owned channels
12843,587.1125254587963,Mid Value,0.982539827493135,Low latent risk,Targeted cross-sell through owned channels
17584,586.669080940724,Mid Value,0.9821349653574254,Low latent risk,Targeted cross-sell through owned channels
15821,586.4740400046089,Mid Value,0.961383124279001,Low latent risk,Targeted cross-sell through owned channels
17861,585.1917670218841,Mid Value,0.9968541687109733,Low latent risk,Targeted cross-sell through owned channels
15485,584.7893961914249,Mid Value,0.9885165525541018,Low latent risk,Targeted cross-sell through owned channels
13318,584.6484446931988,Mid Value,0.9903519737603969,Low latent risk,Targeted cross-sell through owned channels
17911,584.5416725733065,Mid Value,1.0,Low latent risk,Targeted cross-sell through owned channels
17954,584.5243469198148,Mid Value,0.9978030944159402,Low latent risk,Targeted cross-sell through owned channels
12966,583.6443677025853,Mid Value,1.0,Low latent risk,Targeted cross-sell through owned channels
16463,583.5499363612753,Mid Value,0.9909863343409138,Low latent risk,Targeted cross-sell through owned channels
17422,583.051661857281,Mid Value,0.9946574652603125,Low latent risk,Targeted cross-sell through owned channels
14828,582.8434135546344,Mid Value,0.9387705975096712,Low latent risk,Targeted cross-sell through owned channels
17666,582.5299175953652,Mid Value,0.9824789458012407,Low latent risk,Targeted cross-sell through owned channels
12953,582.3501861158466,Mid Value,1.0,Low latent risk,Targeted cross-sell through owned channels
18058,582.0441650623826,Mid Value,1.0,Low latent risk,Targeted cross-sell through owned channels
12782,581.5232613302419,Mid Value,0.994717297911704,Low latent risk,Targeted cross-sell through owned channels
17744,581.1603830774269,Mid Value,0.995739653678334,Low latent risk,Targeted cross-sell through owned channels
16681,581.069261311462,Mid Value,0.9810395579818356,Low latent risk,Targeted cross-sell through owned channels
14930,580.8056143083699,Mid Value,0.9721454313987136,Low latent risk,Targeted cross-sell through owned channels
13647,579.9113751645812,Mid Value,0.9926053937582283,Low latent risk,Targeted cross-sell through owned channels
12483,579.2379998485566,Mid Value,0.9958375348685505,Low latent risk,Targeted cross-sell through owned channels
18069,577.9411404611981,Mid Value,0.9929749099903101,Low latent risk,Targeted cross-sell through owned channels
13590,576.8321026741477,Mid Value,0.9951113084009835,Low latent risk,Targeted cross-sell through owned channels
18065,576.5249904606908,Mid Value,0.9980738790696788,Low latent risk,Targeted cross-sell through owned channels
14349,575.347174393438,Mid Value,1.0,Low latent risk,Targeted cross-sell through owned channels
15790,575.0485135013419,Mid Value,1.0,Low latent risk,Targeted cross-sell through owned channels
14719,574.9324445620387,Mid Value,0.9948849779340255,Low latent risk,Targeted cross-sell through owned channels
13428,574.8344489297186,Mid Value,1.0,Low latent risk,Targeted cross-sell through owned channels
15379,574.2364812517434,Mid Value,0.8893042225380764,Low latent risk,Targeted cross-sell through owned channels
17827,573.4090187386465,Mid Value,0.994675439346558,Low latent risk,Targeted cross-sell through owned channels
15783,573.0890176428873,Mid Value,1.0,Low latent risk,Targeted cross-sell through owned channels
14601,573.0761283219758,Mid Value,1.0,Low latent risk,Targeted cross-sell through owned channels
15148,572.5160070438185,Mid Value,1.0,Low latent risk,Targeted cross-sell through owned channels
15619,572.4709877064895,Mid Value,1.0,Low latent risk,Targeted cross-sell through owned channels
13349,572.4259754938344,Mid Value,1.0,Low latent risk,Targeted cross-sell through owned channels
17754,571.8543533215834,Mid Value,0.9949603077084743,Low latent risk,Targeted cross-sell through owned channels
15839,571.2654493646995,Mid Value,0.9846415547021021,Low latent risk,Targeted cross-sell through owned channels
14591,570.939394572668,Mid Value,0.9918554325660807,Low latent risk,Targeted cross-sell through owned channels
12364,570.4579971966144,Mid Value,0.9922576346330313,Low latent risk,Targeted cross-sell through owned channels
18228,570.2371877425188,Mid Value,0.9568214691322217,Low latent risk,Targeted cross-sell through owned channels
14862,569.8820124020992,Mid Value,0.9789931175085863,Low latent risk,Targeted cross-sell through owned channels
16710,568.7607207222218,Mid Value,0.9963589511065692,Low latent risk,Targeted cross-sell through owned channels
16407,568.5092955242767,Mid Value,0.9967703829617802,Low latent risk,Targeted cross-sell through owned channels
16128,568.2076142255756,Mid Value,0.9935529306365212,Low latent risk,Targeted cross-sell through owned channels
14759,568.1891055178958,Mid Value,0.9902006151215192,Low latent risk,Targeted cross-sell through owned channels
15493,567.1878022386088,Mid Value,0.991751845530629,Low latent risk,Targeted cross-sell through owned channels
17211,567.1149558125003,Mid Value,0.9951497731039376,Low latent risk,Targeted cross-sell through owned channels
14480,566.495869559102,Mid Value,1.0,Low latent risk,Targeted cross-sell through owned channels
13188,566.0743237986048,Mid Value,1.0,Low latent risk,Targeted cross-sell through owned channels
15811,566.0376063918326,Mid Value,0.9944428031522616,Low latent risk,Targeted cross-sell through owned channels
15701,565.8474421033213,Mid Value,0.9931369234399395,Low latent risk,Targeted cross-sell through owned channels
17359,565.7538686353544,Mid Value,1.0,Low latent risk,Targeted cross-sell through owned channels
17806,565.5969160916311,Mid Value,1.0,Low latent risk,Targeted cross-sell through owned channels
17828,565.5833698551005,Mid Value,0.9905333640975822,Low latent risk,Targeted cross-sell through owned channels
16800,565.559260520537,Mid Value,1.0,Low latent risk,Targeted cross-sell through owned channels
17379,565.4965124469204,Mid Value,1.0,Low latent risk,Targeted cross-sell through owned channels
17530,565.4694836402659,Mid Value,0.9976327370562568,Low latent risk,Targeted cross-sell through owned channels
15540,565.4651436642839,Mid Value,1.0,Low latent risk,Targeted cross-sell through owned channels
12660,565.3083522693072,Mid Value,1.0,Low latent risk,Targeted cross-sell through owned channels
12479,565.3083522693072,Mid Value,1.0,Low latent risk,Targeted cross-sell through owned channels
13844,565.2770044898365,Mid Value,1.0,Low latent risk,Targeted cross-sell through owned channels
16438,564.9075875321487,Mid Value,0.993950982164202,Low latent risk,Targeted cross-sell through owned channels
15721,564.8572815432744,Mid Value,1.0,Low latent risk,Targeted cross-sell through owned channels
15172,564.6389538333792,Mid Value,0.9942454423132626,Low latent risk,Targeted cross-sell through owned channels
17188,564.6360945367962,Mid Value,0.995887176136521,Low latent risk,Targeted cross-sell through owned channels
15265,564.2280391234697,Mid Value,0.9416387542586285,Low latent risk,Targeted cross-sell through owned channels
15864,563.1901151016497,Mid Value,0.9941936344374037,Low latent risk,Targeted cross-sell through owned channels
17090,562.2156992813012,Mid Value,0.9963313133377003,Low latent risk,Targeted cross-sell through owned channels
13650,561.4632712582154,Mid Value,0.9945171022850388,Low latent risk,Targeted cross-sell through owned channels
17655,560.1399450394141,Mid Value,0.9959548058409091,Low latent risk,Targeted cross-sell through owned channels
14859,559.8649297466477,Mid Value,0.9921463486301856,Low latent risk,Targeted cross-sell through owned channels
16057,559.7262396367281,Mid Value,0.9952433117604284,Low latent risk,Targeted cross-sell through owned channels
14188,559.1495066252063,Mid Value,0.9933050212651685,Low latent risk,Targeted cross-sell through owned channels
16841,558.9204972098381,Mid Value,0.9922391822103191,Low latent risk,Targeted cross-sell through owned channels
16875,558.5238045956835,Mid Value,0.9878262517227943,Low latent risk,Targeted cross-sell through owned channels
13396,557.7842144227329,Mid Value,0.9808197807131924,Low latent risk,Targeted cross-sell through owned channels
12589,557.5605170227378,Mid Value,0.978244935652854,Low latent risk,Targeted cross-sell through owned channels
14093,557.5239250511164,Mid Value,1.0,Low latent risk,Targeted cross-sell through owned channels
18044,557.3731654362018,Mid Value,0.9974466459468143,Low latent risk,Targeted cross-sell through owned channels
17885,556.8722760005951,Mid Value,1.0,Low latent risk,Targeted cross-sell through owned channels
14954,556.8114525378481,Mid Value,1.0,Low latent risk,Targeted cross-sell through owned channels
16024,556.422498763408,Mid Value,1.0,Low latent risk,Targeted cross-sell through owned channels
12935,556.0081078884931,Mid Value,0.996450586021208,Low latent risk,Targeted cross-sell through owned channels
17595,555.6149852076724,Mid Value,0.9786158872289276,Low latent risk,Targeted cross-sell through owned channels
14655,555.4804812679084,Mid Value,0.9926874598576704,Low latent risk,Targeted cross-sell through owned channels
13196,555.4359643064472,Mid Value,0.9925109201599432,Low latent risk,Targeted cross-sell through owned channels
18142,554.1512540222369,Mid Value,0.9266177136275641,Low latent risk,Targeted cross-sell through owned channels
14164,553.9794745014785,Mid Value,0.9400873071147033,Low latent risk,Targeted cross-sell through owned channels
14332,553.3234192590289,Mid Value,0.9870435091605888,Low latent risk,Targeted cross-sell through owned channels
14409,552.5827154747876,Mid Value,0.98830614257523,Low latent risk,Targeted cross-sell through owned channels
12925,552.0636393620625,Mid Value,0.9823146671366243,Low latent risk,Targeted cross-sell through owned channels
15373,551.6953022038791,Mid Value,0.9976116885952633,Low latent risk,Targeted cross-sell through owned channels
17705,550.9914538695348,Mid Value,0.9971947767255323,Low latent risk,Targeted cross-sell through owned channels
14498,550.7173335339702,Mid Value,0.9916568129111321,Low latent risk,Targeted cross-sell through owned channels
14209,550.182290741064,Mid Value,0.9952438582061689,Low latent risk,Targeted cross-sell through owned channels
14561,548.1362556073659,Mid Value,0.9735686093786668,Low latent risk,Targeted cross-sell through owned channels
15297,547.927269560493,Mid Value,0.9879713346441232,Low latent risk,Targeted cross-sell through owned channels
18283,547.1279734058346,Mid Value,0.9984011823114665,Low latent risk,Targeted cross-sell through owned channels
12937,547.0620266438527,Mid Value,0.9921601466236656,Low latent risk,Targeted cross-sell through owned channels
14141,545.282199138683,Mid Value,0.9930939246365044,Low latent risk,Targeted cross-sell through owned channels
15203,544.2228042405678,Mid Value,0.993840774494353,Low latent risk,Targeted cross-sell through owned channels
13931,543.967534156808,Mid Value,0.9704264297962222,Low latent risk,Targeted cross-sell through owned channels
14825,543.763642005177,Mid Value,0.9979151840592015,Low latent risk,Targeted cross-sell through owned channels
14232,543.597956855765,Mid Value,0.9901332500348238,Low latent risk,Targeted cross-sell through owned channels
13862,543.2184521550396,Mid Value,0.9957193591637131,Low latent risk,Targeted cross-sell through owned channels
17648,542.5684892079989,Mid Value,0.9850260384053497,Low latent risk,Targeted cross-sell through owned channels
15826,541.6353635066272,Mid Value,0.9819876861932485,Low latent risk,Targeted cross-sell through owned channels
13350,540.6996339773012,Mid Value,0.9791602667982612,Low latent risk,Targeted cross-sell through owned channels
14946,539.5080812493512,Mid Value,1.0,Low latent risk,Targeted cross-sell through owned channels
13332,539.4909598663943,Mid Value,1.0,Low latent risk,Targeted cross-sell through owned channels
14966,539.0917711176737,Mid Value,1.0,Low latent risk,Targeted cross-sell through owned channels
12531,538.7045565327486,Mid Value,1.0,Low latent risk,Targeted cross-sell through owned channels
17385,538.6476604132179,Mid Value,1.0,Low latent risk,Targeted cross-sell through owned channels
18143,538.6298813611081,Mid Value,0.922352589908682,Low latent risk,Targeted cross-sell through owned channels
14703,538.0850406176962,Mid Value,1.0,Low latent risk,Targeted cross-sell through owned channels
16856,537.9488259914906,Mid Value,1.0,Low latent risk,Targeted cross-sell through owned channels
14356,537.8126035640068,Mid Value,0.9234545594935699,Low latent risk,Targeted cross-sell through owned channels
16735,536.2828983686364,Mid Value,0.9854524828821337,Low latent risk,Targeted cross-sell through owned channels
15220,536.1329133116906,Mid Value,0.9894224643561818,Low latent risk,Targeted cross-sell through owned channels
17006,536.0821023287905,Mid Value,0.992596023149251,Low latent risk,Targeted cross-sell through owned channels
14978,535.4696100271996,Mid Value,0.9865689078718846,Low latent risk,Targeted cross-sell through owned channels
16426,533.8504670076704,Mid Value,0.9975350103279379,Low latent risk,Targeted cross-sell through owned channels
14462,533.6988126067599,Mid Value,0.9849064125325374,Low latent risk,Targeted cross-sell through owned channels
13147,533.568653354926,Mid Value,0.9915363888879952,Low latent risk,Targeted cross-sell through owned channels
12828,533.3731130228607,Mid Value,0.9956250469264406,Low latent risk,Targeted cross-sell through owned channels
15122,533.19379780223,Mid Value,0.9727673770706907,Low latent risk,Targeted cross-sell through owned channels
14756,532.9683486366274,Mid Value,1.0,Low latent risk,Targeted cross-sell through owned channels
17727,532.5954921219594,Mid Value,1.0,Low latent risk,Targeted cross-sell through owned channels
17449,532.5658665918891,Mid Value,0.9964608461999758,Low latent risk,Targeted cross-sell through owned channels
15428,532.5287672698045,Mid Value,1.0,Low latent risk,Targeted cross-sell through owned channels
13425,532.4217804336597,Mid Value,0.9742790531251481,Low latent risk,Targeted cross-sell through owned channels
17679,532.378574598124,Mid Value,0.9622562783214931,Low latent risk,Targeted cross-sell through owned channels
18184,532.0510643327225,Mid Value,1.0,Low latent risk,Targeted cross-sell through owned channels
17247,532.0122194842419,Mid Value,1.0,Low latent risk,Targeted cross-sell through owned channels
15725,531.8458061836357,Mid Value,1.0,Low latent risk,Targeted cross-sell through owned channels
17767,531.795902617916,Mid Value,1.0,Low latent risk,Targeted cross-sell through owned channels
14466,531.5690617750724,Mid Value,0.9944781431620721,Low latent risk,Targeted cross-sell through owned channels
17458,531.2365192462186,Mid Value,1.0,Low latent risk,Targeted cross-sell through owned channels
16482,531.0816522343201,Mid Value,1.0,Low latent risk,Targeted cross-sell through owned channels
18231,530.9934265104716,Mid Value,0.7924285576932243,Low latent risk,Targeted cross-sell through owned channels
13126,530.7350055401772,Mid Value,0.9968008528700293,Low latent risk,Targeted cross-sell through owned channels
13791,530.5677748308592,Mid Value,0.9292383877055865,Low latent risk,Targeted cross-sell through owned channels
13638,530.4465429800379,Mid Value,1.0,Low latent risk,Targeted cross-sell through owned channels
13430,529.3872435708475,Mid Value,0.9787159166901453,Low latent risk,Targeted cross-sell through owned channels
13761,529.3046243274249,Mid Value,0.9747281229310374,Low latent risk,Targeted cross-sell through owned channels
15088,529.0082141501374,Mid Value,0.9767051427858867,Low latent risk,Targeted cross-sell through owned channels
14595,528.5892259739301,Mid Value,0.994454423411356,Low latent risk,Targeted cross-sell through owned channels
15394,528.2736697986451,Mid Value,0.9928700208806878,Low latent risk,Targeted cross-sell through owned channels
16979,527.9807031164335,Mid Value,0.9957083406094496,Low latent risk,Targeted cross-sell through owned channels
16343,527.7544863877043,Mid Value,0.9735828755981086,Low latent risk,Targeted cross-sell through owned channels
18217,527.3716658853953,Mid Value,0.9734495954740064,Low latent risk,Targeted cross-sell through owned channels
14284,526.921038453266,Mid Value,0.9745297249226802,Low latent risk,Targeted cross-sell through owned channels
15812,526.6106042986563,Mid Value,0.9750023457482404,Low latent risk,Targeted cross-sell through owned channels
12823,526.5419159352488,Mid Value,0.9844633590282253,Low latent risk,Targeted cross-sell through owned channels
12625,526.443175239462,Mid Value,0.9319433259963724,Low latent risk,Targeted cross-sell through owned channels
16103,526.316072732134,Mid Value,0.9952975428509525,Low latent risk,Targeted cross-sell through owned channels
15665,524.2889980268126,Mid Value,0.9317328768210011,Low latent risk,Targeted cross-sell through owned channels
18087,524.2713403063751,Mid Value,0.9704385319165008,Low latent risk,Targeted cross-sell through owned channels
18084,523.6888745361374,Mid Value,1.0,Low latent risk,Targeted cross-sell through owned channels
14675,523.3719103825462,Mid Value,1.0,Low latent risk,Targeted cross-sell through owned channels
14581,523.2699193402791,Mid Value,1.0,Low latent risk,Targeted cross-sell through owned channels
15239,522.8550790663212,Mid Value,0.9808471726604557,Low latent risk,Targeted cross-sell through owned channels
17290,522.7002662138817,Mid Value,0.9819181177401193,Low latent risk,Targeted cross-sell through owned channels
13246,522.024379796357,Mid Value,0.9946331487416471,Low latent risk,Targeted cross-sell through owned channels
17503,521.3321589954902,Mid Value,0.9825719001085862,Low latent risk,Targeted cross-sell through owned channels
14710,521.3134717314445,Mid Value,0.9891673218983698,Low latent risk,Targeted cross-sell through owned channels
16550,521.2107574052859,Mid Value,0.9796960092724355,Low latent risk,Targeted cross-sell through owned channels
15819,520.9631639167749,Mid Value,0.9880632252433328,Low latent risk,Targeted cross-sell through owned channels
14412,520.9127709511932,Mid Value,0.9661710122749768,Low latent risk,Targeted cross-sell through owned channels
13831,520.6200177236312,Mid Value,0.9949130353515312,Low latent risk,Targeted cross-sell through owned channels
17724,519.9166260691431,Mid Value,0.9668176718290032,Low latent risk,Targeted cross-sell through owned channels
13492,519.8380556787515,Mid Value,0.9366953650661265,Low latent risk,Targeted cross-sell through owned channels
14440,519.6124237238085,Mid Value,0.9944914822060394,Low latent risk,Targeted cross-sell through owned channels
13875,519.1518841785601,Mid Value,0.9891492072015003,Low latent risk,Targeted cross-sell through owned channels
14608,518.6494738655114,Mid Value,0.9932055512308873,Low latent risk,Targeted cross-sell through owned channels
16229,517.9414016718638,Mid Value,0.9671988221419061,Low latent risk,Targeted cross-sell through owned channels
16743,517.7181147118495,Mid Value,0.9943809382458022,Low latent risk,Targeted cross-sell through owned channels
16115,517.4406226311007,Mid Value,0.99635807160332,Low latent risk,Targeted cross-sell through owned channels
12645,517.361261636226,Mid Value,0.9907007883579456,Low latent risk,Targeted cross-sell through owned channels
13149,516.8902566795134,Mid Value,0.9923323572857488,Low latent risk,Targeted cross-sell through owned channels
15634,516.8508215970459,Mid Value,1.0,Low latent risk,Targeted cross-sell through owned channels
12586,516.8298814895878,Mid Value,1.0,Low latent risk,Targeted cross-sell through owned channels
12928,516.743163647588,Mid Value,0.9923497797095819,Low latent risk,Targeted cross-sell through owned channels
18249,516.4271168860166,Mid Value,1.0,Low latent risk,Targeted cross-sell through owned channels
12920,516.4166638828365,Mid Value,1.0,Low latent risk,Targeted cross-sell through owned channels
13986,516.3905332373912,Mid Value,1.0,Low latent risk,Targeted cross-sell through owned channels
17297,516.3017089401877,Mid Value,1.0,Low latent risk,Targeted cross-sell through owned channels
13322,516.1868054759642,Mid Value,1.0,Low latent risk,Targeted cross-sell through owned channels
14246,515.9801653882358,Mid Value,0.9673540775270256,Low latent risk,Targeted cross-sell through owned channels
14649,515.7861075631158,Mid Value,0.993051320105938,Low latent risk,Targeted cross-sell through owned channels
14424,515.3891251519686,Mid Value,1.0,Low latent risk,Targeted cross-sell through owned channels
14506,515.264521285752,Mid Value,0.9938865725825616,Low latent risk,Targeted cross-sell through owned channels
15641,514.9852993590812,Mid Value,0.9805054632855543,Low latent risk,Targeted cross-sell through owned channels
17600,514.739264210621,Mid Value,1.0,Low latent risk,Targeted cross-sell through owned channels
18173,514.7251808287906,Mid Value,0.9796393555192806,Low latent risk,Targeted cross-sell through owned channels
16956,514.4953428178571,Mid Value,1.0,Low latent risk,Targeted cross-sell through owned channels
13403,514.3501384667742,Mid Value,1.0,Low latent risk,Targeted cross-sell through owned channels
15699,514.3397698826868,Mid Value,1.0,Low latent risk,Targeted cross-sell through owned channels
17400,514.3330689100197,Mid Value,0.9712701418958886,Low latent risk,Targeted cross-sell through owned channels
17014,513.9810449389046,Mid Value,0.9886012851236187,Low latent risk,Targeted cross-sell through owned channels
16466,513.8941293681142,Mid Value,0.993231682490545,Low latent risk,Targeted cross-sell through owned channels
14154,513.7022265734388,Mid Value,0.7453886247077414,Low latent risk,Targeted cross-sell through owned channels
17591,513.647268488458,Mid Value,0.9876226257626316,Low latent risk,Targeted cross-sell through owned channels
15785,512.8542510972053,Mid Value,0.9920511698001653,Low latent risk,Targeted cross-sell through owned channels
16200,511.86128345553095,Mid Value,0.9827491723291361,Low latent risk,Targeted cross-sell through owned channels
15134,511.3213688709085,Mid Value,0.9956477906759169,Low latent risk,Targeted cross-sell through owned channels
14810,509.9062749972527,Mid Value,0.9938680280182933,Low latent risk,Targeted cross-sell through owned channels
15115,508.9689476324894,Mid Value,1.0,Low latent risk,Targeted cross-sell through owned channels
17010,508.9181943523766,Mid Value,1.0,Low latent risk,Targeted cross-sell through owned channels
16389,508.8904265230157,Mid Value,0.987588001326483,Low latent risk,Targeted cross-sell through owned channels
14240,508.66678563202316,Mid Value,0.9796925790704607,Low latent risk,Targeted cross-sell through owned channels
13739,508.5429363404402,Mid Value,1.0,Low latent risk,Targeted cross-sell through owned channels
14267,508.44314283595486,Mid Value,0.9338470093503283,Low latent risk,Targeted cross-sell through owned channels
16293,508.42034016593703,Mid Value,0.996153674865329,Low latent risk,Targeted cross-sell through owned channels
16782,508.4131749881865,Mid Value,0.9976064640449616,Low latent risk,Targeted cross-sell through owned channels
17253,508.3605796246499,Mid Value,1.0,Low latent risk,Targeted cross-sell through owned channels
12984,508.24920416613935,Mid Value,1.0,Low latent risk,Targeted cross-sell through owned channels
15857,508.153055773638,Mid Value,1.0,Low latent risk,Targeted cross-sell through owned channels
16406,508.0468290680117,Mid Value,1.0,Low latent risk,Targeted cross-sell through owned channels
15645,508.03671456915174,Mid Value,1.0,Low latent risk,Targeted cross-sell through owned channels
15567,507.69811283563524,Mid Value,1.0,Low latent risk,Targeted cross-sell through owned channels
17505,507.66882935586807,Mid Value,0.9141838077619271,Low latent risk,Targeted cross-sell through owned channels
12795,507.59207738019774,Mid Value,1.0,Low latent risk,Targeted cross-sell through owned channels
12658,507.5668374106457,Mid Value,1.0,Low latent risk,Targeted cross-sell through owned channels
12349,507.4104059462644,Mid Value,1.0,Low latent risk,Targeted cross-sell through owned channels
14300,507.13814396768134,Mid Value,1.0,Low latent risk,Targeted cross-sell through owned channels
16366,506.94672834137594,Mid Value,1.0,Low latent risk,Targeted cross-sell through owned channels
12759,506.2339674845273,Mid Value,0.9849675452090443,Low latent risk,Targeted cross-sell through owned channels
15329,505.747367748775,Mid Value,0.9841716258651524,Low latent risk,Targeted cross-sell through owned channels
16639,505.0924929460497,Mid Value,0.9871624277239773,Low latent risk,Targeted cross-sell through owned channels
16224,504.8089197099941,Mid Value,0.9857646456482317,Low latent risk,Targeted cross-sell through owned channels
18219,504.7929261830813,Mid Value,0.9975609999326054,Low latent risk,Targeted cross-sell through owned channels
13563,504.649213745456,Mid Value,0.9558228017796329,Low latent risk,Targeted cross-sell through owned channels
17289,504.4383858209579,Mid Value,0.9860930837182204,Low latent risk,Targeted cross-sell through owned channels
14665,503.7148358534297,Mid Value,0.9881705591419369,Low latent risk,Targeted cross-sell through owned channels
14442,503.49892396268393,Mid Value,0.9355691420999728,Low latent risk,Targeted cross-sell through owned channels
14234,502.9502038842525,Mid Value,0.9848936172350942,Low latent risk,Targeted cross-sell through owned channels
16153,502.85341120970435,Mid Value,0.9907701190543992,Low latent risk,Targeted cross-sell through owned channels
17663,502.7571752147072,Mid Value,0.9942326743144282,Low latent risk,Targeted cross-sell through owned channels
13142,502.0994570690267,Mid Value,1.0,Low latent risk,Targeted cross-sell through owned channels
12723,502.03083238866003,Mid Value,0.9942778130559957,Low latent risk,Targeted cross-sell through owned channels
13832,501.9463970101304,Mid Value,1.0,Low latent risk,Targeted cross-sell through owned channels
17636,501.6701392575792,Mid Value,1.0,Low latent risk,Targeted cross-sell through owned channels
14860,501.5567648563089,Mid Value,1.0,Low latent risk,Targeted cross-sell through owned channels
16083,501.5062333166077,Mid Value,0.9732350055279161,Low latent risk,Targeted cross-sell through owned channels
16666,501.4779261076995,Mid Value,1.0,Low latent risk,Targeted cross-sell through owned channels
13305,501.45837833277153,Mid Value,0.9974554455319293,Low latent risk,Targeted cross-sell through owned channels
14950,501.41388798171766,Mid Value,1.0,Low latent risk,Targeted cross-sell through owned channels
15988,501.29078397304704,Mid Value,1.0,Low latent risk,Targeted cross-sell through owned channels
17561,501.1431394090243,Mid Value,1.0,Low latent risk,Targeted cross-sell through owned channels
14696,501.0647947808011,Mid Value,0.9963421135589625,Low latent risk,Targeted cross-sell through owned channels
18110,501.04967643037355,Mid Value,1.0,Low latent risk,Targeted cross-sell through owned channels
14052,501.0300044825333,Mid Value,1.0,Low latent risk,Targeted cross-sell through owned channels
16784,500.9808314109339,Mid Value,1.0,Low latent risk,Targeted cross-sell through owned channels
17731,500.8614084450619,Mid Value,0.970275069298045,Low latent risk,Targeted cross-sell through owned channels
14881,500.6172522495205,Mid Value,1.0,Low latent risk,Targeted cross-sell through owned channels
12702,500.4700064878899,Mid Value,1.0,Low latent risk,Targeted cross-sell through owned channels
13174,499.95302280190384,Mid Value,0.9895366228101637,Low latent risk,Targeted cross-sell through owned channels
15238,499.74280625130837,Mid Value,0.9865651809471647,Low latent risk,Targeted cross-sell through owned channels
16359,499.21474339528197,Mid Value,0.9969510555313691,Low latent risk,Targeted cross-sell through owned channels
14233,498.91672635984753,Mid Value,0.9888904521449666,Low latent risk,Targeted cross-sell through owned channels
16150,497.56419633655287,Mid Value,0.9917706113553115,Low latent risk,Targeted cross-sell through owned channels
15108,496.9721694672528,Mid Value,0.9152638664950379,Low latent risk,Targeted cross-sell through owned channels
17466,496.9201555584197,Mid Value,0.9808365607230772,Low latent risk,Targeted cross-sell through owned channels
12523,496.77258980785984,Mid Value,0.9963760934756557,Low latent risk,Targeted cross-sell through owned channels
16370,496.25717547217766,Mid Value,0.9760416276512323,Low latent risk,Targeted cross-sell through owned channels
13186,495.9407216492467,Mid Value,0.98173163749715,Low latent risk,Targeted cross-sell through owned channels
13055,495.3319312475414,Mid Value,0.9759165074711171,Low latent risk,Targeted cross-sell through owned channels
14226,494.64071766655024,Mid Value,0.9922514930929587,Low latent risk,Targeted cross-sell through owned channels
17221,494.5829592403161,Mid Value,0.9807269581350962,Low latent risk,Targeted cross-sell through owned channels
14217,494.3299549791454,Mid Value,0.9986169315973134,Low latent risk,Targeted cross-sell through owned channels
13805,494.2890350720954,Mid Value,0.9703092844880878,Low latent risk,Targeted cross-sell through owned channels
16983,493.54111756202997,Mid Value,0.9958270204229683,Low latent risk,Targeted cross-sell through owned channels
14038,492.03198959186426,Mid Value,0.9752452829916806,Low latent risk,Targeted cross-sell through owned channels
16698,492.02227047822595,Mid Value,0.8487397315994492,Low latent risk,Targeted cross-sell through owned channels
16919,491.98636474995004,Mid Value,0.7625056691068323,Low latent risk,Targeted cross-sell through owned channels
15834,491.9600131529581,Mid Value,0.9841036188836959,Low latent risk,Targeted cross-sell through owned channels
13867,490.4459542088473,Mid Value,0.9869030361728274,Low latent risk,Targeted cross-sell through owned channels
15128,489.75780686904056,Mid Value,0.9834355412929909,Low latent risk,Targeted cross-sell through owned channels
13614,489.6502128477395,Mid Value,0.9916579081012815,Low latent risk,Targeted cross-sell through owned channels
13232,489.31152756737526,Mid Value,0.9954485248945738,Low latent risk,Targeted cross-sell through owned channels
17873,489.0178734008675,Mid Value,0.9866158024497796,Low latent risk,Targeted cross-sell through owned channels
18205,488.96883682444263,Mid Value,0.9703509836238424,Low latent risk,Targeted cross-sell through owned channels
17790,488.1453824750572,Mid Value,0.996048548855144,Low latent risk,Targeted cross-sell through owned channels
17650,487.91951562409696,Mid Value,1.0,Low latent risk,Targeted cross-sell through owned channels
14793,487.9101911745006,Mid Value,1.0,Low latent risk,Targeted cross-sell through owned channels
15368,487.8728969609143,Mid Value,1.0,Low latent risk,Targeted cross-sell through owned channels
16954,487.8437389866277,Mid Value,0.9973866224054546,Low latent risk,Targeted cross-sell through owned channels
17301,487.5980291520121,Mid Value,1.0,Low latent risk,Targeted cross-sell through owned channels
17904,487.3839414898118,Mid Value,1.0,Low latent risk,Targeted cross-sell through owned channels
17286,487.337425715593,Mid Value,1.0,Low latent risk,Targeted cross-sell through owned channels
17147,487.2671529196752,Mid Value,0.9917229772989261,Low latent risk,Targeted cross-sell through owned channels
12391,487.1514519001218,Mid Value,1.0,Low latent risk,Targeted cross-sell through owned channels
16332,487.04306585289675,Mid Value,0.9940621212765749,Low latent risk,Targeted cross-sell through owned channels
15240,486.99296119078315,Mid Value,0.9907359722472172,Low latent risk,Targeted cross-sell through owned channels
12618,486.8866857774707,Mid Value,1.0,Low latent risk,Targeted cross-sell through owned channels
12603,486.7567312339244,Mid Value,1.0,Low latent risk,Targeted cross-sell through owned channels
14641,486.7567312339244,Mid Value,1.0,Low latent risk,Targeted cross-sell through owned channels
17722,486.651558896538,Mid Value,0.9828123313314947,Low latent risk,Targeted cross-sell through owned channels
12853,485.58103707836597,Mid Value,0.9470827164919319,Low latent risk,Targeted cross-sell through owned channels
13184,485.37815289005886,Mid Value,0.9965022997552583,Low latent risk,Targeted cross-sell through owned channels
12412,485.0065303685898,Mid Value,0.9716514490607767,Low latent risk,Targeted cross-sell through owned channels
17405,484.70342766637447,Mid Value,0.9904683467778292,Low latent risk,Targeted cross-sell through owned channels
12528,484.3002426619837,Mid Value,0.9952939927983129,Low latent risk,Targeted cross-sell through owned channels
14653,484.0604183061838,Mid Value,0.9965078520397663,Low latent risk,Targeted cross-sell through owned channels
14560,483.3908259751118,Mid Value,0.998530579507462,Low latent risk,Targeted cross-sell through owned channels
12445,482.3475283844087,Mid Value,1.0,Low latent risk,Targeted cross-sell through owned channels
15435,481.78327187821105,Mid Value,1.0,Low latent risk,Targeted cross-sell through owned channels
13828,481.6151621625416,Mid Value,1.0,Low latent risk,Targeted cross-sell through owned channels
14362,481.3700245361327,Mid Value,1.0,Low latent risk,Targeted cross-sell through owned channels
15747,481.18361008712486,Mid Value,0.9890536013949054,Low latent risk,Targeted cross-sell through owned channels
17985,481.17046828314034,Mid Value,1.0,Low latent risk,Targeted cross-sell through owned channels
16003,481.0220276440542,Mid Value,0.9928834882965253,Low latent risk,Targeted cross-sell through owned channels
12847,480.86239031404943,Mid Value,1.0,Low latent risk,Targeted cross-sell through owned channels
13160,480.8216450226875,Mid Value,1.0,Low latent risk,Targeted cross-sell through owned channels
15657,480.6044540540035,Mid Value,1.0,Low latent risk,Targeted cross-sell through owned channels
13048,480.47880744761693,Mid Value,0.9924542033946679,Low latent risk,Targeted cross-sell through owned channels
17835,480.44839045650264,Mid Value,0.9898285863415773,Low latent risk,Targeted cross-sell through owned channels
16368,479.0397769060718,Mid Value,0.9825397226937868,Low latent risk,Targeted cross-sell through owned channels
15706,478.7923258200185,Mid Value,0.9625755745442606,Low latent risk,Targeted cross-sell through owned channels
13131,478.64491677496864,Mid Value,0.9876058107572078,Low latent risk,Targeted cross-sell through owned channels
16245,476.48329327510135,Mid Value,0.9883597887773958,Low latent risk,Targeted cross-sell through owned channels
16755,476.3360394697576,Mid Value,0.9743809018376598,Low latent risk,Targeted cross-sell through owned channels
17311,475.70985201374003,Mid Value,0.9749868540112051,Low latent risk,Targeted cross-sell through owned channels
15906,475.61682505687713,Mid Value,0.9947201274835835,Low latent risk,Targeted cross-sell through owned channels
17228,475.3929993475513,Mid Value,0.9960784078847794,Low latent risk,Targeted cross-sell through owned channels
18006,475.3840649546238,Mid Value,1.0,Low latent risk,Targeted cross-sell through owned channels
15432,475.2867467069025,Mid Value,1.0,Low latent risk,Targeted cross-sell through owned channels
12842,475.0125931970483,Mid Value,0.9759021959769362,Low latent risk,Targeted cross-sell through owned channels
14020,474.9452814968969,Mid Value,0.9793867701968887,Low latent risk,Targeted cross-sell through owned channels
16561,474.7427079496467,Mid Value,0.9818956776804366,Low latent risk,Targeted cross-sell through owned channels
17896,474.6198696961746,Mid Value,1.0,Low latent risk,Targeted cross-sell through owned channels
16204,474.53609132310754,Mid Value,1.0,Low latent risk,Targeted cross-sell through owned channels
13926,474.4303085235191,Mid Value,1.0,Low latent risk,Targeted cross-sell through owned channels
18093,474.33510024729605,Mid Value,0.9798093680761648,Low latent risk,Targeted cross-sell through owned channels
17680,474.2805307363783,Mid Value,1.0,Low latent risk,Targeted cross-sell through owned channels
15900,474.1792643960256,Mid Value,1.0,Low latent risk,Targeted cross-sell through owned channels
14290,473.9757679523931,Mid Value,0.9942857011270275,Low latent risk,Targeted cross-sell through owned channels
17191,473.94152939642834,Mid Value,0.9945571861589315,Low latent risk,Targeted cross-sell through owned channels
15518,473.7637522567528,Mid Value,0.9879355680864217,Low latent risk,Targeted cross-sell through owned channels
14215,473.67349261544496,Mid Value,0.9952459795970213,Low latent risk,Targeted cross-sell through owned channels
17169,473.66628965328255,Mid Value,0.9731926685143208,Low latent risk,Targeted cross-sell through owned channels
15269,473.4452851736722,Mid Value,1.0,Low latent risk,Targeted cross-sell through owned channels
13449,473.1646051426753,Mid Value,1.0,Low latent risk,Targeted cross-sell through owned channels
16053,473.0267948120004,Mid Value,0.9763502765420627,Low latent risk,Targeted cross-sell through owned channels
15808,472.719619739771,Mid Value,0.5400226850890638,High latent risk,Low-cost automated re-engagement
14030,472.4629283588072,Mid Value,0.9958498061387411,Low latent risk,Targeted cross-sell through owned channels
14359,471.3665872185409,Mid Value,0.9859554626155729,Low latent risk,Targeted cross-sell through owned channels
13890,470.96806395861677,Mid Value,0.9976247830473689,Low latent risk,Targeted cross-sell through owned channels
12640,470.749366104804,Mid Value,0.9841912924813438,Low latent risk,Targeted cross-sell through owned channels
14113,470.5959807173861,Mid Value,0.9932514798270347,Low latent risk,Targeted cross-sell through owned channels
17545,470.3637328255082,Mid Value,0.9518259343894141,Low latent risk,Targeted cross-sell through owned channels
15351,470.2183807941834,Mid Value,0.9958290795533928,Low latent risk,Targeted cross-sell through owned channels
12886,469.7679619952988,Mid Value,0.9729279277405656,Low latent risk,Targeted cross-sell through owned channels
13772,469.4668069187335,Mid Value,0.9869398830617662,Low latent risk,Targeted cross-sell through owned channels
12890,469.24407827012953,Mid Value,1.0,Low latent risk,Targeted cross-sell through owned channels
15241,469.2381346011021,Mid Value,0.9838944607065477,Low latent risk,Targeted cross-sell through owned channels
15556,468.9081201551507,Mid Value,1.0,Low latent risk,Targeted cross-sell through owned channels
13982,468.82156811778407,Mid Value,0.9905696036579624,Low latent risk,Targeted cross-sell through owned channels
18181,468.6500199095362,Mid Value,1.0,Low latent risk,Targeted cross-sell through owned channels
12423,468.606577720538,Mid Value,0.9970300279402948,Low latent risk,Targeted cross-sell through owned channels
13481,468.580258551681,Mid Value,0.9893832757406535,Low latent risk,Targeted cross-sell through owned channels
15720,468.5640499904791,Mid Value,1.0,Low latent risk,Targeted cross-sell through owned channels
13593,468.4832253737229,Mid Value,0.9767876512697868,Low latent risk,Targeted cross-sell through owned channels
17153,468.2805742060949,Mid Value,1.0,Low latent risk,Targeted cross-sell through owned channels
14714,468.13038607935215,Mid Value,1.0,Low latent risk,Targeted cross-sell through owned channels
15571,468.1048665743875,Mid Value,0.9908351580022727,Low latent risk,Targeted cross-sell through owned channels
14666,468.0874929819589,Mid Value,1.0,Low latent risk,Targeted cross-sell through owned channels
14725,468.02316815761486,Mid Value,1.0,Low latent risk,Targeted cross-sell through owned channels
15524,467.88171611756746,Mid Value,1.0,Low latent risk,Targeted cross-sell through owned channels
15758,467.5348799963616,Mid Value,1.0,Low latent risk,Targeted cross-sell through owned channels
17759,467.3787213561006,Mid Value,0.9883095855411274,Low latent risk,Targeted cross-sell through owned channels
13673,467.33420461680873,Mid Value,0.9746676936499704,Low latent risk,Targeted cross-sell through owned channels
17510,467.32959142914285,Mid Value,1.0,Low latent risk,Targeted cross-sell through owned channels
15419,467.1714718738603,Mid Value,1.0,Low latent risk,Targeted cross-sell through owned channels
16423,467.16292793670556,Mid Value,1.0,Low latent risk,Targeted cross-sell through owned channels
18061,467.1175819638012,Mid Value,0.9961546675475944,Low latent risk,Targeted cross-sell through owned channels
18073,466.761422120879,Mid Value,0.2727740603808714,High latent risk,Low-cost automated re-engagement
17594,466.5542546667492,Mid Value,0.9710458060803209,Low latent risk,Targeted cross-sell through owned channels
18177,465.9516556644295,Mid Value,0.9925111402872736,Low latent risk,Targeted cross-sell through owned channels
13495,465.48745061425745,Mid Value,0.9945461857492741,Low latent risk,Targeted cross-sell through owned channels
12620,465.1725025145051,Mid Value,0.9890091892394269,Low latent risk,Targeted cross-sell through owned channels
14544,465.02373569483416,Mid Value,0.9814997375219128,Low latent risk,Targeted cross-sell through owned channels
17634,464.91201825373923,Mid Value,0.9939251148364979,Low latent risk,Targeted cross-sell through owned channels
14897,464.3461751552057,Mid Value,0.9929147688567062,Low latent risk,Targeted cross-sell through owned channels
13995,463.9546496295908,Mid Value,0.9935788208174003,Low latent risk,Targeted cross-sell through owned channels
16794,463.8397141658653,Mid Value,0.9975955674230467,Low latent risk,Targeted cross-sell through owned channels
16184,463.51148055995293,Mid Value,0.9801094028186988,Low latent risk,Targeted cross-sell through owned channels
16348,462.964790511528,Mid Value,0.9925284928487741,Low latent risk,Targeted cross-sell through owned channels
12374,462.6616855410126,Mid Value,1.0,Low latent risk,Targeted cross-sell through owned channels
16504,462.5820989216531,Mid Value,1.0,Low latent risk,Targeted cross-sell through owned channels
14953,462.5025398367844,Mid Value,1.0,Low latent risk,Targeted cross-sell through owned channels
17044,462.37279198306163,Mid Value,1.0,Low latent risk,Targeted cross-sell through owned channels
17793,462.3560556576228,Mid Value,1.0,Low latent risk,Targeted cross-sell through owned channels
16207,462.2180274561929,Mid Value,1.0,Low latent risk,Targeted cross-sell through owned channels
15116,462.11548064984396,Mid Value,0.9915268966357248,Low latent risk,Targeted cross-sell through owned channels
15458,462.0382968489618,Mid Value,1.0,Low latent risk,Targeted cross-sell through owned channels
18117,461.95057251961543,Mid Value,1.0,Low latent risk,Targeted cross-sell through owned channels
18082,461.9422195689239,Mid Value,1.0,Low latent risk,Targeted cross-sell through owned channels
17538,461.80443973355716,Mid Value,1.0,Low latent risk,Targeted cross-sell through owned channels
15021,461.76347274417486,Mid Value,0.9969124751048053,Low latent risk,Targeted cross-sell through owned channels
15111,461.6174102585072,Mid Value,0.9885976428461496,Low latent risk,Targeted cross-sell through owned channels
15168,461.61252086096914,Mid Value,1.0,Low latent risk,Targeted cross-sell through owned channels
12938,461.5916697807981,Mid Value,1.0,Low latent risk,Targeted cross-sell through owned channels
16936,461.52079027748533,Mid Value,1.0,Low latent risk,Targeted cross-sell through owned channels
14902,461.39576219462754,Mid Value,1.0,Low latent risk,Targeted cross-sell through owned channels
16394,461.3731441226767,Mid Value,0.98826943831039,Low latent risk,Targeted cross-sell through owned channels
15281,461.33847542570237,Mid Value,0.9891544257632099,Low latent risk,Targeted cross-sell through owned channels
14869,461.1418274423627,Mid Value,0.9816936034682707,Low latent risk,Targeted cross-sell through owned channels
14494,461.09181160991324,Mid Value,1.0,Low latent risk,Targeted cross-sell through owned channels
14621,460.97893070103714,Mid Value,0.9949154190740137,Low latent risk,Targeted cross-sell through owned channels
16174,460.8875646408811,Mid Value,0.8798110416902158,Low latent risk,Targeted cross-sell through owned channels
13743,460.4922288621289,Mid Value,0.9964042003128669,Low latent risk,Targeted cross-sell through owned channels
17777,460.2839567697699,Mid Value,0.9849537322391192,Low latent risk,Targeted cross-sell through owned channels
18179,460.2105749276713,Mid Value,0.9953403752961607,Low latent risk,Targeted cross-sell through owned channels
14970,459.60287255652077,Mid Value,0.9860291128920647,Low latent risk,Targeted cross-sell through owned channels
15367,459.24476071221494,Mid Value,0.986668797394549,Low latent risk,Targeted cross-sell through owned channels
13321,458.4795396532325,Mid Value,0.9419873862875018,Low latent risk,Targeted cross-sell through owned channels
12633,457.9692080615036,Mid Value,0.9868481295768559,Low latent risk,Targeted cross-sell through owned channels
13823,457.62317507545794,Mid Value,0.9789393707308762,Low latent risk,Targeted cross-sell through owned channels
12463,457.5892136785443,Mid Value,0.9862628411950718,Low latent risk,Targeted cross-sell through owned channels
12879,457.4148412210333,Mid Value,0.9744717224089033,Low latent risk,Targeted cross-sell through owned channels
15489,457.2294736811806,Mid Value,0.988035896029007,Low latent risk,Targeted cross-sell through owned channels
17432,457.20914904363855,Mid Value,0.9754558833400735,Low latent risk,Targeted cross-sell through owned channels
17703,456.9982384800301,Mid Value,0.9836711024186147,Low latent risk,Targeted cross-sell through owned channels
16720,456.89065992231724,Mid Value,1.0,Low latent risk,Targeted cross-sell through owned channels
14382,456.87432035492736,Mid Value,1.0,Low latent risk,Targeted cross-sell through owned channels
13603,456.7885569065632,Mid Value,1.0,Low latent risk,Targeted cross-sell through owned channels
13146,456.6742560042134,Mid Value,1.0,Low latent risk,Targeted cross-sell through owned channels
15214,456.30358405435476,Mid Value,0.9969548183007866,Low latent risk,Targeted cross-sell through owned channels
13566,456.2525333077068,Mid Value,0.9694063284830162,Low latent risk,Targeted cross-sell through owned channels
14210,456.18040282925534,Mid Value,0.9793275346373604,Low latent risk,Targeted cross-sell through owned channels
13991,456.07666126982576,Mid Value,0.9941485787136051,Low latent risk,Targeted cross-sell through owned channels
13170,455.90015987648826,Mid Value,1.0,Low latent risk,Targeted cross-sell through owned channels
14661,455.7863056358932,Mid Value,1.0,Low latent risk,Targeted cross-sell through owned channels
13558,455.78208707886057,Mid Value,0.9922889178172648,Low latent risk,Targeted cross-sell through owned channels
14346,455.6497987395111,Mid Value,0.9659238474554972,Low latent risk,Targeted cross-sell through owned channels
18263,455.62767312500256,Mid Value,0.9880917029419156,Low latent risk,Targeted cross-sell through owned channels
16515,455.5551748136792,Mid Value,0.9895803267434964,Low latent risk,Targeted cross-sell through owned channels
18237,455.06556891992693,Mid Value,0.9947007040971876,Low latent risk,Targeted cross-sell through owned channels
12680,454.5208471039297,Mid Value,0.9934359107893396,Low latent risk,Targeted cross-sell through owned channels
12885,454.42390488106327,Mid Value,0.968613403935006,Low latent risk,Targeted cross-sell through owned channels
16311,454.3483254907157,Mid Value,0.976995833720855,Low latent risk,Targeted cross-sell through owned channels
13094,454.22791184994674,Mid Value,0.996512860989376,Low latent risk,Targeted cross-sell through owned channels
16791,452.5042289229893,Mid Value,0.9942083747537083,Low latent risk,Targeted cross-sell through owned channels
16571,452.39682055143555,Mid Value,0.9882516071158767,Low latent risk,Targeted cross-sell through owned channels
17218,452.1098948059643,Mid Value,0.9974497388642678,Low latent risk,Targeted cross-sell through owned channels
18161,452.0540379890485,Mid Value,0.9938971284304786,Low latent risk,Targeted cross-sell through owned channels
16992,452.0252365694037,Mid Value,0.9941909366957367,Low latent risk,Targeted cross-sell through owned channels
13477,451.8155257195122,Mid Value,0.992157382141085,Low latent risk,Targeted cross-sell through owned channels
18035,451.6408543234958,Mid Value,0.9669783652295337,Low latent risk,Targeted cross-sell through owned channels
14472,450.6187433715371,Mid Value,0.9721959731206815,Low latent risk,Targeted cross-sell through owned channels
16121,450.478160003427,Mid Value,0.9748810313537014,Low latent risk,Targeted cross-sell through owned channels
14071,448.92375324688805,Mid Value,0.996808276985061,Low latent risk,Targeted cross-sell through owned channels
17298,448.79231802093676,Mid Value,0.9303465863385404,Low latent risk,Targeted cross-sell through owned channels
17629,448.56676427545705,Mid Value,0.9967376753683063,Low latent risk,Targeted cross-sell through owned channels
14064,448.1286144445205,Mid Value,0.992192140117803,Low latent risk,Targeted cross-sell through owned channels
16711,447.7872700197942,Mid Value,0.9947966383974217,Low latent risk,Targeted cross-sell through owned channels
12722,447.4428406311793,Mid Value,0.9513039236966132,Low latent risk,Targeted cross-sell through owned channels
16455,447.2093399456213,Mid Value,0.9898673105404986,Low latent risk,Targeted cross-sell through owned channels
14336,447.1237203459462,Mid Value,0.9920923582374243,Low latent risk,Targeted cross-sell through owned channels
14533,447.1140152708224,Mid Value,0.9948153436006901,Low latent risk,Targeted cross-sell through owned channels
17738,446.5347272247237,Mid Value,0.9918512536717364,Low latent risk,Targeted cross-sell through owned channels
15380,446.2977640830814,Mid Value,0.9944821546209734,Low latent risk,Targeted cross-sell through owned channels
14297,446.11712661876055,Mid Value,0.9919790262903918,Low latent risk,Targeted cross-sell through owned channels
17054,446.04440424875395,Mid Value,0.9919707174287722,Low latent risk,Targeted cross-sell through owned channels
17668,445.6736896622329,Mid Value,0.9829632083296026,Low latent risk,Targeted cross-sell through owned channels
17588,445.5320279120442,Mid Value,0.9697480741939294,Low latent risk,Targeted cross-sell through owned channels
15827,445.485152347927,Mid Value,0.9785985649965401,Low latent risk,Targeted cross-sell through owned channels
13091,445.31407118912875,Mid Value,1.0,Low latent risk,Targeted cross-sell through owned channels
13732,445.29467448152485,Mid Value,1.0,Low latent risk,Targeted cross-sell through owned channels
18014,445.21322686291404,Mid Value,1.0,Low latent risk,Targeted cross-sell through owned channels
17052,445.06592159915965,Mid Value,1.0,Low latent risk,Targeted cross-sell through owned channels
14477,445.0098365960274,Mid Value,0.9919144521156091,Low latent risk,Targeted cross-sell through owned channels
17063,444.98795974927947,Mid Value,0.9947508784866399,Low latent risk,Targeted cross-sell through owned channels
15692,444.918714332277,Mid Value,1.0,Low latent risk,Targeted cross-sell through owned channels
16433,444.90709687673933,Mid Value,1.0,Low latent risk,Targeted cross-sell through owned channels
15557,444.58592238536727,Mid Value,1.0,Low latent risk,Targeted cross-sell through owned channels
18209,444.4351700565862,Mid Value,1.0,Low latent risk,Targeted cross-sell through owned channels
15215,444.0820532924316,Mid Value,0.9741482203064774,Low latent risk,Targeted cross-sell through owned channels
12530,443.76527232680223,Mid Value,0.987913347133596,Low latent risk,Targeted cross-sell through owned channels
14789,443.7099065425952,Mid Value,1.0,Low latent risk,Targeted cross-sell through owned channels
13282,443.17166571595953,Mid Value,0.9886670705008362,Low latent risk,Targeted cross-sell through owned channels
16638,442.02880929005363,Mid Value,0.996069273201901,Low latent risk,Targeted cross-sell through owned channels
17571,441.51622081491644,Mid Value,0.9883986054115816,Low latent risk,Targeted cross-sell through owned channels
13824,441.1370825982068,Mid Value,0.9922133492375672,Low latent risk,Targeted cross-sell through owned channels
17901,440.1568983801703,Mid Value,1.0,Low latent risk,Targeted cross-sell through owned channels
12538,440.1076381542937,Mid Value,1.0,Low latent risk,Targeted cross-sell through owned channels
17519,440.0096250266726,Mid Value,0.9948405593899501,Low latent risk,Targeted cross-sell through owned channels
16903,439.7139551618643,Mid Value,1.0,Low latent risk,Targeted cross-sell through owned channels
14863,439.6080845736048,Mid Value,1.0,Low latent risk,Targeted cross-sell through owned channels
12617,439.51360057680233,Mid Value,1.0,Low latent risk,Targeted cross-sell through owned channels
17977,439.2454886009793,Mid Value,1.0,Low latent risk,Targeted cross-sell through owned channels
15463,439.1285287664984,Mid Value,1.0,Low latent risk,Targeted cross-sell through owned channels
17791,438.9475531980695,Mid Value,1.0,Low latent risk,Targeted cross-sell through owned channels
12659,438.8872613395021,Mid Value,1.0,Low latent risk,Targeted cross-sell through owned channels
16025,438.85712165586875,Mid Value,1.0,Low latent risk,Targeted cross-sell through owned channels
17197,438.58228922781564,Mid Value,1.0,Low latent risk,Targeted cross-sell through owned channels
14524,438.09124248451667,Mid Value,0.9948441408697881,Low latent risk,Targeted cross-sell through owned channels
14720,437.8930000059842,Mid Value,0.9898092218024658,Low latent risk,Targeted cross-sell through owned channels
16098,436.7106977965719,Mid Value,0.9840709617033973,Low latent risk,Targeted cross-sell through owned channels
17764,436.687719680711,Mid Value,0.976070702184404,Low latent risk,Targeted cross-sell through owned channels
17522,436.1917908360854,Mid Value,0.9948748532564377,Low latent risk,Targeted cross-sell through owned channels
17562,435.54307476564827,Mid Value,0.9947166339467031,Low latent risk,Targeted cross-sell through owned channels
16020,435.46909382581657,Mid Value,0.9859019685854546,Low latent risk,Targeted cross-sell through owned channels
17410,435.0895047793298,Mid Value,0.9932752304456746,Low latent risk,Targeted cross-sell through owned channels
17002,434.89049007055496,Mid Value,0.9796400805514991,Low latent risk,Targeted cross-sell through owned channels
15450,434.70043279050157,Mid Value,1.0,Low latent risk,Targeted cross-sell through owned channels
18274,434.6708685762683,Mid Value,1.0,Low latent risk,Targeted cross-sell through owned channels
16953,434.41604498357026,Mid Value,1.0,Low latent risk,Targeted cross-sell through owned channels
13992,434.3016568118895,Mid Value,1.0,Low latent risk,Targeted cross-sell through owned channels
15986,434.27952416244216,Mid Value,1.0,Low latent risk,Targeted cross-sell through owned channels
13522,434.2573937813563,Mid Value,1.0,Low latent risk,Targeted cross-sell through owned channels
16516,434.2131398228637,Mid Value,1.0,Low latent risk,Targeted cross-sell through owned channels
14968,433.9883223686011,Mid Value,1.0,Low latent risk,Targeted cross-sell through owned channels
15950,433.98370342159205,Mid Value,0.9912166081413205,Low latent risk,Targeted cross-sell through owned channels
17038,433.9588554756854,Mid Value,1.0,Low latent risk,Targeted cross-sell through owned channels
12532,433.94780642823025,Mid Value,1.0,Low latent risk,Targeted cross-sell through owned channels
17011,433.8852058450053,Mid Value,1.0,Low latent risk,Targeted cross-sell through owned channels
12716,433.8306472366683,Mid Value,0.9827807166386978,Low latent risk,Targeted cross-sell through owned channels
12893,433.6791205552189,Mid Value,1.0,Low latent risk,Targeted cross-sell through owned channels
16751,433.2895690565632,Mid Value,1.0,Low latent risk,Targeted cross-sell through owned channels
17088,432.9921495536151,Mid Value,0.9906276556608911,Low latent risk,Targeted cross-sell through owned channels
14229,432.36419948505056,Mid Value,0.9861513446447713,Low latent risk,Targeted cross-sell through owned channels
16493,432.2603890434381,Mid Value,0.9844957190123239,Low latent risk,Targeted cross-sell through owned channels
13750,432.1068482904669,Mid Value,0.989949305467152,Low latent risk,Targeted cross-sell through owned channels
15530,431.7925752533337,Mid Value,0.9913898375578625,Low latent risk,Targeted cross-sell through owned channels
17932,431.73310900052803,Mid Value,0.9871102822826835,Low latent risk,Targeted cross-sell through owned channels
14856,430.9140989639055,Mid Value,0.9717749569270107,Low latent risk,Targeted cross-sell through owned channels
17621,430.28085515036787,Mid Value,0.9891313068152373,Low latent risk,Targeted cross-sell through owned channels
13414,429.84093859187544,Mid Value,0.9656841911309672,Low latent risk,Targeted cross-sell through owned channels
12381,429.7846270747605,Mid Value,0.9943678262687073,Low latent risk,Targeted cross-sell through owned channels
13940,429.609475223135,Mid Value,0.990818379387706,Low latent risk,Targeted cross-sell through owned channels
17022,429.43601897250034,Mid Value,1.0,Low latent risk,Targeted cross-sell through owned channels
15153,429.43601897250034,Mid Value,1.0,Low latent risk,Targeted cross-sell through owned channels
18216,429.3855365323165,Mid Value,1.0,Low latent risk,Targeted cross-sell through owned channels
17457,429.3688203761675,Mid Value,0.9689797605949795,Low latent risk,Targeted cross-sell through owned channels
15762,429.2833111690702,Mid Value,0.9454003786046369,Low latent risk,Targeted cross-sell through owned channels
15611,429.2063563087177,Mid Value,0.997624607433695,Low latent risk,Targeted cross-sell through owned channels
13012,429.19784076536615,Mid Value,0.9963680893280853,Low latent risk,Targeted cross-sell through owned channels
17313,429.1333032522927,Mid Value,1.0,Low latent risk,Targeted cross-sell through owned channels
15043,428.84899766191785,Mid Value,1.0,Low latent risk,Targeted cross-sell through owned channels
15253,428.6104833632904,Mid Value,0.9928442727736165,Low latent risk,Targeted cross-sell through owned channels
16249,428.3848545603899,Mid Value,0.9872535358254126,Low latent risk,Targeted cross-sell through owned channels
15957,428.37479973340163,Mid Value,1.0,Low latent risk,Targeted cross-sell through owned channels
16505,428.37479973340163,Mid Value,1.0,Low latent risk,Targeted cross-sell through owned channels
17219,428.1990399849229,Mid Value,1.0,Low latent risk,Targeted cross-sell through owned channels
16732,427.8730134999723,Mid Value,1.0,Low latent risk,Targeted cross-sell through owned channels
13710,427.5224659028603,Mid Value,1.0,Low latent risk,Targeted cross-sell through owned channels
13564,425.6562571062213,Mid Value,0.9709049682996671,Low latent risk,Targeted cross-sell through owned channels
14108,425.58521238088196,Mid Value,0.9757250666495599,Low latent risk,Targeted cross-sell through owned channels
17802,425.4760422113288,Mid Value,0.9831829100694207,Low latent risk,Targeted cross-sell through owned channels
18252,425.3883002989289,Mid Value,0.9742769512646311,Low latent risk,Targeted cross-sell through owned channels
14929,424.34756060040894,Mid Value,1.0,Low latent risk,Targeted cross-sell through owned channels
14073,424.02388708162545,Mid Value,1.0,Low latent risk,Targeted cross-sell through owned channels
16040,423.5872692169038,Mid Value,0.9826141138205667,Low latent risk,Targeted cross-sell through owned channels
17623,423.12233722088587,Mid Value,1.0,Low latent risk,Targeted cross-sell through owned channels
14080,423.04184166735035,Mid Value,1.0,Low latent risk,Targeted cross-sell through owned channels
15870,423.00335467947224,Mid Value,1.0,Low latent risk,Targeted cross-sell through owned channels
17761,422.88094291498334,Mid Value,1.0,Low latent risk,Targeted cross-sell through owned channels
14583,421.94807136264797,Mid Value,0.9944744846656233,Low latent risk,Targeted cross-sell through owned channels
16070,421.29081349446943,Mid Value,0.9719096506755078,Low latent risk,Targeted cross-sell through owned channels
17293,421.2647517409347,Mid Value,0.9969134920811743,Low latent risk,Targeted cross-sell through owned channels
14931,420.906719029517,Mid Value,0.9946173915733572,Low latent risk,Targeted cross-sell through owned channels
13109,420.64748366096967,Mid Value,0.9706139566705051,Low latent risk,Targeted cross-sell through owned channels
14045,420.64395260498577,Mid Value,0.9804329602812665,Low latent risk,Targeted cross-sell through owned channels
15963,420.524840891061,Mid Value,0.9756795853127473,Low latent risk,Targeted cross-sell through owned channels
15620,420.40153262642923,Mid Value,0.9859848855435193,Low latent risk,Targeted cross-sell through owned channels
15315,420.1950917063101,Mid Value,0.9622954637073693,Low latent risk,Targeted cross-sell through owned channels
13200,419.653561068926,Mid Value,0.9900341444607785,Low latent risk,Targeted cross-sell through owned channels
12357,419.08342379463653,Mid Value,1.0,Low latent risk,Targeted cross-sell through owned channels
15025,418.92210686732705,Mid Value,1.0,Low latent risk,Targeted cross-sell through owned channels
17831,418.8843698731747,Mid Value,1.0,Low latent risk,Targeted cross-sell through owned channels
14039,418.60669874033647,Mid Value,1.0,Low latent risk,Targeted cross-sell through owned channels
14174,418.50052745627147,Mid Value,1.0,Low latent risk,Targeted cross-sell through owned channels
12638,418.47998443007964,Mid Value,1.0,Low latent risk,Targeted cross-sell through owned channels
16445,418.34650417395477,Mid Value,1.0,Low latent risk,Targeted cross-sell through owned channels
12963,418.329272011033,Mid Value,0.9965585403306669,Low latent risk,Targeted cross-sell through owned channels
13532,418.3225552416725,Mid Value,1.0,Low latent risk,Targeted cross-sell through owned channels
15017,417.93974694176404,Mid Value,1.0,Low latent risk,Targeted cross-sell through owned channels
14245,417.78939012515985,Mid Value,0.8818500809056085,Low latent risk,Targeted cross-sell through owned channels
16637,415.67744599629924,Mid Value,0.9896546849827978,Low latent risk,Targeted cross-sell through owned channels
14673,414.70437782094433,Mid Value,0.9947957990039402,Low latent risk,Targeted cross-sell through owned channels
15681,414.0946678648255,Mid Value,0.992735282062623,Low latent risk,Targeted cross-sell through owned channels
13730,413.98006898475876,Mid Value,0.9106851247116927,Low latent risk,Targeted cross-sell through owned channels
16094,413.90616595297814,Mid Value,0.9923433191754288,Low latent risk,Targeted cross-sell through owned channels
16232,413.7900657636381,Mid Value,0.9874066890056059,Low latent risk,Targeted cross-sell through owned channels
17463,413.41250606112175,Mid Value,0.9937832332733525,Low latent risk,Targeted cross-sell through owned channels
18178,413.37260492200943,Mid Value,0.9745187372258096,Low latent risk,Targeted cross-sell through owned channels
17870,413.0239494930699,Mid Value,0.9979807455635814,Low latent risk,Targeted cross-sell through owned channels
14587,412.96024817448364,Mid Value,0.9960282799385096,Low latent risk,Targeted cross-sell through owned channels
13236,411.5053036886511,Mid Value,0.9778678201038966,Low latent risk,Targeted cross-sell through owned channels
17162,411.4358230243259,Mid Value,0.9948451164139269,Low latent risk,Targeted cross-sell through owned channels
13627,411.42523489407586,Mid Value,0.9895357692050547,Low latent risk,Targeted cross-sell through owned channels
12775,411.071338471932,Mid Value,0.9937012607368679,Low latent risk,Targeted cross-sell through owned channels
14529,410.8727660405019,Mid Value,0.9672191894490482,Low latent risk,Targeted cross-sell through owned channels
16996,410.56558359734805,Mid Value,0.9936774103629628,Low latent risk,Targeted cross-sell through owned channels
14035,410.5437391726323,Mid Value,0.9925210201737729,Low latent risk,Targeted cross-sell through owned channels
17282,410.35587204989577,Mid Value,0.967412251154373,Low latent risk,Targeted cross-sell through owned channels
13023,409.67381482370985,Mid Value,0.965078790768674,Low latent risk,Targeted cross-sell through owned channels
13681,409.3368781825925,Mid Value,0.990959559084857,Low latent risk,Targeted cross-sell through owned channels
13938,409.12916051308355,Mid Value,1.0,Low latent risk,Targeted cross-sell through owned channels
16887,409.0310371655233,Mid Value,1.0,Low latent risk,Targeted cross-sell through owned channels
17233,409.02776720226626,Mid Value,1.0,Low latent risk,Targeted cross-sell through owned channels
15597,408.89701176316777,Mid Value,1.0,Low latent risk,Targeted cross-sell through owned channels
17274,408.8643360355529,Mid Value,1.0,Low latent risk,Targeted cross-sell through owned channels
16318,408.8283987992515,Mid Value,1.0,Low latent risk,Targeted cross-sell through owned channels
14312,408.7848575581079,Mid Value,0.9916037115861672,Low latent risk,Targeted cross-sell through owned channels
18022,408.76307464011467,Mid Value,1.0,Low latent risk,Targeted cross-sell through owned channels
15010,408.7532778264979,Mid Value,1.0,Low latent risk,Targeted cross-sell through owned channels
16825,408.73573994709136,Mid Value,0.9774986714628707,Low latent risk,Targeted cross-sell through owned channels
15067,407.74741393596094,Mid Value,0.9806944352413319,Low latent risk,Targeted cross-sell through owned channels
13722,407.63913804657784,Mid Value,0.9641791119517263,Low latent risk,Targeted cross-sell through owned channels
13634,407.1885738032756,Mid Value,0.9922704530350621,Low latent risk,Targeted cross-sell through owned channels
17867,407.1754239170923,Mid Value,0.9930847994421058,Low latent risk,Targeted cross-sell through owned channels
17667,407.13228834786656,Mid Value,0.9865751663800139,Low latent risk,Targeted cross-sell through owned channels
13313,406.2601342040008,Mid Value,0.993400416551133,Low latent risk,Targeted cross-sell through owned channels
16456,406.2094177474308,Mid Value,0.9825380063086321,Low latent risk,Targeted cross-sell through owned channels
16364,406.2048035739518,Mid Value,0.9814704813831763,Low latent risk,Targeted cross-sell through owned channels
18154,405.16945912608725,Mid Value,0.9823864211526969,Low latent risk,Targeted cross-sell through owned channels
16999,404.8427177417404,Mid Value,0.9764207695496558,Low latent risk,Targeted cross-sell through owned channels
12544,404.78558128155777,Mid Value,1.0,Low latent risk,Targeted cross-sell through owned channels
16602,404.7183484307487,Mid Value,1.0,Low latent risk,Targeted cross-sell through owned channels
13719,404.7096282311474,Mid Value,0.9935202331569184,Low latent risk,Targeted cross-sell through owned channels
16914,404.63193918174966,Mid Value,1.0,Low latent risk,Targeted cross-sell through owned channels
17403,404.6031443419418,Mid Value,1.0,Low latent risk,Targeted cross-sell through owned channels
13721,404.369738360096,Mid Value,1.0,Low latent risk,Targeted cross-sell through owned channels
18016,404.18865942444853,Mid Value,0.9926614702889022,Low latent risk,Targeted cross-sell through owned channels
15551,404.088731906088,Mid Value,1.0,Low latent risk,Targeted cross-sell through owned channels
14541,404.0838756043209,Mid Value,0.9889854961189435,Low latent risk,Targeted cross-sell through owned channels
14815,403.67880018608906,Mid Value,0.9690741601318319,Low latent risk,Targeted cross-sell through owned channels
16949,403.67176786769755,Mid Value,0.9957159048441158,Low latent risk,Targeted cross-sell through owned channels
14098,403.6297491834458,Mid Value,1.0,Low latent risk,Targeted cross-sell through owned channels
16337,403.59791430699806,Mid Value,1.0,Low latent risk,Targeted cross-sell through owned channels
15953,402.967602745367,Mid Value,0.9960864338701332,Low latent risk,Targeted cross-sell through owned channels
13397,402.5291898748786,Mid Value,0.9868807191326849,Low latent risk,Targeted cross-sell through owned channels
15106,401.37200148139885,Mid Value,0.9934776069300991,Low latent risk,Targeted cross-sell through owned channels
17095,401.1100080490373,Mid Value,0.9889509104852684,Low latent risk,Targeted cross-sell through owned channels
15532,400.8323475363525,Mid Value,0.9917180574803641,Low latent risk,Targeted cross-sell through owned channels
15260,400.73267244801946,Mid Value,0.9793032810960886,Low latent risk,Targeted cross-sell through owned channels
13717,400.646569842036,Mid Value,0.9929446097239212,Low latent risk,Targeted cross-sell through owned channels
14528,400.3958601526687,Mid Value,1.0,Low latent risk,Targeted cross-sell through owned channels
13271,399.90151480026805,Mid Value,1.0,Low latent risk,Targeted cross-sell through owned channels
18104,399.8265317123961,Mid Value,1.0,Low latent risk,Targeted cross-sell through owned channels
17947,399.6329561864624,Mid Value,1.0,Low latent risk,Targeted cross-sell through owned channels
14974,399.620473913713,Mid Value,1.0,Low latent risk,Targeted cross-sell through owned channels
18164,399.60487217514753,Mid Value,1.0,Low latent risk,Targeted cross-sell through owned channels
15364,399.49402025623385,Mid Value,0.968625883675312,Low latent risk,Targeted cross-sell through owned channels
13764,399.47948056382387,Mid Value,0.9838942468907949,Low latent risk,Targeted cross-sell through owned channels
18105,399.44268666870903,Mid Value,1.0,Low latent risk,Targeted cross-sell through owned channels
15576,399.4395690137947,Mid Value,1.0,Low latent risk,Targeted cross-sell through owned channels
13110,399.3176212305462,Mid Value,0.993752294801868,Low latent risk,Targeted cross-sell through owned channels
15275,399.30555612269853,Mid Value,1.0,Low latent risk,Targeted cross-sell through owned channels
15830,399.18097410754774,Mid Value,1.0,Low latent risk,Targeted cross-sell through owned channels
16855,399.0513218365287,Mid Value,0.9730749390549268,Low latent risk,Targeted cross-sell through owned channels
13035,398.71437519574215,Mid Value,0.9737196931500937,Low latent risk,Targeted cross-sell through owned channels
16172,398.54747519229676,Mid Value,0.9685152729039237,Low latent risk,Targeted cross-sell through owned channels
14321,398.4616987348574,Mid Value,0.9942912241138749,Low latent risk,Targeted cross-sell through owned channels
15252,398.09296333774586,Mid Value,0.9778264195877094,Low latent risk,Targeted cross-sell through owned channels
15618,398.0052157630089,Mid Value,0.9868206075064357,Low latent risk,Targeted cross-sell through owned channels
13499,396.8463106992984,Mid Value,0.9934872766762429,Low latent risk,Targeted cross-sell through owned channels
16889,396.1270013636065,Mid Value,0.9403938362741878,Low latent risk,Targeted cross-sell through owned channels
13344,395.65893928221,Mid Value,0.9825537373468872,Low latent risk,Targeted cross-sell through owned channels
12883,395.61788165293484,Mid Value,0.9867807332357716,Low latent risk,Targeted cross-sell through owned channels
16271,395.5795843957194,Mid Value,0.9948474386111077,Low latent risk,Targeted cross-sell through owned channels
16971,395.5589829842036,Mid Value,1.0,Low latent risk,Targeted cross-sell through owned channels
17368,395.4053210421855,Mid Value,0.9952668215871577,Low latent risk,Targeted cross-sell through owned channels
15423,395.36037640225356,Mid Value,1.0,Low latent risk,Targeted cross-sell through owned channels
14485,395.06741622467143,Mid Value,1.0,Low latent risk,Targeted cross-sell through owned channels
12491,395.0460716178427,Mid Value,1.0,Low latent risk,Targeted cross-sell through owned channels
16830,394.9150056000394,Mid Value,1.0,Low latent risk,Targeted cross-sell through owned channels
15392,394.7174782276818,Mid Value,0.9931893055695975,Low latent risk,Targeted cross-sell through owned channels
14345,394.5983698852894,Mid Value,1.0,Low latent risk,Targeted cross-sell through owned channels
13697,394.48584371145324,Mid Value,1.0,Low latent risk,Targeted cross-sell through owned channels
15073,394.44824591468074,Mid Value,0.9895244293141774,Low latent risk,Targeted cross-sell through owned channels
16775,393.74687525808855,Mid Value,0.9972861334883101,Low latent risk,Targeted cross-sell through owned channels
12393,393.265461877028,Mid Value,0.9858746863224834,Low latent risk,Targeted cross-sell through owned channels
17673,393.1934103702027,Mid Value,0.995853018658493,Low latent risk,Targeted cross-sell through owned channels
12372,393.08740252857194,Mid Value,0.9825493723868526,Low latent risk,Targeted cross-sell through owned channels
16676,392.8343443285812,Mid Value,0.990879888230636,Low latent risk,Targeted cross-sell through owned channels
12697,392.5828290037979,Mid Value,0.986359506408622,Low latent risk,Targeted cross-sell through owned channels
15810,391.99869647216065,Mid Value,0.9832029726692316,Low latent risk,Targeted cross-sell through owned channels
16395,391.7601516339905,Mid Value,0.98875509383838,Low latent risk,Targeted cross-sell through owned channels
13655,391.24120131029275,Mid Value,0.961658357448608,Low latent risk,Targeted cross-sell through owned channels
12588,391.1906189270211,Mid Value,1.0,Low latent risk,Targeted cross-sell through owned channels
16127,391.00236981126034,Mid Value,1.0,Low latent risk,Targeted cross-sell through owned channels
15201,390.81976540744853,Mid Value,0.9748056203518533,Low latent risk,Targeted cross-sell through owned channels
18221,390.557780644865,Mid Value,0.992408059324633,Low latent risk,Targeted cross-sell through owned channels
15667,390.45956073458774,Mid Value,1.0,Low latent risk,Targeted cross-sell through owned channels
13103,390.22739180067924,Mid Value,1.0,Low latent risk,Targeted cross-sell through owned channels
15360,390.21846776917596,Mid Value,1.0,Low latent risk,Targeted cross-sell through owned channels
12581,390.1024926882872,Mid Value,1.0,Low latent risk,Targeted cross-sell through owned channels
14644,389.36822253962714,Mid Value,0.9760091636627557,Low latent risk,Targeted cross-sell through owned channels
15533,389.3319211095296,Mid Value,0.9860593268193104,Low latent risk,Targeted cross-sell through owned channels
12585,388.6644761641777,Mid Value,0.9289593876655979,Low latent risk,Targeted cross-sell through owned channels
16243,388.5311060887128,Mid Value,0.9683870200336043,Low latent risk,Targeted cross-sell through owned channels
17564,388.25700341354303,Mid Value,0.9837412884545125,Low latent risk,Targeted cross-sell through owned channels
17047,388.02371136600965,Mid Value,0.9721934857465565,Low latent risk,Targeted cross-sell through owned channels
16059,388.0142310140402,Mid Value,0.9893036111575078,Low latent risk,Targeted cross-sell through owned channels
13607,387.1551903536545,Mid Value,1.0,Low latent risk,Targeted cross-sell through owned channels
14592,387.15369033598523,Mid Value,0.9750693000947425,Low latent risk,Targeted cross-sell through owned channels
16190,387.10249634379875,Mid Value,1.0,Low latent risk,Targeted cross-sell through owned channels
18067,387.09956932160145,Mid Value,1.0,Low latent risk,Targeted cross-sell through owned channels
14295,387.07615474585987,Mid Value,1.0,Low latent risk,Targeted cross-sell through owned channels
15385,386.9620494543501,Mid Value,1.0,Low latent risk,Targeted cross-sell through owned channels
14158,386.95327492535876,Mid Value,1.0,Low latent risk,Targeted cross-sell through owned channels
14740,386.83462027139075,Mid Value,0.9030935699573823,Low latent risk,Targeted cross-sell through owned channels
13475,386.60702504739913,Mid Value,0.8876652176238564,Low latent risk,Targeted cross-sell through owned channels
15748,386.5529972473528,Mid Value,1.0,Low latent risk,Targeted cross-sell through owned channels
15625,386.4777390986212,Mid Value,0.9662003528293341,Low latent risk,Targeted cross-sell through owned channels
15907,386.39894539127283,Mid Value,0.9902719377058755,Low latent risk,Targeted cross-sell through owned channels
14582,386.3925359225113,Mid Value,1.0,Low latent risk,Targeted cross-sell through owned channels
13278,386.3721231783943,Mid Value,1.0,Low latent risk,Targeted cross-sell through owned channels
17966,386.3383619254944,Mid Value,0.9908743710194201,Low latent risk,Targeted cross-sell through owned channels
16601,386.255520506631,Mid Value,1.0,Low latent risk,Targeted cross-sell through owned channels
16110,386.0824593437809,Mid Value,0.9865291684372958,Low latent risk,Targeted cross-sell through owned channels
12694,386.0203854113827,Mid Value,0.9695523444143432,Low latent risk,Targeted cross-sell through owned channels
16365,385.5917272981435,Mid Value,0.9962540432464264,Low latent risk,Targeted cross-sell through owned channels
17081,385.5469586055009,Mid Value,0.9723223310946612,Low latent risk,Targeted cross-sell through owned channels
15414,385.36102071204374,Mid Value,0.9897326878251215,Low latent risk,Targeted cross-sell through owned channels
17096,385.35967420953324,Mid Value,0.9921327986728232,Low latent risk,Targeted cross-sell through owned channels
18170,384.4034564934524,Mid Value,0.9865775315327645,Low latent risk,Targeted cross-sell through owned channels
15730,384.4009437543647,Mid Value,0.979362450584891,Low latent risk,Targeted cross-sell through owned channels
15660,384.39359795392284,Mid Value,0.9955492533500843,Low latent risk,Targeted cross-sell through owned channels
13822,384.38070442169294,Mid Value,0.9815838335753596,Low latent risk,Targeted cross-sell through owned channels
14507,383.9645478466965,Mid Value,0.9938081566505361,Low latent risk,Targeted cross-sell through owned channels
17671,383.81508449591377,Mid Value,0.9924794916310098,Low latent risk,Targeted cross-sell through owned channels
14404,383.7213670527705,Mid Value,0.9934890699253992,Low latent risk,Targeted cross-sell through owned channels
12822,382.86577845260274,Mid Value,0.9452162878326309,Low latent risk,Targeted cross-sell through owned channels
16042,382.2094562891051,Mid Value,0.9933697304682887,Low latent risk,Targeted cross-sell through owned channels
17856,381.65251481802255,Mid Value,0.9933524364312035,Low latent risk,Targeted cross-sell through owned channels
16036,381.6434923067492,Mid Value,0.9711326064269105,Low latent risk,Targeted cross-sell through owned channels
16188,381.6043531972505,Mid Value,0.9880288465319347,Low latent risk,Targeted cross-sell through owned channels
13167,381.5234334526995,Mid Value,0.9905866372840791,Low latent risk,Targeted cross-sell through owned channels
12854,380.9506831621723,Mid Value,0.9821456478401576,Low latent risk,Targeted cross-sell through owned channels
15916,380.70461494959517,Mid Value,0.9959971512764246,Low latent risk,Targeted cross-sell through owned channels
16719,380.48384684206616,Mid Value,0.9956769422197062,Low latent risk,Targeted cross-sell through owned channels
17242,379.5718052889932,Mid Value,0.9520453814708735,Low latent risk,Targeted cross-sell through owned channels
16434,379.4128112530015,Mid Value,0.9938790976833605,Low latent risk,Targeted cross-sell through owned channels
12877,379.2285522490415,Mid Value,0.9979079547667311,Low latent risk,Targeted cross-sell through owned channels
17839,379.10001479239355,Mid Value,1.0,Low latent risk,Targeted cross-sell through owned channels
16726,378.9405881649094,Mid Value,0.9931681466597618,Low latent risk,Targeted cross-sell through owned channels
16205,378.1091177148558,Mid Value,0.9889713475022539,Low latent risk,Targeted cross-sell through owned channels
12826,377.98641256239694,Mid Value,0.996446744052573,Low latent risk,Targeted cross-sell through owned channels
15096,377.9248908287364,Mid Value,1.0,Low latent risk,Targeted cross-sell through owned channels
14218,377.8495976134864,Mid Value,1.0,Low latent risk,Targeted cross-sell through owned channels
16648,377.6768161640049,Mid Value,1.0,Low latent risk,Targeted cross-sell through owned channels
14522,377.5775208719931,Mid Value,0.9904537159211413,Low latent risk,Targeted cross-sell through owned channels
13309,377.51811720957846,Mid Value,0.9944882194619565,Low latent risk,Targeted cross-sell through owned channels
13118,377.122324878749,Mid Value,0.9933974023806795,Low latent risk,Targeted cross-sell through owned channels
16680,375.123257882562,Mid Value,1.0,Low latent risk,Targeted cross-sell through owned channels
14357,374.9255223254978,Mid Value,1.0,Low latent risk,Targeted cross-sell through owned channels
12430,374.7225123490411,Mid Value,1.0,Low latent risk,Targeted cross-sell through owned channels
15987,374.690211313267,Mid Value,0.9958352881706829,Low latent risk,Targeted cross-sell through owned channels
12576,374.5824693330831,Mid Value,0.9917902820853375,Low latent risk,Targeted cross-sell through owned channels
16026,374.514245513523,Mid Value,1.0,Low latent risk,Targeted cross-sell through owned channels
16847,374.44852537646875,Mid Value,1.0,Low latent risk,Targeted cross-sell through owned channels
13954,374.38492268429894,Mid Value,0.9830426006660601,Low latent risk,Targeted cross-sell through owned channels
14752,374.19134458616793,Mid Value,1.0,Low latent risk,Targeted cross-sell through owned channels
17878,374.10660749232676,Mid Value,1.0,Low latent risk,Targeted cross-sell through owned channels
15563,374.09425545573254,Mid Value,0.9919536657821632,Low latent risk,Targeted cross-sell through owned channels
17684,374.06835177093467,Mid Value,1.0,Low latent risk,Targeted cross-sell through owned channels
18276,374.0246405753571,Mid Value,1.0,Low latent risk,Targeted cross-sell through owned channels
16817,373.9886049131611,Mid Value,0.9972786141882587,Low latent risk,Targeted cross-sell through owned channels
17288,373.8385143846816,Mid Value,0.9960221387763698,Low latent risk,Targeted cross-sell through owned channels
15659,373.77622830228944,Mid Value,1.0,Low latent risk,Targeted cross-sell through owned channels
15745,373.05620233822617,Mid Value,0.9915480163225115,Low latent risk,Targeted cross-sell through owned channels
17774,372.9287077863023,Mid Value,0.9791377670022554,Low latent risk,Targeted cross-sell through owned channels
15104,372.90310105260954,Mid Value,0.927058914668613,Low latent risk,Targeted cross-sell through owned channels
14948,371.91447847995835,Mid Value,0.9932450675870387,Low latent risk,Targeted cross-sell through owned channels
17695,371.7893712733212,Mid Value,0.9264709844733164,Low latent risk,Targeted cross-sell through owned channels
15434,371.70370822547113,Mid Value,0.9941398418985281,Low latent risk,Targeted cross-sell through owned channels
17495,371.6583786798053,Mid Value,0.9807745503824851,Low latent risk,Targeted cross-sell through owned channels
17895,371.11382084587626,Mid Value,1.0,Low latent risk,Targeted cross-sell through owned channels
16345,370.960608050063,Mid Value,1.0,Low latent risk,Targeted cross-sell through owned channels
12379,370.73076440198724,Mid Value,0.9639051137708343,Low latent risk,Targeted cross-sell through owned channels
12448,370.59287933390516,Mid Value,1.0,Low latent risk,Targeted cross-sell through owned channels
16415,370.56338544932646,Mid Value,1.0,Low latent risk,Targeted cross-sell through owned channels
15320,370.54193831513584,Mid Value,1.0,Low latent risk,Targeted cross-sell through owned channels
14598,370.5204936761882,Mid Value,1.0,Low latent risk,Targeted cross-sell through owned channels
15267,370.4643950440484,Mid Value,0.9920013263233036,Low latent risk,Targeted cross-sell through owned channels
17712,370.3838427319459,Mid Value,1.0,Low latent risk,Targeted cross-sell through owned channels
16071,370.1857449488925,Mid Value,1.0,Low latent risk,Targeted cross-sell through owned channels
12812,369.97182464280166,Mid Value,1.0,Low latent risk,Targeted cross-sell through owned channels
13816,368.5494486601715,Mid Value,0.9755237576756007,Low latent risk,Targeted cross-sell through owned channels
14414,367.1107211863441,Mid Value,0.9816019728887991,Low latent risk,Targeted cross-sell through owned channels
16950,367.0963785344757,Mid Value,0.986096990203863,Low latent risk,Targeted cross-sell through owned channels
16056,367.0159709170559,Mid Value,1.0,Low latent risk,Targeted cross-sell through owned channels
12507,366.9007172227141,Mid Value,0.9656999760800695,Low latent risk,Targeted cross-sell through owned channels
15158,366.789956534089,Mid Value,1.0,Low latent risk,Targeted cross-sell through owned channels
13182,366.77157232766456,Mid Value,1.0,Low latent risk,Targeted cross-sell through owned channels
18045,366.6691799344268,Mid Value,1.0,Low latent risk,Targeted cross-sell through owned channels
16708,366.5458603003643,Mid Value,1.0,Low latent risk,Targeted cross-sell through owned channels
12868,366.5033382528521,Mid Value,0.9012330108827405,Low latent risk,Targeted cross-sell through owned channels
15345,366.40951867173277,Mid Value,1.0,Low latent risk,Targeted cross-sell through owned channels
12398,366.249709337938,Mid Value,1.0,Low latent risk,Targeted cross-sell through owned channels
13211,365.81378014570197,Mid Value,0.9899319503262272,Low latent risk,Targeted cross-sell through owned channels
13192,364.8276617265871,Mid Value,0.9635577777812365,Low latent risk,Targeted cross-sell through owned channels
14920,364.62885338985683,Mid Value,0.7756573209434364,Low latent risk,Targeted cross-sell through owned channels
17348,363.74110252592317,Mid Value,0.9938885352256693,Low latent risk,Targeted cross-sell through owned channels
12383,363.56924121275614,Mid Value,0.9167123473391503,Low latent risk,Targeted cross-sell through owned channels
13176,363.32990164016485,Mid Value,1.0,Low latent risk,Targeted cross-sell through owned channels
15844,363.268067116471,Mid Value,1.0,Low latent risk,Targeted cross-sell through owned channels
14139,362.9977896167663,Mid Value,1.0,Low latent risk,Targeted cross-sell through owned channels
14474,362.9772136169139,Mid Value,1.0,Low latent risk,Targeted cross-sell through owned channels
18240,362.92578387309715,Mid Value,1.0,Low latent risk,Targeted cross-sell through owned channels
17344,362.9000744938856,Mid Value,1.0,Low latent risk,Targeted cross-sell through owned channels
15142,362.88722117711103,Mid Value,1.0,Low latent risk,Targeted cross-sell through owned channels
16742,362.7613070840824,Mid Value,1.0,Low latent risk,Targeted cross-sell through owned channels
14764,362.7407580204492,Mid Value,1.0,Low latent risk,Targeted cross-sell through owned channels
16877,362.5647950996365,Mid Value,0.9946518730929252,Low latent risk,Targeted cross-sell through owned channels
16491,362.49435164464813,Mid Value,1.0,Low latent risk,Targeted cross-sell through owned channels
15277,362.46870366218417,Mid Value,1.0,Low latent risk,Targeted cross-sell through owned channels
15592,362.2918319570659,Mid Value,1.0,Low latent risk,Targeted cross-sell through owned channels
15584,361.7163334900861,Mid Value,0.9899658226317987,Low latent risk,Targeted cross-sell through owned channels
12947,361.12944617979423,Mid Value,0.958405569563956,Low latent risk,Targeted cross-sell through owned channels
12815,360.84450205838056,Mid Value,0.9263922290219817,Low latent risk,Targeted cross-sell through owned channels
13538,360.83430247700335,Mid Value,0.9920999312732308,Low latent risk,Targeted cross-sell through owned channels
16398,360.6733783470234,Mid Value,0.945748527063891,Low latent risk,Targeted cross-sell through owned channels
14855,360.6280535251259,Mid Value,0.9085469359585763,Low latent risk,Targeted cross-sell through owned channels
16660,360.5277374127384,Mid Value,0.9922769805743685,Low latent risk,Targeted cross-sell through owned channels
14745,360.37439854325476,Mid Value,0.9666353198590049,Low latent risk,Targeted cross-sell through owned channels
12384,360.1295391286126,Mid Value,0.9773742710479133,Low latent risk,Targeted cross-sell through owned channels
14443,359.8260828416995,Mid Value,0.9891729834321963,Low latent risk,Targeted cross-sell through owned channels
17175,359.7533232199678,Mid Value,0.9891821268031736,Low latent risk,Targeted cross-sell through owned channels
17836,359.73265766275864,Mid Value,1.0,Low latent risk,Targeted cross-sell through owned channels
17111,359.6972992521449,Mid Value,1.0,Low latent risk,Targeted cross-sell through owned channels
16496,359.5414523361505,Mid Value,0.9899883045777017,Low latent risk,Targeted cross-sell through owned channels
13598,359.46763975807823,Mid Value,1.0,Low latent risk,Targeted cross-sell through owned channels
16017,359.2357559657506,Mid Value,1.0,Low latent risk,Targeted cross-sell through owned channels
13575,359.19901056070313,Mid Value,0.9916848560395424,Low latent risk,Targeted cross-sell through owned channels
15000,359.0494588189601,Mid Value,1.0,Low latent risk,Targeted cross-sell through owned channels
18202,358.849724948519,Mid Value,0.9226899957748497,Low latent risk,Targeted cross-sell through owned channels
14738,358.63724169833733,Mid Value,0.9922260553077242,Low latent risk,Targeted cross-sell through owned channels
17337,357.2547806956094,Mid Value,0.9526237536851637,Low latent risk,Targeted cross-sell through owned channels
16376,356.4862711625341,Mid Value,0.9792774377292187,Low latent risk,Targeted cross-sell through owned channels
14973,356.3259306391964,Mid Value,0.965103780697745,Low latent risk,Targeted cross-sell through owned channels
15757,356.18866137871584,Mid Value,0.973281775951137,Low latent risk,Targeted cross-sell through owned channels
13956,355.8547542743835,Mid Value,0.9945822925123805,Low latent risk,Targeted cross-sell through owned channels
14261,355.21948103074317,Mid Value,0.9617795048798734,Low latent risk,Targeted cross-sell through owned channels
13379,355.14327770568906,Mid Value,0.9858967934609357,Low latent risk,Targeted cross-sell through owned channels
15569,355.11299177435797,Mid Value,0.9782012766983289,Low latent risk,Targeted cross-sell through owned channels
13208,354.2635728894162,Mid Value,0.9888744723339318,Low latent risk,Targeted cross-sell through owned channels
17720,354.2401868060285,Mid Value,0.9916847299131791,Low latent risk,Targeted cross-sell through owned channels
14794,353.0905055979401,Mid Value,0.9964363620752611,Low latent risk,Targeted cross-sell through owned channels
18116,352.7647816733279,Mid Value,0.9885237893302624,Low latent risk,Targeted cross-sell through owned channels
16728,352.6509307747526,Mid Value,0.9882533508556709,Low latent risk,Targeted cross-sell through owned channels
15677,352.5133565942821,Mid Value,1.0,Low latent risk,Targeted cross-sell through owned channels
17295,352.44769149884087,Mid Value,0.9799669809256778,Low latent risk,Targeted cross-sell through owned channels
13974,352.38003272792724,Mid Value,1.0,Low latent risk,Targeted cross-sell through owned channels
15740,352.3509573523735,Mid Value,1.0,Low latent risk,Targeted cross-sell through owned channels
17832,351.9492421587244,Mid Value,1.0,Low latent risk,Targeted cross-sell through owned channels
13165,351.8987354192792,Mid Value,0.9794744382121303,Low latent risk,Targeted cross-sell through owned channels
15286,351.86466065382984,Mid Value,1.0,Low latent risk,Targeted cross-sell through owned channels
14967,351.8598286590139,Mid Value,1.0,Low latent risk,Targeted cross-sell through owned channels
12403,351.8235929487818,Mid Value,1.0,Low latent risk,Targeted cross-sell through owned channels
12434,351.6878582184566,Mid Value,0.9715729324522395,Low latent risk,Targeted cross-sell through owned channels
14741,351.3760980966882,Mid Value,0.9952437649239363,Low latent risk,Targeted cross-sell through owned channels
14050,350.9743715138141,Mid Value,0.975707168833037,Low latent risk,Targeted cross-sell through owned channels
17624,350.5352093232061,Mid Value,0.9816844662819382,Low latent risk,Targeted cross-sell through owned channels
15145,350.18005749164814,Mid Value,0.9931166126389304,Low latent risk,Targeted cross-sell through owned channels
14916,349.59639899296764,Mid Value,0.9859067168563247,Low latent risk,Targeted cross-sell through owned channels
15836,349.28655232869085,Mid Value,1.0,Low latent risk,Targeted cross-sell through owned channels
15679,349.23597321273706,Mid Value,0.990217334058704,Low latent risk,Targeted cross-sell through owned channels
15060,349.0508260142399,Mid Value,0.9888586624429291,Low latent risk,Targeted cross-sell through owned channels
17125,348.92508032390214,Mid Value,1.0,Low latent risk,Targeted cross-sell through owned channels
14585,348.90607630832784,Mid Value,1.0,Low latent risk,Targeted cross-sell through owned channels
13897,348.8989503388278,Mid Value,1.0,Low latent risk,Targeted cross-sell through owned channels
14484,348.8538259909043,Mid Value,1.0,Low latent risk,Targeted cross-sell through owned channels
16846,348.8158356373064,Mid Value,1.0,Low latent risk,Targeted cross-sell through owned channels
13366,348.7731064279292,Mid Value,1.0,Low latent risk,Targeted cross-sell through owned channels
16869,348.7721249943091,Mid Value,0.9904080068437794,Low latent risk,Targeted cross-sell through owned channels
16175,348.72408939225903,Mid Value,0.9725228771799339,Low latent risk,Targeted cross-sell through owned channels
16177,348.6781902852579,Mid Value,1.0,Low latent risk,Targeted cross-sell through owned channels
14923,348.5216921055185,Mid Value,1.0,Low latent risk,Targeted cross-sell through owned channels
13245,348.4956228005352,Mid Value,1.0,Low latent risk,Targeted cross-sell through owned channels
17388,348.4057072778325,Mid Value,0.9829607453522448,Low latent risk,Targeted cross-sell through owned channels
15664,348.3937531126907,Mid Value,1.0,Low latent risk,Targeted cross-sell through owned channels
17354,348.3392892398317,Mid Value,1.0,Low latent risk,Targeted cross-sell through owned channels
14638,348.282475614956,Mid Value,1.0,Low latent risk,Targeted cross-sell through owned channels
16260,348.2114847693211,Mid Value,1.0,Low latent risk,Targeted cross-sell through owned channels
14921,347.6606199049348,Mid Value,0.9792842390573883,Low latent risk,Targeted cross-sell through owned channels
13026,347.59055116918967,Mid Value,0.9949045225508201,Low latent risk,Targeted cross-sell through owned channels
16851,346.82065036399166,Mid Value,0.9895056842088719,Low latent risk,Targeted cross-sell through owned channels
16120,346.60614033290983,Mid Value,0.8954197425000116,Low latent risk,Targeted cross-sell through owned channels
15813,346.57076130281274,Mid Value,0.8714683184416496,Low latent risk,Targeted cross-sell through owned channels
16362,346.5551278227484,Mid Value,0.9833206794948528,Low latent risk,Targeted cross-sell through owned channels
14799,345.7589919047551,Mid Value,1.0,Low latent risk,Targeted cross-sell through owned channels
15006,345.6004547023341,Mid Value,1.0,Low latent risk,Targeted cross-sell through owned channels
15803,345.5724927142736,Mid Value,1.0,Low latent risk,Targeted cross-sell through owned channels
17824,345.4746615544181,Mid Value,1.0,Low latent risk,Targeted cross-sell through owned channels
16826,345.4537049762545,Mid Value,1.0,Low latent risk,Targeted cross-sell through owned channels
14276,345.39652152916807,Mid Value,0.976507543004347,Low latent risk,Targeted cross-sell through owned channels
17704,345.35219411880666,Mid Value,0.9295874372011225,Low latent risk,Targeted cross-sell through owned channels
14428,345.35154322157285,Mid Value,0.9945011511893078,Low latent risk,Targeted cross-sell through owned channels
12609,345.20958057981727,Mid Value,0.9821727937740302,Low latent risk,Targeted cross-sell through owned channels
18019,345.18615120913876,Mid Value,1.0,Low latent risk,Targeted cross-sell through owned channels
12399,345.04651870966416,Mid Value,0.9619800141055791,Low latent risk,Targeted cross-sell through owned channels
15853,344.97240788130625,Mid Value,1.0,Low latent risk,Targeted cross-sell through owned channels
15610,344.9677642414907,Mid Value,1.0,Low latent risk,Targeted cross-sell through owned channels
17973,344.9631207273081,Mid Value,1.0,Low latent risk,Targeted cross-sell through owned channels
16807,344.89091710190877,Mid Value,0.9553534266688999,Low latent risk,Targeted cross-sell through owned channels
17148,344.881879560361,Mid Value,1.0,Low latent risk,Targeted cross-sell through owned channels
16123,344.78676023097444,Mid Value,1.0,Low latent risk,Targeted cross-sell through owned channels
14447,344.59707989467734,Mid Value,0.9934345670235115,Low latent risk,Targeted cross-sell through owned channels
15059,344.02414728021864,Mid Value,0.9932292014796072,Low latent risk,Targeted cross-sell through owned channels
17521,343.84009679334116,Mid Value,0.9868456178165361,Low latent risk,Targeted cross-sell through owned channels
15199,343.72482595575775,Mid Value,0.9872809197162818,Low latent risk,Targeted cross-sell through owned channels
15910,343.64811698933164,Mid Value,0.9970311676590662,Low latent risk,Targeted cross-sell through owned channels
13308,342.8542205075404,Mid Value,0.9879450193396343,Low latent risk,Targeted cross-sell through owned channels
12827,342.80821777102483,Mid Value,0.9890789456041558,Low latent risk,Targeted cross-sell through owned channels
14381,342.55623441371773,Mid Value,1.0,Low latent risk,Targeted cross-sell through owned channels
13158,342.5489329993715,Mid Value,0.9806235795619859,Low latent risk,Targeted cross-sell through owned channels
16748,342.3621625650335,Mid Value,0.9937661465721563,Low latent risk,Targeted cross-sell through owned channels
13220,342.3441023179941,Mid Value,0.9789302511792874,Low latent risk,Targeted cross-sell through owned channels
15604,342.2291811675959,Mid Value,1.0,Low latent risk,Targeted cross-sell through owned channels
12863,342.1560803402393,Mid Value,1.0,Low latent risk,Targeted cross-sell through owned channels
12611,342.0122547590301,Mid Value,1.0,Low latent risk,Targeted cross-sell through owned channels
14861,341.9711840511498,Mid Value,1.0,Low latent risk,Targeted cross-sell through owned channels
15327,341.8366328647204,Mid Value,1.0,Low latent risk,Targeted cross-sell through owned channels
14758,341.67034895804244,Mid Value,0.9362973565832959,Low latent risk,Targeted cross-sell through owned channels
13594,341.61792938701626,Mid Value,1.0,Low latent risk,Targeted cross-sell through owned channels
14015,341.57922995225096,Mid Value,1.0,Low latent risk,Targeted cross-sell through owned channels
15678,341.49503222077607,Mid Value,1.0,Low latent risk,Targeted cross-sell through owned channels
16848,341.3972331955459,Mid Value,1.0,Low latent risk,Targeted cross-sell through owned channels
15637,341.36540379860725,Mid Value,1.0,Low latent risk,Targeted cross-sell through owned channels
16009,341.0391062845677,Mid Value,0.9901505181712719,Low latent risk,Targeted cross-sell through owned channels
13314,340.9122738227429,Mid Value,0.9903612381124357,Low latent risk,Targeted cross-sell through owned channels
13848,340.33323367269185,Mid Value,0.9815781118470933,Low latent risk,Targeted cross-sell through owned channels
17409,340.2615710085698,Mid Value,0.9186031383310491,Low latent risk,Targeted cross-sell through owned channels
13752,340.2222129411392,Mid Value,0.9169890299703103,Low latent risk,Targeted cross-sell through owned channels
12494,340.08625275642333,Mid Value,0.9955971934540339,Low latent risk,Targeted cross-sell through owned channels
17302,340.0731440656715,Mid Value,0.9939093887075051,Low latent risk,Targeted cross-sell through owned channels
13107,339.4488315970424,Mid Value,0.9897198148304296,Low latent risk,Targeted cross-sell through owned channels
15598,339.14309544913993,Mid Value,1.0,Low latent risk,Targeted cross-sell through owned channels
14898,339.129395985513,Mid Value,0.9943862955688337,Low latent risk,Targeted cross-sell through owned channels
12997,339.06086406311084,Mid Value,0.9917657350060962,Low latent risk,Targeted cross-sell through owned channels
17244,339.0421605363194,Mid Value,1.0,Low latent risk,Targeted cross-sell through owned channels
16612,338.9797437260522,Mid Value,0.990737240403194,Low latent risk,Targeted cross-sell through owned channels
14830,338.93008141866676,Mid Value,1.0,Low latent risk,Targeted cross-sell through owned channels
16363,338.8964722023778,Mid Value,1.0,Low latent risk,Targeted cross-sell through owned channels
16932,338.8919914796171,Mid Value,1.0,Low latent risk,Targeted cross-sell through owned channels
15027,338.8628905097112,Mid Value,0.9901419474174121,Low latent risk,Targeted cross-sell through owned channels
17785,338.82703437678356,Mid Value,1.0,Low latent risk,Targeted cross-sell through owned channels
16160,338.81826719196505,Mid Value,0.9504429434399412,Low latent risk,Targeted cross-sell through owned channels
17206,338.7867287594694,Mid Value,1.0,Low latent risk,Targeted cross-sell through owned channels
15066,338.7867287594694,Mid Value,1.0,Low latent risk,Targeted cross-sell through owned channels
16737,338.7374794224964,Mid Value,1.0,Low latent risk,Targeted cross-sell through owned channels
15335,338.70838430429137,Mid Value,1.0,Low latent risk,Targeted cross-sell through owned channels
17534,338.7016707594959,Mid Value,1.0,Low latent risk,Targeted cross-sell through owned channels
13376,338.7005667231793,Mid Value,0.9705073768171154,Low latent risk,Targeted cross-sell through owned channels
17205,338.69943297066095,Mid Value,1.0,Low latent risk,Targeted cross-sell through owned channels
16412,338.67481925450227,Mid Value,1.0,Low latent risk,Targeted cross-sell through owned channels
13923,338.6703444196077,Mid Value,1.0,Low latent risk,Targeted cross-sell through owned channels
17520,338.60547266441677,Mid Value,1.0,Low latent risk,Targeted cross-sell through owned channels
17201,338.58534512832034,Mid Value,1.0,Low latent risk,Targeted cross-sell through owned channels
16563,338.57640032853766,Mid Value,1.0,Low latent risk,Targeted cross-sell through owned channels
18042,338.57192810673916,Mid Value,1.0,Low latent risk,Targeted cross-sell through owned channels
16542,338.43334809386647,Mid Value,1.0,Low latent risk,Targeted cross-sell through owned channels
12475,338.3507014203384,Mid Value,1.0,Low latent risk,Targeted cross-sell through owned channels
17787,338.0573392700581,Mid Value,0.9662672242730265,Low latent risk,Targeted cross-sell through owned channels
13417,336.91149339431854,Mid Value,0.9828078430558294,Low latent risk,Targeted cross-sell through owned channels
13692,336.0514281547656,Mid Value,0.9880625562849952,Low latent risk,Targeted cross-sell through owned channels
17085,335.8989167952101,Mid Value,0.9738236004246525,Low latent risk,Targeted cross-sell through owned channels
16052,335.8306182825346,Mid Value,1.0,Low latent risk,Targeted cross-sell through owned channels
12590,335.5271411742569,Mid Value,0.7770196570718803,Low latent risk,Targeted cross-sell through owned channels
15994,335.4680378817022,Mid Value,1.0,Low latent risk,Targeted cross-sell through owned channels
13878,335.448283394149,Mid Value,1.0,Low latent risk,Targeted cross-sell through owned channels
15865,335.104276801013,Mid Value,0.9853268546711973,Low latent risk,Targeted cross-sell through owned channels
15407,334.9268032054644,Mid Value,0.9905918419112817,Low latent risk,Targeted cross-sell through owned channels
13725,334.1051583924573,Mid Value,0.9908174025964985,Low latent risk,Targeted cross-sell through owned channels
16554,334.04955489411975,Mid Value,0.9871071285468849,Low latent risk,Targeted cross-sell through owned channels
17254,333.8483989714952,Mid Value,0.9814009378353437,Low latent risk,Targeted cross-sell through owned channels
16531,333.4720611742083,Mid Value,0.9950475880290075,Low latent risk,Targeted cross-sell through owned channels
12571,333.20337724723305,Mid Value,0.9741510781529257,Low latent risk,Targeted cross-sell through owned channels
13330,332.95332987283183,Mid Value,0.9794902708685479,Low latent risk,Targeted cross-sell through owned channels
17797,332.64618195189814,Mid Value,0.98768694587269,Low latent risk,Targeted cross-sell through owned channels
16317,332.54561357267266,Mid Value,0.9710883065276277,Low latent risk,Targeted cross-sell through owned channels
15829,332.4958857778379,Mid Value,0.9436169880349227,Low latent risk,Targeted cross-sell through owned channels
14179,332.06844751954986,Mid Value,0.9616886130682374,Low latent risk,Targeted cross-sell through owned channels
15602,331.35544386347755,Mid Value,0.9969212155556144,Low latent risk,Targeted cross-sell through owned channels
14901,331.24679735422853,Mid Value,0.9967344846411186,Low latent risk,Targeted cross-sell through owned channels
14352,331.23689129206736,Mid Value,0.9276506626124756,Low latent risk,Targeted cross-sell through owned channels
12701,330.90307167350585,Mid Value,0.9715852435006259,Low latent risk,Targeted cross-sell through owned channels
16266,330.7149476445614,Mid Value,0.9682886945634886,Low latent risk,Targeted cross-sell through owned channels
15983,330.3854129300399,Mid Value,0.9920211963828626,Low latent risk,Targeted cross-sell through owned channels
17886,330.2601956747737,Mid Value,0.9873377757796793,Low latent risk,Targeted cross-sell through owned channels
12454,329.867380617199,Mid Value,1.0,Low latent risk,Targeted cross-sell through owned channels
17372,329.6132737121643,Mid Value,0.9935043023478222,Low latent risk,Targeted cross-sell through owned channels
17986,329.5049115403805,Mid Value,1.0,Low latent risk,Targeted cross-sell through owned channels
13006,329.43505348586285,Mid Value,1.0,Low latent risk,Targeted cross-sell through owned channels
17042,329.24142092584583,Mid Value,0.9948016467680802,Low latent risk,Targeted cross-sell through owned channels
16413,329.2214303297594,Mid Value,1.0,Low latent risk,Targeted cross-sell through owned channels
14089,329.03130747963496,Mid Value,1.0,Low latent risk,Targeted cross-sell through owned channels
15714,328.8129124108973,Mid Value,0.980513736622,Low latent risk,Targeted cross-sell through owned channels
14223,328.80766514313177,Mid Value,0.976187713908087,Low latent risk,Targeted cross-sell through owned channels
16899,327.6093403125227,Mid Value,0.9954940802353042,Low latent risk,Targeted cross-sell through owned channels
13029,327.24019575156086,Mid Value,0.9883807932299677,Low latent risk,Targeted cross-sell through owned channels
13858,326.72320489524935,Mid Value,1.0,Low latent risk,Targeted cross-sell through owned channels
17614,326.6899028115779,Mid Value,1.0,Low latent risk,Targeted cross-sell through owned channels
16793,326.57963836447897,Mid Value,1.0,Low latent risk,Targeted cross-sell through owned channels
16430,326.53596936259925,Mid Value,1.0,Low latent risk,Targeted cross-sell through owned channels
16773,326.51517872387024,Mid Value,1.0,Low latent risk,Targeted cross-sell through owned channels
13853,326.4756838381344,Mid Value,1.0,Low latent risk,Targeted cross-sell through owned channels
14975,326.4549009119675,Mid Value,1.0,Low latent risk,Targeted cross-sell through owned channels
12631,326.42373150725757,Mid Value,1.0,Low latent risk,Targeted cross-sell through owned channels
18171,326.3918112434183,Mid Value,0.9891269761801237,Low latent risk,Targeted cross-sell through owned channels
12446,326.29288528805387,Mid Value,1.0,Low latent risk,Targeted cross-sell through owned channels
12508,326.2760348504478,Mid Value,0.96758333130438,Low latent risk,Targeted cross-sell through owned channels
17279,326.1849646099117,Mid Value,1.0,Low latent risk,Targeted cross-sell through owned channels
14537,326.05223758972227,Mid Value,1.0,Low latent risk,Targeted cross-sell through owned channels
16367,325.8272458709681,Mid Value,0.9804045692243358,Low latent risk,Targeted cross-sell through owned channels
14029,325.7628235778267,Mid Value,0.9677513122343582,Low latent risk,Targeted cross-sell through owned channels
16801,325.6852223550309,Mid Value,0.9179707601909642,Low latent risk,Targeted cross-sell through owned channels
13203,325.4632473523536,Mid Value,0.9926241962963878,Low latent risk,Targeted cross-sell through owned channels
12375,325.05847945826724,Mid Value,0.9811679603559995,Low latent risk,Targeted cross-sell through owned channels
16624,324.9296104161615,Mid Value,0.9677820355400375,Low latent risk,Targeted cross-sell through owned channels
14878,324.8190745714076,Mid Value,0.9966178026948581,Low latent risk,Targeted cross-sell through owned channels
15024,324.6646355264437,Mid Value,0.9971250297779027,Low latent risk,Targeted cross-sell through owned channels
12464,323.8425997097279,Mid Value,0.9963203883802719,Low latent risk,Targeted cross-sell through owned channels
12667,323.84099411336615,Mid Value,1.0,Low latent risk,Targeted cross-sell through owned channels
18277,323.6407226914328,Mid Value,1.0,Low latent risk,Targeted cross-sell through owned channels
13464,323.5978397627883,Mid Value,1.0,Low latent risk,Targeted cross-sell through owned channels
15791,323.5466914214699,Mid Value,0.9771325239395416,Low latent risk,Targeted cross-sell through owned channels
17527,323.5387253367751,Mid Value,0.9852470003444076,Low latent risk,Targeted cross-sell through owned channels
13064,323.5382650592367,Mid Value,0.9926029366917787,Low latent risk,Targeted cross-sell through owned channels
16753,323.3795182163806,Mid Value,1.0,Low latent risk,Targeted cross-sell through owned channels
15376,323.20072440456113,Mid Value,0.9855708609114195,Low latent risk,Targeted cross-sell through owned channels
12602,323.15131156412167,Mid Value,1.0,Low latent risk,Targeted cross-sell through owned channels
14642,323.12280848501536,Mid Value,1.0,Low latent risk,Targeted cross-sell through owned channels
17733,323.03418991172026,Mid Value,0.9791506437205173,Low latent risk,Targeted cross-sell through owned channels
15002,322.9295607925882,Mid Value,0.9785414242699786,Low latent risk,Targeted cross-sell through owned channels
16859,322.88402445896855,Mid Value,0.9528785627608446,Low latent risk,Targeted cross-sell through owned channels
14446,322.87376916404094,Mid Value,0.9934315921150096,Low latent risk,Targeted cross-sell through owned channels
13162,322.7183136123675,Mid Value,0.9734576938803553,Low latent risk,Targeted cross-sell through owned channels
14817,321.9769106717711,Mid Value,0.9206973548110537,Low latent risk,Targeted cross-sell through owned channels
14540,321.7945164336658,Mid Value,0.9898979683551098,Low latent risk,Targeted cross-sell through owned channels
13690,320.6882950306311,Mid Value,1.0,Low latent risk,Targeted cross-sell through owned channels
16171,320.66423625154755,Mid Value,1.0,Low latent risk,Targeted cross-sell through owned channels
12824,320.419844387376,Mid Value,1.0,Low latent risk,Targeted cross-sell through owned channels
17620,320.33779670158293,Mid Value,1.0,Low latent risk,Targeted cross-sell through owned channels
12772,320.0000453266946,Mid Value,1.0,Low latent risk,Targeted cross-sell through owned channels
12458,318.7089393973146,Mid Value,0.9750266094833452,Low latent risk,Targeted cross-sell through owned channels
13662,318.63986858276974,Mid Value,0.9777079918892806,Low latent risk,Targeted cross-sell through owned channels
15157,318.54510986755645,Mid Value,0.9903800180660824,Low latent risk,Targeted cross-sell through owned channels
15800,318.3593149842507,Mid Value,0.9645958073239744,Low latent risk,Targeted cross-sell through owned channels
14499,318.31468640446565,Mid Value,0.988231688971094,Low latent risk,Targeted cross-sell through owned channels
16842,318.23698542150174,Mid Value,0.9769333014288031,Low latent risk,Targeted cross-sell through owned channels
12607,317.9510195084174,Mid Value,1.0,Low latent risk,Targeted cross-sell through owned channels
14684,317.92147823814946,Mid Value,0.9932443449082285,Low latent risk,Targeted cross-sell through owned channels
18236,317.8572339788796,Mid Value,0.9925439636309318,Low latent risk,Targeted cross-sell through owned channels
15886,317.75209309831035,Mid Value,1.0,Low latent risk,Targeted cross-sell through owned channels
15553,317.7068279795904,Mid Value,1.0,Low latent risk,Targeted cross-sell through owned channels
13352,317.69305421082305,Mid Value,1.0,Low latent risk,Targeted cross-sell through owned channels
13980,317.65174010302457,Mid Value,1.0,Low latent risk,Targeted cross-sell through owned channels
14770,317.6275186822161,Mid Value,0.9171996430954225,Low latent risk,Targeted cross-sell through owned channels
15858,317.62209037502475,Mid Value,0.9940214332035756,Low latent risk,Targeted cross-sell through owned channels
16776,317.59273867305285,Mid Value,1.0,Low latent risk,Targeted cross-sell through owned channels
16982,317.52196601862664,Mid Value,1.0,Low latent risk,Targeted cross-sell through owned channels
18126,317.50427780637517,Mid Value,1.0,Low latent risk,Targeted cross-sell through owned channels
18169,317.5023125716786,Mid Value,1.0,Low latent risk,Targeted cross-sell through owned channels
17158,317.2612336890127,Mid Value,0.9882796066776381,Low latent risk,Targeted cross-sell through owned channels
15232,317.1966350900794,Mid Value,0.9263378106039534,Low latent risk,Targeted cross-sell through owned channels
16179,317.19407358950536,Mid Value,1.0,Low latent risk,Targeted cross-sell through owned channels
14027,317.11563745580685,Mid Value,1.0,Low latent risk,Targeted cross-sell through owned channels
16734,317.07504173751886,Mid Value,0.9739673332592487,Low latent risk,Targeted cross-sell through owned channels
15193,317.04115921981247,Mid Value,1.0,Low latent risk,Targeted cross-sell through owned channels
15179,316.5607207493508,Mid Value,0.9936354240817867,Low latent risk,Targeted cross-sell through owned channels
16884,316.2154123496443,Mid Value,0.958126432146683,Low latent risk,Targeted cross-sell through owned channels
17526,315.97962110516283,Mid Value,0.9931925992953755,Low latent risk,Targeted cross-sell through owned channels
15793,315.8666666305918,Mid Value,0.9893471548934537,Low latent risk,Targeted cross-sell through owned channels
16921,315.1692585441276,Mid Value,1.0,Low latent risk,Targeted cross-sell through owned channels
13611,315.15914938426147,Mid Value,0.9818187486754609,Low latent risk,Targeted cross-sell through owned channels
16380,315.0879544739996,Mid Value,1.0,Low latent risk,Targeted cross-sell through owned channels
14801,315.05699257938664,Mid Value,1.0,Low latent risk,Targeted cross-sell through owned channels
13193,314.9525413039531,Mid Value,1.0,Low latent risk,Targeted cross-sell through owned channels
18088,314.85782164066603,Mid Value,1.0,Low latent risk,Targeted cross-sell through owned channels
13260,314.81917700095306,Mid Value,1.0,Low latent risk,Targeted cross-sell through owned channels
16595,314.8075854674419,Mid Value,1.0,Low latent risk,Targeted cross-sell through owned channels
16248,314.60873111438815,Mid Value,1.0,Low latent risk,Targeted cross-sell through owned channels
13259,314.5238605418732,Mid Value,1.0,Low latent risk,Targeted cross-sell through owned channels
15054,314.47980011500243,Mid Value,0.9787854829385937,Low latent risk,Targeted cross-sell through owned channels
16104,314.4756591177613,Mid Value,1.0,Low latent risk,Targeted cross-sell through owned channels
17734,314.46789778351723,Mid Value,0.9835677285161701,Low latent risk,Targeted cross-sell through owned channels
13933,314.4071420954248,Mid Value,0.9373452902622454,Low latent risk,Targeted cross-sell through owned channels
16642,314.29777339569614,Mid Value,0.982824781464973,Low latent risk,Targeted cross-sell through owned channels
17676,314.2202555764854,Mid Value,0.9956916746817744,Low latent risk,Targeted cross-sell through owned channels
17406,313.9332738813881,Mid Value,0.5721991274763363,High latent risk,Low-cost automated re-engagement
15680,313.90821331117905,Mid Value,0.9900038193650903,Low latent risk,Targeted cross-sell through owned channels
18265,313.8580475431697,Mid Value,0.9659741456532543,Low latent risk,Targeted cross-sell through owned channels
13591,313.85178812517745,Mid Value,0.9827089620845177,Low latent risk,Targeted cross-sell through owned channels
17800,313.43017521301624,Mid Value,0.9937267463767384,Low latent risk,Targeted cross-sell through owned channels
15436,313.4159015107997,Mid Value,0.9894263024458531,Low latent risk,Targeted cross-sell through owned channels
13476,313.40230596460685,Mid Value,0.9398645361400277,Low latent risk,Targeted cross-sell through owned channels
15344,313.2806825063512,Mid Value,0.9905550326466009,Low latent risk,Targeted cross-sell through owned channels
15807,312.96831602942694,Mid Value,0.964521983458026,Low latent risk,Targeted cross-sell through owned channels
14129,312.8023900397107,Mid Value,0.9948824592047426,Low latent risk,Targeted cross-sell through owned channels
12878,312.71498943448876,Mid Value,0.8480800801117822,Low latent risk,Targeted cross-sell through owned channels
16298,311.5971914213891,Mid Value,0.9877371759909339,Low latent risk,Targeted cross-sell through owned channels
14075,311.41787255855684,Mid Value,0.9902236190242247,Low latent risk,Targeted cross-sell through owned channels
17312,311.3909968901693,Mid Value,0.8495241571968106,Low latent risk,Targeted cross-sell through owned channels
13016,311.04756113115087,Mid Value,0.9597234943965973,Low latent risk,Targeted cross-sell through owned channels
15549,310.9724029958224,Mid Value,0.9822656662141878,Low latent risk,Targeted cross-sell through owned channels
17058,310.93059318695083,Mid Value,0.9772725483251028,Low latent risk,Targeted cross-sell through owned channels
15227,310.8288854080863,Mid Value,0.9918302572237614,Low latent risk,Targeted cross-sell through owned channels
12924,310.7428156849154,Mid Value,0.9825881681653744,Low latent risk,Targeted cross-sell through owned channels
12724,310.4563269073693,Mid Value,0.9931178175680319,Low latent risk,Targeted cross-sell through owned channels
13763,309.56114938463924,Mid Value,1.0,Low latent risk,Targeted cross-sell through owned channels
13689,309.3521083966512,Mid Value,1.0,Low latent risk,Targeted cross-sell through owned channels
15426,309.3318359390828,Mid Value,0.9937499376337092,Low latent risk,Targeted cross-sell through owned channels
13419,309.2924344851591,Mid Value,1.0,Low latent risk,Targeted cross-sell through owned channels
13587,309.2588780728063,Mid Value,1.0,Low latent risk,Targeted cross-sell through owned channels
13515,309.1997250777566,Mid Value,0.9818081838786257,Low latent risk,Targeted cross-sell through owned channels
13806,309.1694300585332,Mid Value,1.0,Low latent risk,Targeted cross-sell through owned channels
16016,309.08765786288467,Mid Value,0.9968710335043183,Low latent risk,Targeted cross-sell through owned channels
12740,309.0595547314,Mid Value,1.0,Low latent risk,Targeted cross-sell through owned channels
13876,309.0186043499601,Mid Value,1.0,Low latent risk,Targeted cross-sell through owned channels
12624,309.00916728583246,Mid Value,0.9524399826697683,Low latent risk,Targeted cross-sell through owned channels
13359,308.92185586347154,Mid Value,1.0,Low latent risk,Targeted cross-sell through owned channels
12519,308.9144161930003,Mid Value,1.0,Low latent risk,Targeted cross-sell through owned channels
14792,308.901397635869,Mid Value,1.0,Low latent risk,Targeted cross-sell through owned channels
15841,308.89570610288183,Mid Value,0.986032933782968,Low latent risk,Targeted cross-sell through owned channels
12420,308.85677095052165,Mid Value,1.0,Low latent risk,Targeted cross-sell through owned channels
17030,308.8456163031678,Mid Value,1.0,Low latent risk,Targeted cross-sell through owned channels
12541,308.5070892823878,Mid Value,0.9879216634934072,Low latent risk,Targeted cross-sell through owned channels
15095,308.3083008669261,Mid Value,0.9560269865411625,Low latent risk,Targeted cross-sell through owned channels
15449,307.71205737676365,Mid Value,0.9880920688101702,Low latent risk,Targeted cross-sell through owned channels
14623,307.65991359826313,Mid Value,0.9912169981490405,Low latent risk,Targeted cross-sell through owned channels
16503,307.50377288082575,Mid Value,0.9803109872026045,Low latent risk,Targeted cross-sell through owned channels
15355,307.46791904679134,Mid Value,0.9709560275215763,Low latent risk,Targeted cross-sell through owned channels
14047,307.32175133000675,Mid Value,0.9944895397497979,Low latent risk,Targeted cross-sell through owned channels
13348,307.14292295164887,Mid Value,1.0,Low latent risk,Targeted cross-sell through owned channels
15300,307.1061572732708,Mid Value,1.0,Low latent risk,Targeted cross-sell through owned channels
15766,307.0969672352613,Mid Value,1.0,Low latent risk,Targeted cross-sell through owned channels
12923,307.01795571177286,Mid Value,1.0,Low latent risk,Targeted cross-sell through owned channels
15937,306.9591829412698,Mid Value,1.0,Low latent risk,Targeted cross-sell through owned channels
14518,306.83987031752105,Mid Value,1.0,Low latent risk,Targeted cross-sell through owned channels
16432,306.75915772097164,Mid Value,1.0,Low latent risk,Targeted cross-sell through owned channels
15264,306.7408198978059,Mid Value,1.0,Low latent risk,Targeted cross-sell through owned channels
13422,306.72798473204216,Mid Value,1.0,Low latent risk,Targeted cross-sell through owned channels
13504,306.6876526637835,Mid Value,1.0,Low latent risk,Targeted cross-sell through owned channels
16895,306.56855195904245,Mid Value,1.0,Low latent risk,Targeted cross-sell through owned channels
13602,306.51727567309905,Mid Value,1.0,Low latent risk,Targeted cross-sell through owned channels
14317,306.4019670094163,Mid Value,1.0,Low latent risk,Targeted cross-sell through owned channels
13177,306.3141712711323,Mid Value,1.0,Low latent risk,Targeted cross-sell through owned channels
15837,306.2136341063214,Mid Value,1.0,Low latent risk,Targeted cross-sell through owned channels
13845,306.1478638545262,Mid Value,1.0,Low latent risk,Targeted cross-sell through owned channels
14913,305.905996861733,Mid Value,0.9908548971407718,Low latent risk,Targeted cross-sell through owned channels
14584,305.85279433832693,Mid Value,0.6873696355442152,High latent risk,Low-cost automated re-engagement
15898,305.70563134748693,Mid Value,0.9949142797552701,Low latent risk,Targeted cross-sell through owned channels
17299,305.44851269080436,Mid Value,0.9920858621043919,Low latent risk,Targeted cross-sell through owned channels
17974,305.3733255059814,Mid Value,0.9878775082848889,Low latent risk,Targeted cross-sell through owned channels
16572,305.18463202492063,Mid Value,0.9648361258332753,Low latent risk,Targeted cross-sell through owned channels
14385,304.76112066652115,Mid Value,0.9866786467850737,Low latent risk,Targeted cross-sell through owned channels
18033,304.5182035107629,Mid Value,1.0,Low latent risk,Targeted cross-sell through owned channels
14631,304.50579825778357,Mid Value,0.9856993319233371,Low latent risk,Targeted cross-sell through owned channels
14054,304.3394086569241,Mid Value,1.0,Low latent risk,Targeted cross-sell through owned channels
17647,304.31955558075117,Mid Value,1.0,Low latent risk,Targeted cross-sell through owned channels
14748,304.28313501386157,Mid Value,0.9929689258219295,Low latent risk,Targeted cross-sell through owned channels
16758,304.227543488376,Mid Value,1.0,Low latent risk,Targeted cross-sell through owned channels
13947,304.21852570349745,Mid Value,1.0,Low latent risk,Targeted cross-sell through owned channels
16803,304.1932787627106,Mid Value,1.0,Low latent risk,Targeted cross-sell through owned channels
17083,304.1478308608685,Mid Value,0.9747532077842869,Low latent risk,Targeted cross-sell through owned channels
17222,304.13919234812494,Mid Value,1.0,Low latent risk,Targeted cross-sell through owned channels
12789,304.0959371259385,Mid Value,1.0,Low latent risk,Targeted cross-sell through owned channels
17382,304.0436868870048,Mid Value,1.0,Low latent risk,Targeted cross-sell through owned channels
12556,304.0107620916554,Mid Value,0.972981197021186,Low latent risk,Targeted cross-sell through owned channels
13483,303.91404010669476,Mid Value,1.0,Low latent risk,Targeted cross-sell through owned channels
16106,303.7773111710746,Mid Value,1.0,Low latent risk,Targeted cross-sell through owned channels
15127,303.764723932079,Mid Value,1.0,Low latent risk,Targeted cross-sell through owned channels
12535,303.65594538061566,Mid Value,0.9621981220128182,Low latent risk,Targeted cross-sell through owned channels
14487,303.4699875320623,Mid Value,0.9941152937114154,Low latent risk,Targeted cross-sell through owned channels
15596,303.40234426650335,Mid Value,0.9817518545595306,Low latent risk,Targeted cross-sell through owned channels
15110,303.28691578054486,Mid Value,0.9916669763267486,Low latent risk,Targeted cross-sell through owned channels
18189,303.1812318097013,Mid Value,0.9733157610499086,Low latent risk,Targeted cross-sell through owned channels
13037,303.0374661879127,Mid Value,0.9538584625372175,Low latent risk,Targeted cross-sell through owned channels
16539,302.9687518151668,Mid Value,0.9933099090698543,Low latent risk,Targeted cross-sell through owned channels
13217,302.545318717526,Mid Value,0.9029086591900243,Low latent risk,Targeted cross-sell through owned channels
16140,301.91306273569745,Mid Value,0.9778158534817664,Low latent risk,Targeted cross-sell through owned channels
15276,301.8511433083496,Mid Value,1.0,Low latent risk,Targeted cross-sell through owned channels
17957,301.67193318005855,Mid Value,1.0,Low latent risk,Targeted cross-sell through owned channels
16774,301.5627060804027,Mid Value,0.9765466533460634,Low latent risk,Targeted cross-sell through owned channels
15739,301.5372228760268,Mid Value,1.0,Low latent risk,Targeted cross-sell through owned channels
14410,301.50564663682536,Mid Value,0.9658073673809878,Low latent risk,Targeted cross-sell through owned channels
13351,301.45397565168906,Mid Value,1.0,Low latent risk,Targeted cross-sell through owned channels
15255,301.43272844030344,Mid Value,1.0,Low latent risk,Targeted cross-sell through owned channels
14184,301.43272844030344,Mid Value,1.0,Low latent risk,Targeted cross-sell through owned channels
13104,301.22423449033397,Mid Value,0.995740381782352,Low latent risk,Targeted cross-sell through owned channels
16881,301.2027430210798,Mid Value,1.0,Low latent risk,Targeted cross-sell through owned channels
13801,301.1709266693363,Mid Value,1.0,Low latent risk,Targeted cross-sell through owned channels
16357,300.90696056349555,Mid Value,0.9865139547165226,Low latent risk,Targeted cross-sell through owned channels
18135,300.8486164041789,Mid Value,0.9908618647633067,Low latent risk,Targeted cross-sell through owned channels
13610,300.6223428292175,Mid Value,0.9956275878951626,Low latent risk,Targeted cross-sell through owned channels
15605,300.58575920181147,Mid Value,0.9923679750233151,Low latent risk,Targeted cross-sell through owned channels
13636,300.0229615488289,Mid Value,0.9914140872838548,Low latent risk,Targeted cross-sell through owned channels
17262,299.3346677225727,Mid Value,0.9905937889716132,Low latent risk,Targeted cross-sell through owned channels
13491,299.1518848348836,Mid Value,0.9918885841311327,Low latent risk,Targeted cross-sell through owned channels
16183,299.14165536957876,Mid Value,1.0,Low latent risk,Targeted cross-sell through owned channels
15930,299.1294510643544,Mid Value,1.0,Low latent risk,Targeted cross-sell through owned channels
17412,299.04949240440493,Mid Value,0.9964515215964292,Low latent risk,Targeted cross-sell through owned channels
15091,298.9116853415735,Mid Value,1.0,Low latent risk,Targeted cross-sell through owned channels
13635,298.7168376140806,Mid Value,1.0,Low latent risk,Targeted cross-sell through owned channels
14333,298.6872848158259,Mid Value,1.0,Low latent risk,Targeted cross-sell through owned channels
14488,298.56913233870296,Mid Value,1.0,Low latent risk,Targeted cross-sell through owned channels
12994,298.34478581786675,Mid Value,0.9902564957292268,Low latent risk,Targeted cross-sell through owned channels
12348,298.07068276145543,Mid Value,0.9861381865444188,Low latent risk,Targeted cross-sell through owned channels
13549,297.946442664532,Mid Value,0.9937347065028255,Low latent risk,Targeted cross-sell through owned channels
14403,297.2673003513138,Mid Value,0.946991565285476,Low latent risk,Targeted cross-sell through owned channels
16616,297.26615952710625,Mid Value,0.9810452117467326,Low latent risk,Targeted cross-sell through owned channels
16225,297.10638240433497,Mid Value,0.9900729626786522,Low latent risk,Targeted cross-sell through owned channels
15146,296.8595997429607,Mid Value,0.9501855269825971,Low latent risk,Targeted cross-sell through owned channels
17204,296.35479677080815,Mid Value,0.879101939975386,Low latent risk,Targeted cross-sell through owned channels
15774,296.35220785253733,Mid Value,1.0,Low latent risk,Targeted cross-sell through owned channels
14416,296.299164039617,Mid Value,0.973650709128133,Low latent risk,Targeted cross-sell through owned channels
16591,296.2136791843783,Mid Value,1.0,Low latent risk,Targeted cross-sell through owned channels
16062,296.10694016869917,Mid Value,0.9928798562041162,Low latent risk,Targeted cross-sell through owned channels
13368,296.0009738378226,Mid Value,0.9015028712028694,Low latent risk,Targeted cross-sell through owned channels
14669,295.84163955762034,Mid Value,0.8754120203905524,Low latent risk,Targeted cross-sell through owned channels
13253,295.81105039263696,Mid Value,0.9605647657077101,Low latent risk,Targeted cross-sell through owned channels
16139,294.6812956957372,Mid Value,0.9885118466950356,Low latent risk,Targeted cross-sell through owned channels
13310,294.35645714881423,Mid Value,0.9883961816658261,Low latent risk,Targeted cross-sell through owned channels
18239,294.15404025969355,Mid Value,0.8652429633868557,Low latent risk,Targeted cross-sell through owned channels
17557,293.3154638171656,Mid Value,0.9872407191609011,Low latent risk,Targeted cross-sell through owned channels
18064,293.2565285636236,Mid Value,0.9524399313920512,Low latent risk,Targeted cross-sell through owned channels
14514,293.205267941382,Mid Value,0.9849584926458321,Low latent risk,Targeted cross-sell through owned channels
16657,292.8606120525739,Mid Value,0.9926628173727612,Low latent risk,Targeted cross-sell through owned channels
17284,292.7599433122953,Mid Value,0.9893660451675532,Low latent risk,Targeted cross-sell through owned channels
17961,292.2994468630819,Mid Value,0.9960134089263407,Low latent risk,Targeted cross-sell through owned channels
13389,292.02276108127734,Mid Value,0.989513936032708,Low latent risk,Targeted cross-sell through owned channels
17447,291.8890223780649,Mid Value,0.967390760184431,Low latent risk,Targeted cross-sell through owned channels
16613,291.8832785586594,Mid Value,1.0,Low latent risk,Targeted cross-sell through owned channels
15492,291.8180275617301,Mid Value,0.9743607958855058,Low latent risk,Targeted cross-sell through owned channels
16404,291.78871254894705,Mid Value,1.0,Low latent risk,Targeted cross-sell through owned channels
15573,291.7226324906588,Mid Value,0.9740913925362671,Low latent risk,Targeted cross-sell through owned channels
15185,291.70746814555696,Mid Value,1.0,Low latent risk,Targeted cross-sell through owned channels
13347,291.6444935616519,Mid Value,1.0,Low latent risk,Targeted cross-sell through owned channels
12465,291.5775367245703,Mid Value,0.9808649918898686,Low latent risk,Targeted cross-sell through owned channels
13095,291.50372818423904,Mid Value,1.0,Low latent risk,Targeted cross-sell through owned channels
12717,291.5008984639966,Mid Value,0.9450811446668043,Low latent risk,Targeted cross-sell through owned channels
15593,291.4755914858646,Mid Value,1.0,Low latent risk,Targeted cross-sell through owned channels
16101,291.3300298685564,Mid Value,1.0,Low latent risk,Targeted cross-sell through owned channels
18053,291.2093906608642,Mid Value,1.0,Low latent risk,Targeted cross-sell through owned channels
17019,291.09417748836677,Mid Value,0.9927578957543596,Low latent risk,Targeted cross-sell through owned channels
17018,290.88572778463106,Mid Value,0.979773700120055,Low latent risk,Targeted cross-sell through owned channels
15712,290.7515352469336,Mid Value,0.9942886033244382,Low latent risk,Targeted cross-sell through owned channels
14002,289.93179210759035,Mid Value,0.9069147923151829,Low latent risk,Targeted cross-sell through owned channels
13728,289.81275368238187,Mid Value,0.9925612922949366,Low latent risk,Targeted cross-sell through owned channels
13364,289.7433428778878,Mid Value,1.0,Low latent risk,Targeted cross-sell through owned channels
12703,289.7090069151229,Mid Value,1.0,Low latent risk,Targeted cross-sell through owned channels
12718,289.58807864666346,Mid Value,1.0,Low latent risk,Targeted cross-sell through owned channels
13046,289.52004759595155,Mid Value,0.9801951432096679,Low latent risk,Targeted cross-sell through owned channels
16574,289.29598184535945,Mid Value,1.0,Low latent risk,Targeted cross-sell through owned channels
13503,289.26990144798737,Mid Value,1.0,Low latent risk,Targeted cross-sell through owned channels
13354,289.26012251663315,Mid Value,1.0,Low latent risk,Targeted cross-sell through owned channels
13886,289.26012251663315,Mid Value,1.0,Low latent risk,Targeted cross-sell through owned channels
15469,289.1043742574997,Mid Value,0.9700801221888591,Low latent risk,Targeted cross-sell through owned channels
15175,289.0874708321958,Mid Value,1.0,Low latent risk,Targeted cross-sell through owned channels
17427,289.08421524304663,Mid Value,1.0,Low latent risk,Targeted cross-sell through owned channels
16268,288.93147926269586,Mid Value,0.9288580248787053,Low latent risk,Targeted cross-sell through owned channels
18192,288.9280335306282,Mid Value,1.0,Low latent risk,Targeted cross-sell through owned channels
16650,288.9247815474049,Mid Value,1.0,Low latent risk,Targeted cross-sell through owned channels
13049,288.81284182084073,Mid Value,0.9769451932017492,Low latent risk,Targeted cross-sell through owned channels
14421,288.78716569570463,Mid Value,0.974709679599024,Low latent risk,Targeted cross-sell through owned channels
13659,288.7123418710514,Mid Value,0.9363242189258831,Low latent risk,Targeted cross-sell through owned channels
16882,287.7039829601662,Mid Value,0.9839383167294073,Low latent risk,Targeted cross-sell through owned channels
17470,287.35553578686245,Mid Value,0.9915139447799944,Low latent risk,Targeted cross-sell through owned channels
15289,287.349001335921,Mid Value,0.9876064666754647,Low latent risk,Targeted cross-sell through owned channels
16909,287.2661522093025,Mid Value,1.0,Low latent risk,Targeted cross-sell through owned channels
17513,287.26133046094066,Mid Value,1.0,Low latent risk,Targeted cross-sell through owned channels
13061,287.20026905087605,Mid Value,1.0,Low latent risk,Targeted cross-sell through owned channels
16281,287.09267163308203,Mid Value,1.0,Low latent risk,Targeted cross-sell through owned channels
17064,286.98558101935555,Mid Value,0.9852240716257868,Low latent risk,Targeted cross-sell through owned channels
15348,286.9322290124041,Mid Value,1.0,Low latent risk,Targeted cross-sell through owned channels
14109,286.6454860331621,Mid Value,1.0,Low latent risk,Targeted cross-sell through owned channels
13652,286.51338664812096,Mid Value,0.9871838308310906,Low latent risk,Targeted cross-sell through owned channels
16086,286.1772076649288,Mid Value,0.9897216047533652,Low latent risk,Targeted cross-sell through owned channels
17642,285.4789349622926,Mid Value,0.9421498417726579,Low latent risk,Targeted cross-sell through owned channels
13741,285.4595182865353,Mid Value,0.9784096208092731,Low latent risk,Targeted cross-sell through owned channels
17041,285.4450480766573,Mid Value,0.9887523099494012,Low latent risk,Targeted cross-sell through owned channels
14193,284.7030761234317,Mid Value,0.9751216040981469,Low latent risk,Targeted cross-sell through owned channels
16181,284.6748063573387,Mid Value,1.0,Low latent risk,Targeted cross-sell through owned channels
13979,284.6653369702018,Mid Value,1.0,Low latent risk,Targeted cross-sell through owned channels
18278,284.5170658028492,Mid Value,1.0,Low latent risk,Targeted cross-sell through owned channels
17805,284.5028777645617,Mid Value,1.0,Low latent risk,Targeted cross-sell through owned channels
14910,284.48368661001973,Mid Value,0.9929220077582248,Low latent risk,Targeted cross-sell through owned channels
17115,284.45877296879485,Mid Value,0.98982397352238,Low latent risk,Targeted cross-sell through owned channels
16809,284.36784975164574,Mid Value,0.9928068239353676,Low latent risk,Targeted cross-sell through owned channels
13514,284.29809784819554,Mid Value,1.0,Low latent risk,Targeted cross-sell through owned channels
14265,284.2206959888722,Mid Value,0.9374346571930569,Low latent risk,Targeted cross-sell through owned channels
12468,284.1689329801533,Mid Value,0.9451001801714957,Low latent risk,Targeted cross-sell through owned channels
15737,283.6581205871978,Mid Value,0.995671863018059,Low latent risk,Targeted cross-sell through owned channels
16511,283.61694186203835,Mid Value,0.9886504506107667,Low latent risk,Targeted cross-sell through owned channels
13548,283.44110747178865,Mid Value,0.9675086586804224,Low latent risk,Targeted cross-sell through owned channels
13258,283.36913818457555,Mid Value,0.9893706978793944,Low latent risk,Targeted cross-sell through owned channels
18080,283.2709779230258,Mid Value,0.9813630691577319,Low latent risk,Targeted cross-sell through owned channels
12612,282.6020069925805,Mid Value,1.0,Low latent risk,Targeted cross-sell through owned channels
13866,282.53825478682137,Mid Value,1.0,Low latent risk,Targeted cross-sell through owned channels
16468,282.4745314637672,Mid Value,1.0,Low latent risk,Targeted cross-sell through owned channels
15243,282.4729775970288,Mid Value,1.0,Low latent risk,Targeted cross-sell through owned channels
15958,282.4248162429802,Mid Value,1.0,Low latent risk,Targeted cross-sell through owned channels
13639,282.4170498273645,Mid Value,1.0,Low latent risk,Targeted cross-sell through owned channels
14908,282.3549339430946,Mid Value,1.0,Low latent risk,Targeted cross-sell through owned channels
13927,282.2680177954213,Mid Value,1.0,Low latent risk,Targeted cross-sell through owned channels
13888,282.17706555322263,Mid Value,0.9554485677393831,Low latent risk,Targeted cross-sell through owned channels
14723,282.11854629824694,Mid Value,0.9953248772794345,Low latent risk,Targeted cross-sell through owned channels
16322,282.09887958960127,Mid Value,0.9829875894086436,Low latent risk,Targeted cross-sell through owned channels
13390,281.9549449066005,Mid Value,1.0,Low latent risk,Targeted cross-sell through owned channels
17894,281.25905105116396,Mid Value,0.9875352933051287,Low latent risk,Targeted cross-sell through owned channels
12951,281.1199290048328,Mid Value,0.9953895214422496,Low latent risk,Targeted cross-sell through owned channels
17163,281.1017827319502,Mid Value,0.9773477983451238,Low latent risk,Targeted cross-sell through owned channels
14161,281.10022455724095,Mid Value,0.9370128498535638,Low latent risk,Targeted cross-sell through owned channels
16833,280.9831565505632,Mid Value,0.9933772701410193,Low latent risk,Targeted cross-sell through owned channels
15154,280.42601499951206,Mid Value,1.0,Low latent risk,Targeted cross-sell through owned channels
14806,280.37549050241927,Mid Value,1.0,Low latent risk,Targeted cross-sell through owned channels
18066,280.37242899935524,Mid Value,1.0,Low latent risk,Targeted cross-sell through owned channels
13670,280.3647755354656,Mid Value,1.0,Low latent risk,Targeted cross-sell through owned channels
16198,280.32345408102526,Mid Value,1.0,Low latent risk,Targeted cross-sell through owned channels
14757,280.2897937915152,Mid Value,1.0,Low latent risk,Targeted cross-sell through owned channels
16594,280.2469651631947,Mid Value,1.0,Low latent risk,Targeted cross-sell through owned channels
17154,280.20720749138434,Mid Value,1.0,Low latent risk,Targeted cross-sell through owned channels
17498,280.08953004951735,Mid Value,1.0,Low latent risk,Targeted cross-sell through owned channels
16480,280.02080346701524,Mid Value,1.0,Low latent risk,Targeted cross-sell through owned channels
17506,280.01927659436296,Mid Value,1.0,Low latent risk,Targeted cross-sell through owned channels
12552,279.81792819736,Mid Value,0.9577698769016908,Low latent risk,Targeted cross-sell through owned channels
13410,279.784577912311,Mid Value,0.9929245876630239,Low latent risk,Targeted cross-sell through owned channels
17324,279.45700396997717,Mid Value,0.9923370263745849,Low latent risk,Targeted cross-sell through owned channels
13643,278.9562761240557,Mid Value,0.9862447466022713,Low latent risk,Targeted cross-sell through owned channels
13727,278.928596089183,Mid Value,0.9667194758616533,Low latent risk,Targeted cross-sell through owned channels
17268,278.7491012257077,Mid Value,0.9659483972618276,Low latent risk,Targeted cross-sell through owned channels
12936,278.37514233990424,Mid Value,0.9889961044247482,Low latent risk,Targeted cross-sell through owned channels
12599,278.26095301790434,Mid Value,0.9939256739411594,Low latent risk,Targeted cross-sell through owned channels
12820,277.8404397940654,Mid Value,0.9932455790430326,Low latent risk,Targeted cross-sell through owned channels
14111,277.7918037592211,Mid Value,0.9921318308900113,Low latent risk,Targeted cross-sell through owned channels
12676,277.5488753363,Mid Value,0.993960553970368,Low latent risk,Targeted cross-sell through owned channels
12616,277.1601431511127,Mid Value,0.9714041322234677,Low latent risk,Targeted cross-sell through owned channels
14737,277.1451012965203,Mid Value,0.990374357198757,Low latent risk,Targeted cross-sell through owned channels
15223,276.987143568258,Mid Value,0.8430619570110248,Low latent risk,Targeted cross-sell through owned channels
16934,276.90703585467605,Mid Value,0.9440162590487337,Low latent risk,Targeted cross-sell through owned channels
15133,276.3529674161873,Mid Value,0.9687707046254185,Low latent risk,Targeted cross-sell through owned channels
14912,276.0849971174203,Mid Value,0.9816204660284057,Low latent risk,Targeted cross-sell through owned channels
16485,276.0621210804082,Mid Value,1.0,Low latent risk,Targeted cross-sell through owned channels
15978,276.0190966772326,Mid Value,1.0,Low latent risk,Targeted cross-sell through owned channels
15475,276.0176133173425,Mid Value,1.0,Low latent risk,Targeted cross-sell through owned channels
14652,275.93012341605447,Mid Value,1.0,Low latent risk,Targeted cross-sell through owned channels
13336,275.90640694132884,Mid Value,1.0,Low latent risk,Targeted cross-sell through owned channels
14014,275.83676346968963,Mid Value,1.0,Low latent risk,Targeted cross-sell through owned channels
16978,275.7952905229135,Mid Value,1.0,Low latent risk,Targeted cross-sell through owned channels
15075,275.76123282791764,Mid Value,1.0,Low latent risk,Targeted cross-sell through owned channels
17480,275.6901831034255,Mid Value,1.0,Low latent risk,Targeted cross-sell through owned channels
13127,275.58219876824535,Mid Value,1.0,Low latent risk,Targeted cross-sell through owned channels
15744,275.5319336876066,Mid Value,1.0,Low latent risk,Targeted cross-sell through owned channels
14224,275.1682674531028,Mid Value,0.9760960593049266,Low latent risk,Targeted cross-sell through owned channels
16085,274.1828786573192,Mid Value,0.9932012860230345,Low latent risk,Targeted cross-sell through owned channels
13519,274.16706781275116,Mid Value,1.0,Low latent risk,Targeted cross-sell through owned channels
16715,274.1538974518608,Mid Value,1.0,Low latent risk,Targeted cross-sell through owned channels
12425,274.0895273091974,Mid Value,1.0,Low latent risk,Targeted cross-sell through owned channels
13279,274.07928940349876,Mid Value,1.0,Low latent risk,Targeted cross-sell through owned channels
12579,274.06612751045617,Mid Value,1.0,Low latent risk,Targeted cross-sell through owned channels
13509,274.01914799118686,Mid Value,0.9959519562421227,Low latent risk,Targeted cross-sell through owned channels
17079,273.9185088395066,Mid Value,1.0,Low latent risk,Targeted cross-sell through owned channels
17603,273.8075346994326,Mid Value,1.0,Low latent risk,Targeted cross-sell through owned channels
16236,273.79585846388403,Mid Value,1.0,Low latent risk,Targeted cross-sell through owned channels
14419,273.56920564526723,Mid Value,0.9953032344759779,Low latent risk,Targeted cross-sell through owned channels
15603,273.4373017810384,Mid Value,1.0,Low latent risk,Targeted cross-sell through owned channels
16213,273.4358461582452,Mid Value,1.0,Low latent risk,Targeted cross-sell through owned channels
17172,273.39655022515535,Mid Value,1.0,Low latent risk,Targeted cross-sell through owned channels
17034,273.31755653436295,Mid Value,0.9892651719213911,Low latent risk,Targeted cross-sell through owned channels
12377,273.16893107703913,Mid Value,0.8152591720458154,Low latent risk,Targeted cross-sell through owned channels
14006,273.0815021623421,Mid Value,0.9737875915072026,Low latent risk,Targeted cross-sell through owned channels
12455,272.99457361342496,Mid Value,0.9844288039566959,Low latent risk,Targeted cross-sell through owned channels
15561,272.5107590801172,Mid Value,0.992318040055278,Low latent risk,Targeted cross-sell through owned channels
13617,272.3704499756413,Mid Value,0.9842798775806635,Low latent risk,Targeted cross-sell through owned channels
18246,272.2527330619292,Mid Value,0.9807048400641555,Low latent risk,Targeted cross-sell through owned channels
14887,271.8282064481851,Mid Value,1.0,Low latent risk,Targeted cross-sell through owned channels
14951,271.8037545527523,Mid Value,1.0,Low latent risk,Targeted cross-sell through owned channels
17475,271.7749932723194,Mid Value,1.0,Low latent risk,Targeted cross-sell through owned channels
16627,271.75055098963446,Mid Value,1.0,Low latent risk,Targeted cross-sell through owned channels
12550,271.74623810394496,Mid Value,1.0,Low latent risk,Targeted cross-sell through owned channels
17415,271.59537366854454,Mid Value,1.0,Low latent risk,Targeted cross-sell through owned channels
17320,271.5338181537221,Mid Value,0.9803911019221798,Low latent risk,Targeted cross-sell through owned channels
12390,271.3127766617796,Mid Value,1.0,Low latent risk,Targeted cross-sell through owned channels
16766,270.8503024822793,Mid Value,0.7077361982069205,Low latent risk,Targeted cross-sell through owned channels
15132,269.76113940969606,Mid Value,0.9933685273307108,Low latent risk,Targeted cross-sell through owned channels
13356,269.68897114872874,Mid Value,1.0,Low latent risk,Targeted cross-sell through owned channels
15888,269.514936930261,Mid Value,1.0,Low latent risk,Targeted cross-sell through owned channels
13989,269.4720764863428,Mid Value,0.9743116880549915,Low latent risk,Targeted cross-sell through owned channels
17453,269.44853875958364,Mid Value,0.9780165276774069,Low latent risk,Targeted cross-sell through owned channels
16215,269.32841924970154,Mid Value,1.0,Low latent risk,Targeted cross-sell through owned channels
18160,269.30727794192785,Mid Value,0.9741998222987341,Low latent risk,Targeted cross-sell through owned channels
15341,269.27477281505503,Mid Value,1.0,Low latent risk,Targeted cross-sell through owned channels
14818,269.1952711291459,Mid Value,0.9802676711310753,Low latent risk,Targeted cross-sell through owned channels
15952,269.02194412142666,Mid Value,0.989481656689978,Low latent risk,Targeted cross-sell through owned channels
16603,268.76913813614067,Mid Value,0.9426296084074649,Low latent risk,Targeted cross-sell through owned channels
16682,268.6480605021116,Mid Value,0.9945445500460465,Low latent risk,Targeted cross-sell through owned channels
16696,267.8660422361651,Mid Value,0.9416627818611911,Low latent risk,Targeted cross-sell through owned channels
17033,267.8327096517668,Mid Value,0.9822600201333004,Low latent risk,Targeted cross-sell through owned channels
16527,267.81623663587413,Mid Value,1.0,Low latent risk,Targeted cross-sell through owned channels
16309,267.7386725761808,Mid Value,0.9642454226586656,Low latent risk,Targeted cross-sell through owned channels
17628,267.7324937700795,Mid Value,1.0,Low latent risk,Targeted cross-sell through owned channels
16621,267.66268114748607,Mid Value,0.9877437535415733,Low latent risk,Targeted cross-sell through owned channels
13228,267.6585646387385,Mid Value,1.0,Low latent risk,Targeted cross-sell through owned channels
13546,267.642852937372,Mid Value,0.9892510705973537,Low latent risk,Targeted cross-sell through owned channels
15504,267.5986145193211,Mid Value,1.0,Low latent risk,Targeted cross-sell through owned channels
12752,267.5804953733008,Mid Value,1.0,Low latent risk,Targeted cross-sell through owned channels
12497,267.49272209717697,Mid Value,1.0,Low latent risk,Targeted cross-sell through owned channels
13774,267.4606922926633,Mid Value,1.0,Low latent risk,Targeted cross-sell through owned channels
13325,267.3354322832015,Mid Value,1.0,Low latent risk,Targeted cross-sell through owned channels
16418,267.16158651377054,Mid Value,0.984975155873816,Low latent risk,Targeted cross-sell through owned channels
16674,266.76413387293394,Mid Value,0.9642892998006233,Low latent risk,Targeted cross-sell through owned channels
17637,266.48989526092487,Mid Value,0.9762834114132866,Low latent risk,Targeted cross-sell through owned channels
18248,266.0264277373883,Mid Value,0.9440211376879026,Low latent risk,Targeted cross-sell through owned channels
13928,265.69989641562273,Mid Value,0.9919099647943501,Low latent risk,Targeted cross-sell through owned channels
17323,265.6256630644129,Mid Value,0.9953832125716634,Low latent risk,Targeted cross-sell through owned channels
13067,265.59682807580475,Mid Value,1.0,Low latent risk,Targeted cross-sell through owned channels
18194,265.5844715380856,Mid Value,1.0,Low latent risk,Targeted cross-sell through owned channels
15947,265.3608805505182,Mid Value,1.0,Low latent risk,Targeted cross-sell through owned channels
14475,265.25017033803266,Mid Value,0.9828115621426826,Low latent risk,Targeted cross-sell through owned channels
16560,265.1055835135955,Mid Value,0.9813059679645573,Low latent risk,Targeted cross-sell through owned channels
15192,265.06553333796865,Mid Value,0.9767105219671393,Low latent risk,Targeted cross-sell through owned channels
15636,264.79297504291884,Mid Value,0.9717433659189615,Low latent risk,Targeted cross-sell through owned channels
14790,264.3156285892638,Mid Value,0.9919686066491314,Low latent risk,Targeted cross-sell through owned channels
17214,263.7976811955897,Mid Value,0.9899557607766124,Low latent risk,Targeted cross-sell through owned channels
13892,263.64468771312465,Mid Value,0.9907851600225179,Low latent risk,Targeted cross-sell through owned channels
17048,263.51747358710713,Mid Value,0.9748519420152624,Low latent risk,Targeted cross-sell through owned channels
17287,263.1989456618767,Mid Value,0.9947492147587904,Low latent risk,Targeted cross-sell through owned channels
16918,262.72174589507097,Mid Value,0.9907865385470509,Low latent risk,Targeted cross-sell through owned channels
17646,262.6064232888261,Mid Value,0.9320014529088366,Low latent risk,Targeted cross-sell through owned channels
16045,262.4507524525186,Mid Value,0.9683145731113283,Low latent risk,Targeted cross-sell through owned channels
16878,262.022413535478,Mid Value,1.0,Low latent risk,Targeted cross-sell through owned channels
15523,261.92891623659324,Mid Value,1.0,Low latent risk,Targeted cross-sell through owned channels
12991,261.86254863046327,Mid Value,0.978397668046796,Low latent risk,Targeted cross-sell through owned channels
15975,261.6941330576421,Mid Value,1.0,Low latent risk,Targeted cross-sell through owned channels
14124,261.692800269818,Mid Value,1.0,Low latent risk,Targeted cross-sell through owned channels
15099,261.66747989095893,Mid Value,1.0,Low latent risk,Targeted cross-sell through owned channels
16108,261.55426472619854,Mid Value,1.0,Low latent risk,Targeted cross-sell through owned channels
15743,261.29560640667523,Mid Value,0.9915075337849849,Low latent risk,Targeted cross-sell through owned channels
15599,261.2030366014461,Mid Value,0.9799357616029786,Low latent risk,Targeted cross-sell through owned channels
16350,261.0833920264672,Mid Value,0.9919296530228524,Low latent risk,Targeted cross-sell through owned channels
15211,260.96646488133206,Mid Value,0.9782466384828759,Low latent risk,Targeted cross-sell through owned channels
15429,260.9606968677418,Mid Value,0.9752726931253413,Low latent risk,Targeted cross-sell through owned channels
17135,260.8709754211034,Mid Value,0.9955624519149245,Low latent risk,Targeted cross-sell through owned channels
14231,260.843381405528,Mid Value,0.9267892930106721,Low latent risk,Targeted cross-sell through owned channels
16023,260.83708840388397,Mid Value,0.9856429704075838,Low latent risk,Targeted cross-sell through owned channels
17029,260.52128356947907,Mid Value,0.9623358588584047,Low latent risk,Targeted cross-sell through owned channels
14557,259.96636670058206,Mid Value,1.0,Low latent risk,Targeted cross-sell through owned channels
12995,259.9611060800338,Mid Value,1.0,Low latent risk,Targeted cross-sell through owned channels
15417,259.9374359328938,Mid Value,1.0,Low latent risk,Targeted cross-sell through owned channels
17846,259.9295468456473,Mid Value,1.0,Low latent risk,Targeted cross-sell through owned channels
18232,259.9199463820696,Mid Value,0.9718971689111221,Low latent risk,Targeted cross-sell through owned channels
14997,259.91237762416387,Mid Value,0.9827631036283591,Low latent risk,Targeted cross-sell through owned channels
14078,259.8395863262689,Mid Value,0.98088739493192,Low latent risk,Targeted cross-sell through owned channels
15466,259.83491529058017,Mid Value,1.0,Low latent risk,Targeted cross-sell through owned channels
14894,259.81258182472993,Mid Value,1.0,Low latent risk,Targeted cross-sell through owned channels
13518,259.5475024504062,Mid Value,1.0,Low latent risk,Targeted cross-sell through owned channels
17333,259.52390786899616,Mid Value,1.0,Low latent risk,Targeted cross-sell through owned channels
15322,259.475421420891,Mid Value,1.0,Low latent risk,Targeted cross-sell through owned channels
13601,259.45385641556595,Mid Value,0.9770397327970649,Low latent risk,Targeted cross-sell through owned channels
13811,258.98349223352096,Mid Value,0.8731047362698461,Low latent risk,Targeted cross-sell through owned channels
14715,258.82391679797996,Mid Value,0.991653743302103,Low latent risk,Targeted cross-sell through owned channels
14708,258.79779042556885,Mid Value,0.990438755111073,Low latent risk,Targeted cross-sell through owned channels
13950,258.3075096063214,Mid Value,0.9924602914823271,Low latent risk,Targeted cross-sell through owned channels
13877,258.08755387585893,Mid Value,1.0,Low latent risk,Targeted cross-sell through owned channels
12566,257.9851977596621,Mid Value,1.0,Low latent risk,Targeted cross-sell through owned channels
17347,257.8842172384052,Mid Value,1.0,Low latent risk,Targeted cross-sell through owned channels
17779,257.8806243186947,Mid Value,0.987172836541443,Low latent risk,Targeted cross-sell through owned channels
13294,257.7192335440968,Mid Value,0.9134942235556809,Low latent risk,Targeted cross-sell through owned channels
18001,257.6720680601951,Mid Value,0.9805061857320702,Low latent risk,Targeted cross-sell through owned channels
13835,257.6690138688942,Mid Value,0.9905607746079985,Low latent risk,Targeted cross-sell through owned channels
12756,257.59853633501837,Mid Value,1.0,Low latent risk,Targeted cross-sell through owned channels
17640,257.5752961943262,Mid Value,1.0,Low latent risk,Targeted cross-sell through owned channels
15366,257.52889698097744,Mid Value,0.976469090287368,Low latent risk,Targeted cross-sell through owned channels
12462,257.36035533828345,Mid Value,0.981721018045537,Low latent risk,Targeted cross-sell through owned channels
17951,257.13765324744605,Mid Value,0.987772872664009,Low latent risk,Targeted cross-sell through owned channels
15287,257.12044610732136,Mid Value,0.9765639815386373,Low latent risk,Targeted cross-sell through owned channels
17560,257.016692073528,Mid Value,0.9800433649647031,Low latent risk,Targeted cross-sell through owned channels
12452,257.0090613863671,Mid Value,0.9734011299040084,Low latent risk,Targeted cross-sell through owned channels
12691,256.49455413713025,Mid Value,0.9938916713619341,Low latent risk,Targeted cross-sell through owned channels
15164,256.353784962566,Mid Value,0.9842097328075743,Low latent risk,Targeted cross-sell through owned channels
15062,256.27608000133426,Mid Value,0.9867823258218514,Low latent risk,Targeted cross-sell through owned channels
12695,256.21443684061944,Mid Value,0.992743463562859,Low latent risk,Targeted cross-sell through owned channels
16959,256.1757811495387,Mid Value,1.0,Low latent risk,Targeted cross-sell through owned channels
18251,256.1757811495387,Mid Value,1.0,Low latent risk,Targeted cross-sell through owned channels
14753,256.15918182680747,Mid Value,1.0,Low latent risk,Targeted cross-sell through owned channels
15343,256.08897781627957,Mid Value,1.0,Low latent risk,Targeted cross-sell through owned channels
14573,256.05997831855717,Mid Value,0.757017583502545,Low latent risk,Targeted cross-sell through owned channels
17037,256.0047839886679,Mid Value,1.0,Low latent risk,Targeted cross-sell through owned channels
16520,255.9491686843247,Mid Value,0.9543684335817006,Low latent risk,Targeted cross-sell through owned channels
15216,255.91809695159134,Mid Value,1.0,Low latent risk,Targeted cross-sell through owned channels
16451,255.73471884672546,Mid Value,1.0,Low latent risk,Targeted cross-sell through owned channels
13736,255.44556903237023,Mid Value,0.9828240358451068,Low latent risk,Targeted cross-sell through owned channels
16136,255.3236144875787,Mid Value,0.9839063039823682,Low latent risk,Targeted cross-sell through owned channels
12710,255.23654131354513,Mid Value,0.9659848396605835,Low latent risk,Targeted cross-sell through owned channels
18030,254.46417380167827,Mid Value,0.9820370369715126,Low latent risk,Targeted cross-sell through owned channels
16629,254.41767511555796,Mid Value,0.9470942436292737,Low latent risk,Targeted cross-sell through owned channels
17433,254.30104348038833,Mid Value,1.0,Low latent risk,Targeted cross-sell through owned channels
17919,254.24694997387155,Mid Value,1.0,Low latent risk,Targeted cross-sell through owned channels
16141,254.20922399998707,Mid Value,1.0,Low latent risk,Targeted cross-sell through owned channels
12884,254.2079666611226,Mid Value,1.0,Low latent risk,Targeted cross-sell through owned channels
15071,254.1695796452059,Mid Value,0.970555055583379,Low latent risk,Targeted cross-sell through owned channels
16211,254.13380576589827,Mid Value,1.0,Low latent risk,Targeted cross-sell through owned channels
17076,254.07261566497485,Mid Value,0.9879803602287393,Low latent risk,Targeted cross-sell through owned channels
13375,253.99314521187435,Mid Value,1.0,Low latent risk,Targeted cross-sell through owned channels
16221,253.989403705658,Mid Value,0.9879795853254267,Low latent risk,Targeted cross-sell through owned channels
15208,253.80164135566812,Mid Value,0.9949173525830542,Low latent risk,Targeted cross-sell through owned channels
12545,253.7345191123695,Mid Value,0.973330897103853,Low latent risk,Targeted cross-sell through owned channels
13812,253.01193588972325,Mid Value,0.9781278810834285,Low latent risk,Targeted cross-sell through owned channels
18215,252.6273703604042,Mid Value,1.0,Low latent risk,Targeted cross-sell through owned channels
14177,252.6094322830496,Mid Value,0.9636229646035261,Low latent risk,Targeted cross-sell through owned channels
12965,252.58516022152443,Mid Value,1.0,Low latent risk,Targeted cross-sell through owned channels
17549,252.57114489742798,Mid Value,0.974185109342953,Low latent risk,Targeted cross-sell through owned channels
16796,252.47349583195202,Mid Value,1.0,Low latent risk,Targeted cross-sell through owned channels
18255,252.41770080240502,Mid Value,1.0,Low latent risk,Targeted cross-sell through owned channels
13372,252.38051786972065,Mid Value,1.0,Low latent risk,Targeted cross-sell through owned channels
14212,252.3792786280555,Mid Value,1.0,Low latent risk,Targeted cross-sell through owned channels
15035,252.2591302357318,Mid Value,1.0,Low latent risk,Targeted cross-sell through owned channels
16968,252.24037550335015,Mid Value,0.9825545755746162,Low latent risk,Targeted cross-sell through owned channels
12596,252.24013020550447,Mid Value,0.9769038276400052,Low latent risk,Targeted cross-sell through owned channels
14754,251.6805726846975,Mid Value,0.9789532871000676,Low latent risk,Targeted cross-sell through owned channels
16235,251.59595524324158,Mid Value,0.991538772723639,Low latent risk,Targeted cross-sell through owned channels
14880,251.51833322942048,Mid Value,0.9811671001783998,Low latent risk,Targeted cross-sell through owned channels
14744,250.00498273567348,Mid Value,0.9955361859860985,Low latent risk,Targeted cross-sell through owned channels
12424,249.9665032665454,Mid Value,0.8326303749783067,Low latent risk,Targeted cross-sell through owned channels
17883,249.34602322281876,Mid Value,0.9932021631284278,Low latent risk,Targeted cross-sell through owned channels
16933,249.31941641558444,Mid Value,0.9831817313230681,Low latent risk,Targeted cross-sell through owned channels
15652,248.9771627095478,Mid Value,1.0,Low latent risk,Targeted cross-sell through owned channels
16092,248.9249099863715,Mid Value,0.9669881211802941,Low latent risk,Targeted cross-sell through owned channels
16479,248.90825262695407,Mid Value,0.9773611267199022,Low latent risk,Targeted cross-sell through owned channels
13441,248.63515405872425,Mid Value,1.0,Low latent risk,Targeted cross-sell through owned channels
13168,248.524195706882,Mid Value,0.9904078581360942,Low latent risk,Targeted cross-sell through owned channels
12693,248.49194677444507,Mid Value,0.969419016312248,Low latent risk,Targeted cross-sell through owned channels
14672,248.38440496554324,Mid Value,0.9222017428309597,Low latent risk,Targeted cross-sell through owned channels
18156,248.13020179502305,Mid Value,0.9824372763252709,Low latent risk,Targeted cross-sell through owned channels
13884,247.65332887638118,Mid Value,0.9944500363972343,Low latent risk,Targeted cross-sell through owned channels
13329,247.45996167666348,Mid Value,0.9809376896365797,Low latent risk,Targeted cross-sell through owned channels
13244,247.06733821065075,Mid Value,1.0,Low latent risk,Targeted cross-sell through owned channels
18222,246.99492711627053,Long Tail / Low Value,1.0,Low latent risk,Low-cost organic nurture
15488,246.95458532641678,Long Tail / Low Value,1.0,Low latent risk,Low-cost organic nurture
15036,246.9111203864128,Long Tail / Low Value,0.9742482796391781,Low latent risk,Low-cost organic nurture
13889,246.88579750587346,Long Tail / Low Value,1.0,Low latent risk,Low-cost organic nurture
13525,246.8358811009836,Long Tail / Low Value,0.9818611091420463,Low latent risk,Low-cost organic nurture
17852,245.80960897528388,Long Tail / Low Value,0.9766984485713618,Low latent risk,Low-cost organic nurture
15990,245.80466089420906,Long Tail / Low Value,0.9788479192863665,Low latent risk,Low-cost organic nurture
12908,245.24428808347596,Long Tail / Low Value,0.9494154247082452,Low latent risk,Low-cost organic nurture
14451,245.14450354170924,Long Tail / Low Value,0.973151243420911,Low latent risk,Low-cost organic nurture
13210,245.12591346861754,Long Tail / Low Value,1.0,Low latent risk,Low-cost organic nurture
15421,245.0916537313853,Long Tail / Low Value,0.9874470766720657,Low latent risk,Low-cost organic nurture
17007,244.55581319747898,Long Tail / Low Value,0.9913932608383252,Low latent risk,Low-cost organic nurture
14628,244.5369233475784,Long Tail / Low Value,0.968743842880214,Low latent risk,Low-cost organic nurture
17929,244.46800521190048,Long Tail / Low Value,0.9926455810462291,Low latent risk,Low-cost organic nurture
13524,244.4422323355063,Long Tail / Low Value,0.9893134510030474,Low latent risk,Low-cost organic nurture
14593,244.16558025068312,Long Tail / Low Value,0.988045463164078,Low latent risk,Low-cost organic nurture
16806,243.99109117356065,Long Tail / Low Value,0.9672110326589575,Low latent risk,Low-cost organic nurture
13130,243.9534650463165,Long Tail / Low Value,1.0,Low latent risk,Low-cost organic nurture
14208,243.76608525073217,Long Tail / Low Value,1.0,Low latent risk,Low-cost organic nurture
16400,243.7418164336608,Long Tail / Low Value,1.0,Low latent risk,Low-cost organic nurture
16589,242.63072423854032,Long Tail / Low Value,0.9719144916933834,Low latent risk,Low-cost organic nurture
15030,242.59467220410414,Long Tail / Low Value,0.9744105300857099,Low latent risk,Low-cost organic nurture
17411,242.33855466294784,Long Tail / Low Value,0.9895269059830418,Low latent risk,Low-cost organic nurture
14198,242.29609014150074,Long Tail / Low Value,0.9916975756750908,Low latent risk,Low-cost organic nurture
17309,242.28651992847222,Long Tail / Low Value,1.0,Low latent risk,Low-cost organic nurture
16820,242.0652271693957,Long Tail / Low Value,1.0,Low latent risk,Low-cost organic nurture
15307,242.03332151666723,Long Tail / Low Value,1.0,Low latent risk,Low-cost organic nurture
17618,241.8977118747749,Long Tail / Low Value,0.990255098763389,Low latent risk,Low-cost organic nurture
14463,241.77300563072882,Long Tail / Low Value,0.9657894283118591,Low latent risk,Low-cost organic nurture
13034,241.34299822376218,Long Tail / Low Value,0.9788977443317604,Low latent risk,Low-cost organic nurture
16469,240.7948164441591,Long Tail / Low Value,0.9911547201921314,Low latent risk,Low-cost organic nurture
12904,240.57276646323265,Long Tail / Low Value,0.9807303209957395,Low latent risk,Low-cost organic nurture
12851,240.4745978605065,Long Tail / Low Value,1.0,Low latent risk,Low-cost organic nurture
16761,240.37791679861834,Long Tail / Low Value,1.0,Low latent risk,Low-cost organic nurture
17585,240.28712363257932,Long Tail / Low Value,0.9780062439186464,Low latent risk,Low-cost organic nurture
15860,240.05938148427924,Long Tail / Low Value,0.9935796559999114,Low latent risk,Low-cost organic nurture
17345,239.85687182195272,Long Tail / Low Value,0.9917360868169925,Low latent risk,Low-cost organic nurture
18168,239.59561585143757,Long Tail / Low Value,0.9182998811109536,Low latent risk,Low-cost organic nurture
16551,239.51824686754756,Long Tail / Low Value,0.9798933555750431,Low latent risk,Low-cost organic nurture
12421,238.2803385268171,Long Tail / Low Value,0.9923375912381622,Low latent risk,Low-cost organic nurture
14662,238.10930717003907,Long Tail / Low Value,0.9911940956798578,Low latent risk,Low-cost organic nurture
15612,237.9106162046246,Long Tail / Low Value,0.9678960837036398,Low latent risk,Low-cost organic nurture
17075,237.89309598259598,Long Tail / Low Value,0.9921782120493954,Low latent risk,Low-cost organic nurture
16930,237.8209305971791,Long Tail / Low Value,0.9817510565842446,Low latent risk,Low-cost organic nurture
14171,237.54406031986971,Long Tail / Low Value,1.0,Low latent risk,Low-cost organic nurture
18027,237.1442212137893,Long Tail / Low Value,1.0,Low latent risk,Low-cost organic nurture
14436,237.11688441237683,Long Tail / Low Value,1.0,Low latent risk,Low-cost organic nurture
15644,236.93437102082171,Long Tail / Low Value,0.8992966542798505,Low latent risk,Low-cost organic nurture
15244,236.4237795444553,Long Tail / Low Value,0.9747118291708795,Low latent risk,Low-cost organic nurture
13929,236.3953171962855,Long Tail / Low Value,0.9547794762052225,Low latent risk,Low-cost organic nurture
16824,236.22123082861643,Long Tail / Low Value,0.9810995230569362,Low latent risk,Low-cost organic nurture
18059,236.12488925089306,Long Tail / Low Value,0.983179850251864,Low latent risk,Low-cost organic nurture
14420,236.06541415974203,Long Tail / Low Value,1.0,Low latent risk,Low-cost organic nurture
13099,236.03615970208057,Long Tail / Low Value,1.0,Low latent risk,Low-cost organic nurture
13045,235.8672763614436,Long Tail / Low Value,1.0,Low latent risk,Low-cost organic nurture
13780,235.7789902622068,Long Tail / Low Value,0.9823483833693342,Low latent risk,Low-cost organic nurture
12436,235.6781123840533,Long Tail / Low Value,1.0,Low latent risk,Low-cost organic nurture
16278,234.45646641723306,Long Tail / Low Value,1.0,Low latent risk,Low-cost organic nurture
17236,234.19090885168168,Long Tail / Low Value,0.9951665892123321,Low latent risk,Low-cost organic nurture
15855,233.99133666073539,Long Tail / Low Value,0.9308448342678268,Low latent risk,Low-cost organic nurture
16214,233.9236096689089,Long Tail / Low Value,0.9300989029462393,Low latent risk,Low-cost organic nurture
17126,233.86991199785598,Long Tail / Low Value,0.9576459263992614,Low latent risk,Low-cost organic nurture
13984,233.72413986310184,Long Tail / Low Value,0.9931857242351161,Low latent risk,Low-cost organic nurture
12816,232.98140789504592,Long Tail / Low Value,0.9584727086488695,Low latent risk,Low-cost organic nurture
17227,232.84587105875025,Long Tail / Low Value,0.9947491815004411,Low latent risk,Low-cost organic nurture
15866,232.734502504346,Long Tail / Low Value,1.0,Low latent risk,Low-cost organic nurture
12814,232.61029690550313,Long Tail / Low Value,1.0,Low latent risk,Low-cost organic nurture
15969,232.42007996511342,Long Tail / Low Value,0.9903456674978783,Low latent risk,Low-cost organic nurture
13782,232.2053266380294,Long Tail / Low Value,0.9950890189524992,Low latent risk,Low-cost organic nurture
16667,232.0517512107447,Long Tail / Low Value,0.9754935565410975,Low latent risk,Low-cost organic nurture
16419,232.03158805957938,Long Tail / Low Value,0.9669488727285486,Low latent risk,Low-cost organic nurture
15045,231.9630423376932,Long Tail / Low Value,0.9484474888823308,Low latent risk,Low-cost organic nurture
15835,231.9033317910808,Long Tail / Low Value,0.9896864819872697,Low latent risk,Low-cost organic nurture
12778,231.89740754065514,Long Tail / Low Value,0.9944467369098952,Low latent risk,Low-cost organic nurture
15822,231.87638508980785,Long Tail / Low Value,0.9830762020876836,Low latent risk,Low-cost organic nurture
13827,231.87541497268074,Long Tail / Low Value,0.9759925445557779,Low latent risk,Low-cost organic nurture
14778,231.69586800584077,Long Tail / Low Value,0.9652040380006521,Low latent risk,Low-cost organic nurture
15237,231.42432561881057,Long Tail / Low Value,0.9933363675355757,Low latent risk,Low-cost organic nurture
17921,230.39049434610968,Long Tail / Low Value,0.9849765495695761,Low latent risk,Low-cost organic nurture
16313,230.11536958872256,Long Tail / Low Value,0.9823961809186282,Low latent risk,Low-cost organic nurture
13720,230.11064000465,Long Tail / Low Value,0.962206614393285,Low latent risk,Low-cost organic nurture
16573,230.06253880281972,Long Tail / Low Value,0.9730319774512715,Low latent risk,Low-cost organic nurture
14128,230.03349385725699,Long Tail / Low Value,0.9758261488261321,Low latent risk,Low-cost organic nurture
13778,229.818596888381,Long Tail / Low Value,1.0,Low latent risk,Low-cost organic nurture
16444,229.78151520099223,Long Tail / Low Value,0.9882494209707937,Low latent risk,Low-cost organic nurture
15325,229.6031651753824,Long Tail / Low Value,1.0,Low latent risk,Low-cost organic nurture
16730,229.53477486919704,Long Tail / Low Value,0.9858327915021142,Low latent risk,Low-cost organic nurture
17609,229.34209063386703,Long Tail / Low Value,0.991484297011888,Low latent risk,Low-cost organic nurture
16907,229.11150686727765,Long Tail / Low Value,0.9929480225321964,Low latent risk,Low-cost organic nurture
13038,228.66325089102273,Long Tail / Low Value,0.9806812282443121,Low latent risk,Low-cost organic nurture
12422,228.48201316872365,Long Tail / Low Value,0.9793263654928669,Low latent risk,Low-cost organic nurture
16099,228.30381691372193,Long Tail / Low Value,0.9838668951801846,Low latent risk,Low-cost organic nurture
15258,228.15581266259468,Long Tail / Low Value,0.9147278648393932,Low latent risk,Low-cost organic nurture
12849,228.00803944443163,Long Tail / Low Value,0.9801272222948697,Low latent risk,Low-cost organic nurture
12933,227.73123837824153,Long Tail / Low Value,0.9884900979048683,Low latent risk,Low-cost organic nurture
14152,227.60396140097205,Long Tail / Low Value,0.9720138413998543,Low latent risk,Low-cost organic nurture
16018,227.5152307935508,Long Tail / Low Value,0.9771547890299377,Low latent risk,Low-cost organic nurture
17027,227.12371924371828,Long Tail / Low Value,0.9841990907349395,Low latent risk,Low-cost organic nurture
15074,226.85900607145587,Long Tail / Low Value,1.0,Low latent risk,Low-cost organic nurture
16641,226.74301256631398,Long Tail / Low Value,1.0,Low latent risk,Low-cost organic nurture
16244,226.55909691146658,Long Tail / Low Value,0.947012352121134,Low latent risk,Low-cost organic nurture
15079,226.36397439482795,Long Tail / Low Value,0.9141910162631444,Low latent risk,Low-cost organic nurture
16750,226.33036118109732,Long Tail / Low Value,0.9888692597775303,Low latent risk,Low-cost organic nurture
17658,226.2276928748101,Long Tail / Low Value,0.9801815933951837,Low latent risk,Low-cost organic nurture
16892,226.18219427724824,Long Tail / Low Value,0.9948646383247775,Low latent risk,Low-cost organic nurture
15806,226.06673526505358,Long Tail / Low Value,0.9858328120866409,Low latent risk,Low-cost organic nurture
17664,226.05969513573564,Long Tail / Low Value,0.9811395831470289,Low latent risk,Low-cost organic nurture
14645,226.03297009750372,Long Tail / Low Value,0.9503112008934352,Low latent risk,Low-cost organic nurture
18200,225.6648004531662,Long Tail / Low Value,1.0,Low latent risk,Low-cost organic nurture
15663,225.4916990156531,Long Tail / Low Value,1.0,Low latent risk,Low-cost organic nurture
12715,225.46402751845108,Long Tail / Low Value,1.0,Low latent risk,Low-cost organic nurture
14055,225.446242298189,Long Tail / Low Value,1.0,Low latent risk,Low-cost organic nurture
16429,225.37710431694467,Long Tail / Low Value,1.0,Low latent risk,Low-cost organic nurture
14687,225.26361284444792,Long Tail / Low Value,1.0,Low latent risk,Low-cost organic nurture
17844,225.23205300896404,Long Tail / Low Value,1.0,Low latent risk,Low-cost organic nurture
16093,225.21430450179457,Long Tail / Low Value,1.0,Low latent risk,Low-cost organic nurture
14314,225.18472989477948,Long Tail / Low Value,1.0,Low latent risk,Low-cost organic nurture
15263,225.17191665274981,Long Tail / Low Value,1.0,Low latent risk,Low-cost organic nurture
14196,225.1709310793689,Long Tail / Low Value,1.0,Low latent risk,Low-cost organic nurture
15949,225.12566836001378,Long Tail / Low Value,0.9787225778350566,Low latent risk,Low-cost organic nurture
16584,224.61376545774027,Long Tail / Low Value,0.9720836848690978,Low latent risk,Low-cost organic nurture
16340,224.02176102161195,Long Tail / Low Value,1.0,Low latent risk,Low-cost organic nurture
13411,223.96714650515614,Long Tail / Low Value,1.0,Low latent risk,Low-cost organic nurture
15996,223.5914873532623,Long Tail / Low Value,0.9843350175831191,Low latent risk,Low-cost organic nurture
14081,223.54256551038966,Long Tail / Low Value,0.8683271029143314,Low latent risk,Low-cost organic nurture
17848,223.48959220916416,Long Tail / Low Value,0.9824271383684967,Low latent risk,Low-cost organic nurture
15799,223.14179513904804,Long Tail / Low Value,0.9831148143708364,Low latent risk,Low-cost organic nurture
17979,222.98527346597066,Long Tail / Low Value,0.9897772717777399,Low latent risk,Low-cost organic nurture
13138,222.63765602278713,Long Tail / Low Value,0.9944762725009967,Low latent risk,Low-cost organic nurture
14523,222.5295377995632,Long Tail / Low Value,1.0,Low latent risk,Low-cost organic nurture
14820,222.51083370416546,Long Tail / Low Value,0.9905725084919285,Low latent risk,Low-cost organic nurture
16546,222.44869292619336,Long Tail / Low Value,0.8888637629814303,Low latent risk,Low-cost organic nurture
16383,221.88809264508822,Long Tail / Low Value,0.9739005487516593,Low latent risk,Low-cost organic nurture
12498,221.80844732271385,Long Tail / Low Value,0.9831265048061395,Low latent risk,Low-cost organic nurture
16706,221.67913849632785,Long Tail / Low Value,0.9813354379677617,Low latent risk,Low-cost organic nurture
13748,221.13698801075233,Long Tail / Low Value,0.9834744205882121,Low latent risk,Low-cost organic nurture
13557,221.13265473859153,Long Tail / Low Value,0.9805943494322829,Low latent risk,Low-cost organic nurture
14293,220.9892285178955,Long Tail / Low Value,0.9932652331155237,Low latent risk,Low-cost organic nurture
14023,220.8487027037171,Long Tail / Low Value,0.9826042053016917,Low latent risk,Low-cost organic nurture
14323,220.74380415420976,Long Tail / Low Value,0.9611782387256594,Low latent risk,Low-cost organic nurture
12673,220.71561619843007,Long Tail / Low Value,0.9829007903483002,Low latent risk,Low-cost organic nurture
14905,220.41907165473265,Long Tail / Low Value,0.9362549219749488,Low latent risk,Low-cost organic nurture
16671,220.08681264471463,Long Tail / Low Value,0.9862780655690928,Low latent risk,Low-cost organic nurture
15313,219.9505568090521,Long Tail / Low Value,1.0,Low latent risk,Low-cost organic nurture
16536,219.94303516782657,Long Tail / Low Value,1.0,Low latent risk,Low-cost organic nurture
12356,219.90307007152447,Long Tail / Low Value,0.9888948492725641,Low latent risk,Low-cost organic nurture
15626,219.7604967634105,Long Tail / Low Value,0.9758866709990205,Low latent risk,Low-cost organic nurture
14566,219.67166167201037,Long Tail / Low Value,1.0,Low latent risk,Low-cost organic nurture
17097,219.47769440211593,Long Tail / Low Value,0.9969342984028751,Low latent risk,Low-cost organic nurture
15353,219.4264016529964,Long Tail / Low Value,0.9214141099487697,Low latent risk,Low-cost organic nurture
14009,218.8607145873558,Long Tail / Low Value,0.8196550777162795,Low latent risk,Low-cost organic nurture
14775,218.69853098694617,Long Tail / Low Value,0.9859872195095944,Low latent risk,Low-cost organic nurture
17573,218.3533331787372,Long Tail / Low Value,0.9827346392150097,Low latent risk,Low-cost organic nurture
15053,217.83414467621338,Long Tail / Low Value,0.9902570634591562,Low latent risk,Low-cost organic nurture
16261,217.69874908084725,Long Tail / Low Value,0.9918558184351374,Low latent risk,Low-cost organic nurture
12968,217.25921065494958,Long Tail / Low Value,1.0,Low latent risk,Low-cost organic nurture
14772,217.22252541603552,Long Tail / Low Value,1.0,Low latent risk,Low-cost organic nurture
15068,217.20033500726385,Long Tail / Low Value,0.9780115038212518,Low latent risk,Low-cost organic nurture
12418,217.00633534138936,Long Tail / Low Value,1.0,Low latent risk,Low-cost organic nurture
15396,216.99535416340018,Long Tail / Low Value,1.0,Low latent risk,Low-cost organic nurture
16330,216.9930066038964,Long Tail / Low Value,0.9873024876872196,Low latent risk,Low-cost organic nurture
12513,216.99077900175473,Long Tail / Low Value,1.0,Low latent risk,Low-cost organic nurture
17747,216.84630355847878,Long Tail / Low Value,1.0,Low latent risk,Low-cost organic nurture
14449,216.83760442643683,Long Tail / Low Value,0.9922884919032515,Low latent risk,Low-cost organic nurture
18125,216.75379274650177,Long Tail / Low Value,0.9910993879004385,Low latent risk,Low-cost organic nurture
16600,216.66572236727063,Long Tail / Low Value,0.9956769300447929,Low latent risk,Low-cost organic nurture
12987,216.60769866416788,Long Tail / Low Value,0.9699083707226384,Low latent risk,Low-cost organic nurture
13117,216.39109726733489,Long Tail / Low Value,0.995610721867376,Low latent risk,Low-cost organic nurture
13589,216.3061051616255,Long Tail / Low Value,0.9813993786893234,Low latent risk,Low-cost organic nurture
14504,216.26647580061064,Long Tail / Low Value,0.9884204051255302,Low latent risk,Low-cost organic nurture
16582,216.01703537833419,Long Tail / Low Value,1.0,Low latent risk,Low-cost organic nurture
15472,215.9218645511464,Long Tail / Low Value,1.0,Low latent risk,Low-cost organic nurture
13273,215.853936899447,Long Tail / Low Value,1.0,Low latent risk,Low-cost organic nurture
12729,215.7254446264601,Long Tail / Low Value,1.0,Low latent risk,Low-cost organic nurture
12688,215.57091458542214,Long Tail / Low Value,1.0,Low latent risk,Low-cost organic nurture
13493,215.4794770801039,Long Tail / Low Value,0.7639429721188594,Low latent risk,Low-cost organic nurture
12522,215.1148927021328,Long Tail / Low Value,0.9624344204339201,Low latent risk,Low-cost organic nurture
15522,214.89437579046168,Long Tail / Low Value,0.9738638958134533,Low latent risk,Low-cost organic nurture
16488,214.786550943401,Long Tail / Low Value,0.984647759574538,Low latent risk,Low-cost organic nurture
12981,214.75281493131763,Long Tail / Low Value,0.9776419220541887,Low latent risk,Low-cost organic nurture
17070,214.71823590266266,Long Tail / Low Value,1.0,Low latent risk,Low-cost organic nurture
14553,214.71514855828724,Long Tail / Low Value,0.9936345298070262,Low latent risk,Low-cost organic nurture
15541,214.608099430912,Long Tail / Low Value,1.0,Low latent risk,Low-cost organic nurture
15582,214.40629177555837,Long Tail / Low Value,0.9878790664829131,Low latent risk,Low-cost organic nurture
14067,213.79534974437277,Long Tail / Low Value,0.9571428708430157,Low latent risk,Low-cost organic nurture
16693,213.62423188611177,Long Tail / Low Value,0.9750378221415914,Low latent risk,Low-cost organic nurture
13637,213.5410291511812,Long Tail / Low Value,0.983510811093675,Low latent risk,Low-cost organic nurture
17552,213.31030168012302,Long Tail / Low Value,0.9884703920709108,Low latent risk,Low-cost organic nurture
12641,213.24575916270317,Long Tail / Low Value,1.0,Low latent risk,Low-cost organic nurture
14256,213.17880065387826,Long Tail / Low Value,0.9150779902938939,Low latent risk,Low-cost organic nurture
14853,212.98267034160037,Long Tail / Low Value,0.9803502448475959,Low latent risk,Low-cost organic nurture
17237,212.55428818325112,Long Tail / Low Value,0.9779935864780052,Low latent risk,Low-cost organic nurture
14272,212.41305526568954,Long Tail / Low Value,0.9734512315110027,Low latent risk,Low-cost organic nurture
16723,212.31129010009334,Long Tail / Low Value,0.9304311235633248,Low latent risk,Low-cost organic nurture
14289,212.28329039637933,Long Tail / Low Value,0.9953188674581175,Low latent risk,Low-cost organic nurture
14851,212.24308216300162,Long Tail / Low Value,0.9809305518028776,Low latent risk,Low-cost organic nurture
13427,212.22881284064027,Long Tail / Low Value,0.9884873524324382,Low latent risk,Low-cost organic nurture
15480,212.03860218091202,Long Tail / Low Value,1.0,Low latent risk,Low-cost organic nurture
16902,212.0254992899965,Long Tail / Low Value,1.0,Low latent risk,Low-cost organic nurture
15965,212.0228426600934,Long Tail / Low Value,0.992357976945706,Low latent risk,Low-cost organic nurture
16961,211.9984251312813,Long Tail / Low Value,1.0,Low latent risk,Low-cost organic nurture
17958,211.9224798642124,Long Tail / Low Value,1.0,Low latent risk,Low-cost organic nurture
16272,211.84746117963962,Long Tail / Low Value,1.0,Low latent risk,Low-cost organic nurture
16374,211.82361287833274,Long Tail / Low Value,0.9750796588431493,Low latent risk,Low-cost organic nurture
15951,211.79655007689362,Long Tail / Low Value,0.9825672293255946,Low latent risk,Low-cost organic nurture
15648,211.7847096020661,Long Tail / Low Value,0.909257804011105,Low latent risk,Low-cost organic nurture
13621,211.7193549093866,Long Tail / Low Value,1.0,Low latent risk,Low-cost organic nurture
15312,211.5659641926736,Long Tail / Low Value,0.9860316800041269,Low latent risk,Low-cost organic nurture
14660,211.55836266540186,Long Tail / Low Value,0.9320116244430207,Low latent risk,Low-cost organic nurture
13799,211.53755481996924,Long Tail / Low Value,0.9666778072379676,Low latent risk,Low-cost organic nurture
14301,210.84076443311864,Long Tail / Low Value,1.0,Low latent risk,Low-cost organic nurture
15683,210.70525044401055,Long Tail / Low Value,1.0,Low latent risk,Low-cost organic nurture
13919,210.61160041178303,Long Tail / Low Value,0.9661337048732166,Low latent risk,Low-cost organic nurture
14883,210.58245029055362,Long Tail / Low Value,0.9938595019706397,Low latent risk,Low-cost organic nurture
18218,210.48066950295896,Long Tail / Low Value,0.9116555583795053,Low latent risk,Low-cost organic nurture
18062,209.90757799034537,Long Tail / Low Value,0.9546910050017203,Low latent risk,Low-cost organic nurture
13292,209.52349484283022,Long Tail / Low Value,0.9794893293007438,Low latent risk,Low-cost organic nurture
16027,209.41810948388255,Long Tail / Low Value,0.9778448793137898,Low latent risk,Low-cost organic nurture
18151,209.40356964630422,Long Tail / Low Value,0.9612410434596369,Low latent risk,Low-cost organic nurture
18005,209.3954297684319,Long Tail / Low Value,0.9823595541004294,Low latent risk,Low-cost organic nurture
15669,209.2234477691929,Long Tail / Low Value,0.989163665141388,Low latent risk,Low-cost organic nurture
13623,208.9947521399131,Long Tail / Low Value,0.9923068187943125,Low latent risk,Low-cost organic nurture
14406,208.45075826158114,Long Tail / Low Value,1.0,Low latent risk,Low-cost organic nurture
17122,208.33179906862716,Long Tail / Low Value,1.0,Low latent risk,Low-cost organic nurture
16915,208.09826796222967,Long Tail / Low Value,0.9952416755096724,Low latent risk,Low-cost organic nurture
16325,208.08072216661606,Long Tail / Low Value,0.9851222034177253,Low latent risk,Low-cost organic nurture
17109,207.66209493962037,Long Tail / Low Value,0.9924672222110205,Low latent risk,Low-cost organic nurture
13307,207.258920700875,Long Tail / Low Value,1.0,Low latent risk,Low-cost organic nurture
13645,207.20636016143945,Long Tail / Low Value,1.0,Low latent risk,Low-cost organic nurture
17248,207.0754922871902,Long Tail / Low Value,1.0,Low latent risk,Low-cost organic nurture
13272,207.0040496420645,Long Tail / Low Value,0.9744960307174394,Low latent risk,Low-cost organic nurture
14636,206.8178055844288,Long Tail / Low Value,0.9795451528320342,Low latent risk,Low-cost organic nurture
15205,206.62463620396585,Long Tail / Low Value,0.9506288184093395,Low latent risk,Low-cost organic nurture
14273,206.1398862363002,Long Tail / Low Value,0.986708314070269,Low latent risk,Low-cost organic nurture
15651,206.03760899663575,Long Tail / Low Value,0.9868485791863199,Low latent risk,Low-cost organic nurture
16292,205.82524535036706,Long Tail / Low Value,1.0,Low latent risk,Low-cost organic nurture
18150,205.8044869560017,Long Tail / Low Value,0.9864372271924013,Low latent risk,Low-cost organic nurture
12728,205.693684465059,Long Tail / Low Value,0.9860342644864346,Low latent risk,Low-cost organic nurture
16557,205.62382152829412,Long Tail / Low Value,0.9789426970084623,Low latent risk,Low-cost organic nurture
17190,205.55196996541926,Long Tail / Low Value,0.9742850449171688,Low latent risk,Low-cost organic nurture
16788,205.48409563735174,Long Tail / Low Value,0.9602680351139329,Low latent risk,Low-cost organic nurture
14021,205.41785959237367,Long Tail / Low Value,0.9393383768764054,Low latent risk,Low-cost organic nurture
15031,205.1133321143562,Long Tail / Low Value,0.9931404280552386,Low latent risk,Low-cost organic nurture
14354,204.92018568748824,Long Tail / Low Value,0.9813428445976312,Low latent risk,Low-cost organic nurture
14532,204.9151162515068,Long Tail / Low Value,0.8502335488470233,Low latent risk,Low-cost organic nurture
16836,204.83708610853733,Long Tail / Low Value,0.973759387341843,Low latent risk,Low-cost organic nurture
13355,204.7642040176841,Long Tail / Low Value,1.0,Low latent risk,Low-cost organic nurture
15247,204.66976925133906,Long Tail / Low Value,1.0,Low latent risk,Low-cost organic nurture
15656,204.30994379961191,Long Tail / Low Value,0.9888278232803872,Low latent risk,Low-cost organic nurture
18136,204.28993229116253,Long Tail / Low Value,0.9844392856462661,Low latent risk,Low-cost organic nurture
16008,204.06595449302552,Long Tail / Low Value,0.9878240522945451,Low latent risk,Low-cost organic nurture
14481,203.82172004088414,Long Tail / Low Value,0.9492439178295696,Low latent risk,Low-cost organic nurture
13249,203.5693868460108,Long Tail / Low Value,0.9759338744433025,Low latent risk,Low-cost organic nurture
17331,203.45886797901358,Long Tail / Low Value,1.0,Low latent risk,Low-cost organic nurture
13925,203.21074223692102,Long Tail / Low Value,0.9208182107479586,Low latent risk,Low-cost organic nurture
12871,203.18749814722884,Long Tail / Low Value,0.9675795420366936,Low latent risk,Low-cost organic nurture
17370,202.9273399386606,Long Tail / Low Value,0.971778837644299,Low latent risk,Low-cost organic nurture
12461,202.90605769912747,Long Tail / Low Value,0.9534348349335631,Low latent risk,Low-cost organic nurture
16163,202.80580277863163,Long Tail / Low Value,0.9351465619053796,Low latent risk,Low-cost organic nurture
14079,202.31948795275116,Long Tail / Low Value,1.0,Low latent risk,Low-cost organic nurture
17504,201.7909467635687,Long Tail / Low Value,0.25555954354090277,High latent risk,No paid retention; passive/organic communication only
17105,201.60002011304343,Long Tail / Low Value,0.9551756852736694,Low latent risk,Low-cost organic nurture
13238,201.47657921699553,Long Tail / Low Value,0.992334226155713,Low latent risk,Low-cost organic nurture
17749,201.2897487678924,Long Tail / Low Value,0.929601571020839,Low latent risk,Low-cost organic nurture
14959,201.0147737332341,Long Tail / Low Value,0.9861162246587298,Low latent risk,Low-cost organic nurture
17114,200.8767277545193,Long Tail / Low Value,0.9967208069756801,Low latent risk,Low-cost organic nurture
15658,200.52792277329033,Long Tail / Low Value,0.922049462855469,Low latent risk,Low-cost organic nurture
15494,200.36010027242827,Long Tail / Low Value,0.9791729270427729,Low latent risk,Low-cost organic nurture
16906,200.30490816125425,Long Tail / Low Value,0.978990283816675,Low latent risk,Low-cost organic nurture
13247,200.30002017475132,Long Tail / Low Value,0.9890877835843014,Low latent risk,Low-cost organic nurture
16804,200.15541599818067,Long Tail / Low Value,0.9884965270347151,Low latent risk,Low-cost organic nurture
13513,200.0398467708947,Long Tail / Low Value,1.0,Low latent risk,Low-cost organic nurture
14508,200.03942502965316,Long Tail / Low Value,0.9777641874822477,Low latent risk,Low-cost organic nurture
16302,199.9419681395378,Long Tail / Low Value,1.0,Low latent risk,Low-cost organic nurture
16119,199.87484696811956,Long Tail / Low Value,0.9812886330074707,Low latent risk,Low-cost organic nurture
14976,199.707390492435,Long Tail / Low Value,0.989758580638149,Low latent risk,Low-cost organic nurture
13218,199.16469652321476,Long Tail / Low Value,1.0,Low latent risk,Low-cost organic nurture
12743,199.15915052932863,Long Tail / Low Value,0.8640375727820209,Low latent risk,Low-cost organic nurture
18099,199.11309395465815,Long Tail / Low Value,1.0,Low latent risk,Low-cost organic nurture
15254,199.07614144336293,Long Tail / Low Value,1.0,Low latent risk,Low-cost organic nurture
17180,198.5537289258811,Long Tail / Low Value,0.9879177376458451,Low latent risk,Low-cost organic nurture
12917,198.04855292549843,Long Tail / Low Value,1.0,Low latent risk,Low-cost organic nurture
17361,198.02785995620565,Long Tail / Low Value,0.9857225668348552,Low latent risk,Low-cost organic nurture
17514,198.00514280736726,Long Tail / Low Value,1.0,Low latent risk,Low-cost organic nurture
14972,197.96631835706376,Long Tail / Low Value,1.0,Low latent risk,Low-cost organic nurture
16689,197.93598084940803,Long Tail / Low Value,0.9332577437855848,Low latent risk,Low-cost organic nurture
15374,197.74204495662568,Long Tail / Low Value,1.0,Low latent risk,Low-cost organic nurture
17423,197.71367863099798,Long Tail / Low Value,0.9770257170059956,Low latent risk,Low-cost organic nurture
12750,197.70711945300684,Long Tail / Low Value,1.0,Low latent risk,Low-cost organic nurture
13280,197.62387381082095,Long Tail / Low Value,0.9740647072225914,Low latent risk,Low-cost organic nurture
15831,197.49271250816108,Long Tail / Low Value,0.9851825909860763,Low latent risk,Low-cost organic nurture
13539,197.39571343127312,Long Tail / Low Value,0.9805384891725545,Low latent risk,Low-cost organic nurture
12735,197.31662468488864,Long Tail / Low Value,0.7670329696128165,Low latent risk,Low-cost organic nurture
17887,196.9931110325089,Long Tail / Low Value,1.0,Low latent risk,Low-cost organic nurture
14452,196.93433962582142,Long Tail / Low Value,0.9811038884005326,Low latent risk,Low-cost organic nurture
14076,196.89518875411878,Long Tail / Low Value,1.0,Low latent risk,Low-cost organic nurture
14201,196.86740966599052,Long Tail / Low Value,0.9901106305945283,Low latent risk,Low-cost organic nurture
17888,196.8632115135565,Long Tail / Low Value,0.9955513322753785,Low latent risk,Low-cost organic nurture
13850,196.83873955047343,Long Tail / Low Value,1.0,Low latent risk,Low-cost organic nurture
12378,196.68085441186656,Long Tail / Low Value,1.0,Low latent risk,Low-cost organic nurture
12644,196.68010318581435,Long Tail / Low Value,1.0,Low latent risk,Low-cost organic nurture
13075,196.6695866256171,Long Tail / Low Value,1.0,Low latent risk,Low-cost organic nurture
15342,196.6695866256171,Long Tail / Low Value,1.0,Low latent risk,Low-cost organic nurture
17553,196.65531595580256,Long Tail / Low Value,1.0,Low latent risk,Low-cost organic nurture
15197,196.4145614216289,Long Tail / Low Value,0.9899135148883778,Low latent risk,Low-cost organic nurture
12534,195.59907779351917,Long Tail / Low Value,1.0,Low latent risk,Low-cost organic nurture
17053,195.59684893722633,Long Tail / Low Value,1.0,Low latent risk,Low-cost organic nurture
17941,195.51293244773183,Long Tail / Low Value,1.0,Low latent risk,Low-cost organic nurture
13657,195.3122683933776,Long Tail / Low Value,0.9820911325790971,Low latent risk,Low-cost organic nurture
14538,194.96221159793433,Long Tail / Low Value,0.9751698780557941,Low latent risk,Low-cost organic nurture
14513,194.95990228602452,Long Tail / Low Value,0.9759229824083888,Low latent risk,Low-cost organic nurture
15438,194.70643040121166,Long Tail / Low Value,1.0,Low latent risk,Low-cost organic nurture
13951,194.6923312038304,Long Tail / Low Value,0.9377047255817855,Low latent risk,Low-cost organic nurture
14885,194.60783340740747,Long Tail / Low Value,1.0,Low latent risk,Low-cost organic nurture
14083,193.89838739653038,Long Tail / Low Value,0.9971694107459501,Low latent risk,Low-cost organic nurture
14377,193.59641621605178,Long Tail / Low Value,0.9205392511249408,Low latent risk,Low-cost organic nurture
12787,193.11050080497347,Long Tail / Low Value,0.9895422404524472,Low latent risk,Low-cost organic nurture
16566,193.0973354445808,Long Tail / Low Value,0.993801735685344,Low latent risk,Low-cost organic nurture
14651,192.95744189760183,Long Tail / Low Value,0.972506073551878,Low latent risk,Low-cost organic nurture
16495,192.84281266526065,Long Tail / Low Value,0.9903369545209778,Low latent risk,Low-cost organic nurture
15777,192.68627669076028,Long Tail / Low Value,0.8512254031290163,Low latent risk,Low-cost organic nurture
13106,192.6473520818675,Long Tail / Low Value,1.0,Low latent risk,Low-cost organic nurture
15381,192.61514402660782,Long Tail / Low Value,0.8978069667825727,Low latent risk,Low-cost organic nurture
15776,192.58539757058733,Long Tail / Low Value,1.0,Low latent risk,Low-cost organic nurture
15149,192.46448541290147,Long Tail / Low Value,1.0,Low latent risk,Low-cost organic nurture
16147,192.4206204707062,Long Tail / Low Value,1.0,Low latent risk,Low-cost organic nurture
15120,192.41415029212502,Long Tail / Low Value,1.0,Low latent risk,Low-cost organic nurture
14143,192.41415029212502,Long Tail / Low Value,1.0,Low latent risk,Low-cost organic nurture
15942,192.38036867307497,Long Tail / Low Value,1.0,Low latent risk,Low-cost organic nurture
18268,191.78718271043724,Long Tail / Low Value,1.0,Low latent risk,Low-cost organic nurture
13155,191.73283429067362,Long Tail / Low Value,0.991121250127045,Low latent risk,Low-cost organic nurture
15746,191.62163366354872,Long Tail / Low Value,1.0,Low latent risk,Low-cost organic nurture
15118,191.60238580454828,Long Tail / Low Value,1.0,Low latent risk,Low-cost organic nurture
15639,191.58527985305517,Long Tail / Low Value,1.0,Low latent risk,Low-cost organic nurture
15587,191.58334371846996,Long Tail / Low Value,0.9892850559405038,Low latent risk,Low-cost organic nurture
12453,191.5696020892572,Long Tail / Low Value,1.0,Low latent risk,Low-cost organic nurture
18081,191.268319615131,Long Tail / Low Value,0.9831078415024596,Low latent risk,Low-cost organic nurture
13083,191.2204460369218,Long Tail / Low Value,0.982361961431687,Low latent risk,Low-cost organic nurture
17905,190.7675201111974,Long Tail / Low Value,0.9871185992555153,Low latent risk,Low-cost organic nurture
15261,190.5997613258874,Long Tail / Low Value,1.0,Low latent risk,Low-cost organic nurture
16447,190.4904953968685,Long Tail / Low Value,1.0,Low latent risk,Low-cost organic nurture
14396,190.38577079453518,Long Tail / Low Value,0.9778324227211566,Low latent risk,Low-cost organic nurture
13194,190.3328103864628,Long Tail / Low Value,1.0,Low latent risk,Low-cost organic nurture
17579,190.3049473848069,Long Tail / Low Value,0.9901136867001368,Low latent risk,Low-cost organic nurture
12427,189.8233277975568,Long Tail / Low Value,0.9891704764324053,Low latent risk,Low-cost organic nurture
14147,189.695818958342,Long Tail / Low Value,0.9739322089847812,Low latent risk,Low-cost organic nurture
13731,189.249054605491,Long Tail / Low Value,0.8545326077932828,Low latent risk,Low-cost organic nurture
15754,188.64772933403938,Long Tail / Low Value,0.9843608945549314,Low latent risk,Low-cost organic nurture
15372,188.64441776365825,Long Tail / Low Value,1.0,Low latent risk,Low-cost organic nurture
17693,188.60918830970348,Long Tail / Low Value,1.0,Low latent risk,Low-cost organic nurture
16230,188.56587539046984,Long Tail / Low Value,0.8816016473066276,Low latent risk,Low-cost organic nurture
13296,188.52496746453943,Long Tail / Low Value,1.0,Low latent risk,Low-cost organic nurture
14100,188.4111821887217,Long Tail / Low Value,1.0,Low latent risk,Low-cost organic nurture
18183,188.38401398614022,Long Tail / Low Value,0.8818186842942827,Low latent risk,Low-cost organic nurture
17040,188.3822406620539,Long Tail / Low Value,1.0,Low latent risk,Low-cost organic nurture
16770,188.07608106307902,Long Tail / Low Value,0.9900666523289674,Low latent risk,Low-cost organic nurture
17980,188.0304446394903,Long Tail / Low Value,0.9627105604084208,Low latent risk,Low-cost organic nurture
16178,187.63151238834433,Long Tail / Low Value,1.0,Low latent risk,Low-cost organic nurture
17649,187.62331099009032,Long Tail / Low Value,1.0,Low latent risk,Low-cost organic nurture
16872,187.5798250490825,Long Tail / Low Value,0.9727298012834501,Low latent risk,Low-cost organic nurture
13116,187.56865337770836,Long Tail / Low Value,1.0,Low latent risk,Low-cost organic nurture
12784,187.56143984901186,Long Tail / Low Value,0.9786257152052827,Low latent risk,Low-cost organic nurture
12864,187.5072017384083,Long Tail / Low Value,1.0,Low latent risk,Low-cost organic nurture
16305,187.47649106440903,Long Tail / Low Value,1.0,Low latent risk,Low-cost organic nurture
16122,187.4607953471486,Long Tail / Low Value,0.9866670064611559,Low latent risk,Low-cost organic nurture
17373,187.32496484353413,Long Tail / Low Value,0.9899090882327857,Low latent risk,Low-cost organic nurture
13455,187.13257674198337,Long Tail / Low Value,0.9815103463410386,Low latent risk,Low-cost organic nurture
17277,187.11119028526,Long Tail / Low Value,0.9211002418364103,Low latent risk,Low-cost organic nurture
14342,186.81830690709776,Long Tail / Low Value,0.9910512498118218,Low latent risk,Low-cost organic nurture
16980,186.76861712449679,Long Tail / Low Value,0.8476047323536098,Low latent risk,Low-cost organic nurture
14780,186.74233316257983,Long Tail / Low Value,0.9587474772481945,Low latent risk,Low-cost organic nurture
16518,186.50210310852194,Long Tail / Low Value,0.9765308584029456,Low latent risk,Low-cost organic nurture
17796,185.79214641868407,Long Tail / Low Value,0.9905098001771704,Low latent risk,Low-cost organic nurture
18262,185.68292181312373,Long Tail / Low Value,1.0,Low latent risk,Low-cost organic nurture
15181,185.55035307419087,Long Tail / Low Value,0.98246601030604,Low latent risk,Low-cost organic nurture
14548,185.20602206123488,Long Tail / Low Value,0.9597811071252187,Low latent risk,Low-cost organic nurture
12492,184.96640814153292,Long Tail / Low Value,0.960171496423581,Low latent risk,Low-cost organic nurture
16916,184.80477301754922,Long Tail / Low Value,0.9816180139781492,Low latent risk,Low-cost organic nurture
15623,184.7784367025895,Long Tail / Low Value,1.0,Low latent risk,Low-cost organic nurture
17429,184.7664451889318,Long Tail / Low Value,0.9476087068485766,Low latent risk,Low-cost organic nurture
17660,184.62678334876622,Long Tail / Low Value,1.0,Low latent risk,Low-cost organic nurture
12930,184.5850197850164,Long Tail / Low Value,0.9654062142734513,Low latent risk,Low-cost organic nurture
17694,184.56262116687637,Long Tail / Low Value,1.0,Low latent risk,Low-cost organic nurture
14259,184.51238101548196,Long Tail / Low Value,1.0,Low latent risk,Low-cost organic nurture
15690,184.1083307619179,Long Tail / Low Value,0.9825274949726778,Low latent risk,Low-cost organic nurture
17472,183.90057646038858,Long Tail / Low Value,0.9244960952346254,Low latent risk,Low-cost organic nurture
17351,183.79452981451402,Long Tail / Low Value,0.9870802343187446,Low latent risk,Low-cost organic nurture
17962,183.70439266483024,Long Tail / Low Value,1.0,Low latent risk,Low-cost organic nurture
15802,183.6009483948282,Long Tail / Low Value,1.0,Low latent risk,Low-cost organic nurture
17866,183.58066607981883,Long Tail / Low Value,1.0,Low latent risk,Low-cost organic nurture
12521,183.57019954692106,Long Tail / Low Value,1.0,Low latent risk,Low-cost organic nurture
14150,183.397375512145,Long Tail / Low Value,0.9805462716680658,Low latent risk,Low-cost organic nurture
14117,182.59295672116835,Long Tail / Low Value,1.0,Low latent risk,Low-cost organic nurture
15339,182.2274215787955,Long Tail / Low Value,0.9766772370525663,Low latent risk,Low-cost organic nurture
16900,182.07244375737417,Long Tail / Low Value,0.9857828561294298,Low latent risk,Low-cost organic nurture
13917,181.93643063661486,Long Tail / Low Value,0.975472982974369,Low latent risk,Low-cost organic nurture
15756,181.93327913064724,Long Tail / Low Value,0.9848248854828582,Low latent risk,Low-cost organic nurture
18149,181.3775042497854,Long Tail / Low Value,0.9851927292799944,Low latent risk,Low-cost organic nurture
13669,181.36766051883538,Long Tail / Low Value,0.9727917261969671,Low latent risk,Low-cost organic nurture
12363,181.32161717281815,Long Tail / Low Value,0.9634280161061008,Low latent risk,Low-cost organic nurture
13573,181.22197562042092,Long Tail / Low Value,0.9773568136650924,Low latent risk,Low-cost organic nurture
13093,181.21805272111888,Long Tail / Low Value,0.09338647174033197,High latent risk,No paid retention; passive/organic communication only
17330,181.02247211804305,Long Tail / Low Value,0.9762280283312954,Low latent risk,Low-cost organic nurture
17984,180.98296934696992,Long Tail / Low Value,1.0,Low latent risk,Low-cost organic nurture
12833,180.89845341251993,Long Tail / Low Value,1.0,Low latent risk,Low-cost organic nurture
15901,180.8978979623074,Long Tail / Low Value,0.9882618328899151,Low latent risk,Low-cost organic nurture
16054,180.87432054412122,Long Tail / Low Value,1.0,Low latent risk,Low-cost organic nurture
13967,180.83242090981545,Long Tail / Low Value,1.0,Low latent risk,Low-cost organic nurture
13960,180.6906039416648,Long Tail / Low Value,0.9770218050825517,Low latent risk,Low-cost organic nurture
15716,180.61214009700603,Long Tail / Low Value,0.9689808114800011,Low latent risk,Low-cost organic nurture
17540,180.60515062806817,Long Tail / Low Value,0.9812482175101616,Low latent risk,Low-cost organic nurture
17374,179.85202570817953,Long Tail / Low Value,0.9027845265082012,Low latent risk,Low-cost organic nurture
14044,179.53009828806046,Long Tail / Low Value,0.9913371519039935,Low latent risk,Low-cost organic nurture
16005,179.50583246537474,Long Tail / Low Value,0.9924461583020187,Low latent risk,Low-cost organic nurture
15057,179.3914628120248,Long Tail / Low Value,0.842621861963135,Low latent risk,Low-cost organic nurture
15467,179.385647814341,Long Tail / Low Value,0.9893539055548813,Low latent risk,Low-cost organic nurture
16555,179.20001031091186,Long Tail / Low Value,0.9746501547275369,Low latent risk,Low-cost organic nurture
14722,179.1323888105579,Long Tail / Low Value,1.0,Low latent risk,Low-cost organic nurture
15004,179.09938750043847,Long Tail / Low Value,1.0,Low latent risk,Low-cost organic nurture
17948,179.05768631448385,Long Tail / Low Value,1.0,Low latent risk,Low-cost organic nurture
18211,178.95069493612246,Long Tail / Low Value,0.9926798636277272,Low latent risk,Low-cost organic nurture
12844,178.93279374925527,Long Tail / Low Value,0.9775415215559036,Low latent risk,Low-cost organic nurture
13030,178.71906257562236,Long Tail / Low Value,0.9825141689589348,Low latent risk,Low-cost organic nurture
15186,178.60672528731385,Long Tail / Low Value,0.9813132026129199,Low latent risk,Low-cost organic nurture
16037,178.49344170969962,Long Tail / Low Value,0.8495715306155514,Low latent risk,Low-cost organic nurture
15256,178.12237729532796,Long Tail / Low Value,1.0,Low latent risk,Low-cost organic nurture
14847,178.08851713188034,Long Tail / Low Value,1.0,Low latent risk,Low-cost organic nurture
12405,178.01468521437138,Long Tail / Low Value,1.0,Low latent risk,Low-cost organic nurture
14609,177.84336246791466,Long Tail / Low Value,0.9845305543838229,Low latent risk,Low-cost organic nurture
16470,177.70462899486978,Long Tail / Low Value,0.9892630986857585,Low latent risk,Low-cost organic nurture
14400,177.38836308851742,Long Tail / Low Value,1.0,Low latent risk,Low-cost organic nurture
13667,177.38347780857626,Long Tail / Low Value,1.0,Low latent risk,Low-cost organic nurture
16780,177.3244799158151,Long Tail / Low Value,0.9678176514826656,Low latent risk,Low-cost organic nurture
16450,177.24009302608084,Long Tail / Low Value,1.0,Low latent risk,Low-cost organic nurture
15795,177.2010838286813,Long Tail / Low Value,1.0,Low latent risk,Low-cost organic nurture
15895,177.1913342203974,Long Tail / Low Value,1.0,Low latent risk,Low-cost organic nurture
16449,177.13307747639743,Long Tail / Low Value,0.9251210251191015,Low latent risk,Low-cost organic nurture
15985,176.6461271966488,Long Tail / Low Value,0.9573621857189327,Low latent risk,Low-cost organic nurture
16014,176.29162087197597,Long Tail / Low Value,0.9871602779571474,Low latent risk,Low-cost organic nurture
12781,176.14821296284995,Long Tail / Low Value,0.9762215240821273,Low latent risk,Low-cost organic nurture
16146,175.98476831689686,Long Tail / Low Value,0.9204557558299916,Low latent risk,Low-cost organic nurture
14552,175.53863257949746,Long Tail / Low Value,1.0,Low latent risk,Low-cost organic nurture
13678,175.44599639915765,Long Tail / Low Value,1.0,Low latent risk,Low-cost organic nurture
13759,174.55480276523286,Long Tail / Low Value,0.9715432551621599,Low latent risk,Low-cost organic nurture
16134,174.45528713208742,Long Tail / Low Value,0.9817141988589658,Low latent risk,Low-cost organic nurture
14467,173.9789521241479,Long Tail / Low Value,0.9921618625037438,Low latent risk,Low-cost organic nurture
12857,173.96954356448163,Long Tail / Low Value,0.9252075970647655,Low latent risk,Low-cost organic nurture
15624,173.71818736899024,Long Tail / Low Value,0.9626638846657479,Low latent risk,Low-cost organic nurture
13189,173.40827235196645,Long Tail / Low Value,0.9796713801818362,Low latent risk,Low-cost organic nurture
18127,173.36078177466572,Long Tail / Low Value,0.9873646478814977,Low latent risk,Low-cost organic nurture
16863,173.34666653990547,Long Tail / Low Value,0.9809552016208316,Low latent risk,Low-cost organic nurture
17229,173.15802754058777,Long Tail / Low Value,0.9472432609808241,Low latent risk,Low-cost organic nurture
13301,173.1209034285944,Long Tail / Low Value,0.9755912087615105,Low latent risk,Low-cost organic nurture
12648,172.9616275565575,Long Tail / Low Value,1.0,Low latent risk,Low-cost organic nurture
16442,172.8536840441573,Long Tail / Low Value,0.9905077156164538,Low latent risk,Low-cost organic nurture
12582,172.83601136832354,Long Tail / Low Value,0.8790594875642368,Low latent risk,Low-cost organic nurture
15384,172.57530563720482,Long Tail / Low Value,0.9592342928602483,Low latent risk,Low-cost organic nurture
13302,172.33754628049513,Long Tail / Low Value,1.0,Low latent risk,Low-cost organic nurture
13699,172.30009524345095,Long Tail / Low Value,1.0,Low latent risk,Low-cost organic nurture
17460,172.24972164994134,Long Tail / Low Value,0.9830831316367723,Low latent risk,Low-cost organic nurture
14459,172.18726473276712,Long Tail / Low Value,1.0,Low latent risk,Low-cost organic nurture
13900,172.15979074234983,Long Tail / Low Value,0.9060542842681693,Low latent risk,Low-cost organic nurture
13221,172.08994479030414,Long Tail / Low Value,0.9281472731330537,Low latent risk,Low-cost organic nurture
13583,172.0866483769513,Long Tail / Low Value,1.0,Low latent risk,Low-cost organic nurture
13291,172.0843499532016,Long Tail / Low Value,1.0,Low latent risk,Low-cost organic nurture
16399,171.99417701557547,Long Tail / Low Value,0.9812325821251273,Low latent risk,Low-cost organic nurture
16031,171.8983962435321,Long Tail / Low Value,0.9688656799045756,Low latent risk,Low-cost organic nurture
16043,171.85747288088103,Long Tail / Low Value,0.9902907343600514,Low latent risk,Low-cost organic nurture
13894,171.69226395006314,Long Tail / Low Value,0.9887304622425225,Low latent risk,Low-cost organic nurture
16957,171.68129012734033,Long Tail / Low Value,0.867844909518637,Low latent risk,Low-cost organic nurture
14643,171.53514242919283,Long Tail / Low Value,0.9588482652501928,Low latent risk,Low-cost organic nurture
12977,171.46830217930986,Long Tail / Low Value,1.0,Low latent risk,Low-cost organic nurture
16829,171.26772902439603,Long Tail / Low Value,1.0,Low latent risk,Low-cost organic nurture
13405,170.91507269678155,Long Tail / Low Value,0.9827914982764281,Low latent risk,Low-cost organic nurture
17398,170.68743005248632,Long Tail / Low Value,0.9671577080637713,Low latent risk,Low-cost organic nurture
18158,170.5804427640832,Long Tail / Low Value,0.9813082187524302,Low latent risk,Low-cost organic nurture
17046,170.5739300926531,Long Tail / Low Value,1.0,Low latent risk,Low-cost organic nurture
16338,170.55812482786266,Long Tail / Low Value,1.0,Low latent risk,Low-cost organic nurture
18203,170.53047268211014,Long Tail / Low Value,1.0,Low latent risk,Low-cost organic nurture
13338,170.39460005187834,Long Tail / Low Value,1.0,Low latent risk,Low-cost organic nurture
13058,170.254890113062,Long Tail / Low Value,0.9867423055900536,Low latent risk,Low-cost organic nurture
16478,170.01521098893258,Long Tail / Low Value,0.9819395104412965,Low latent risk,Low-cost organic nurture
16386,169.9163735886372,Long Tail / Low Value,0.9803083692835198,Low latent risk,Low-cost organic nurture
12793,169.87268310293308,Long Tail / Low Value,0.7971345988599617,Low latent risk,Low-cost organic nurture
14173,169.83825685076985,Long Tail / Low Value,0.9924478562148787,Low latent risk,Low-cost organic nurture
16344,169.81298160013878,Long Tail / Low Value,1.0,Low latent risk,Low-cost organic nurture
17464,169.72854137072989,Long Tail / Low Value,1.0,Low latent risk,Low-cost organic nurture
17516,169.680120033261,Long Tail / Low Value,0.9937749169463455,Low latent risk,Low-cost organic nurture
14460,169.5334021255846,Long Tail / Low Value,0.9750440995878629,Low latent risk,Low-cost organic nurture
13846,169.4879330279434,Long Tail / Low Value,0.9889098183526606,Low latent risk,Low-cost organic nurture
15550,169.2777735854109,Long Tail / Low Value,0.993160877351488,Low latent risk,Low-cost organic nurture
17179,169.0979361330623,Long Tail / Low Value,0.9575127971652817,Low latent risk,Low-cost organic nurture
15007,169.01667960210733,Long Tail / Low Value,1.0,Low latent risk,Low-cost organic nurture
17420,168.9991759933971,Long Tail / Low Value,0.986792276460151,Low latent risk,Low-cost organic nurture
17899,168.98232399758328,Long Tail / Low Value,1.0,Low latent risk,Low-cost organic nurture
17418,168.97118397139323,Long Tail / Low Value,0.9795499132329347,Low latent risk,Low-cost organic nurture
13833,168.9319241965762,Long Tail / Low Value,1.0,Low latent risk,Low-cost organic nurture
17939,168.8987100495886,Long Tail / Low Value,1.0,Low latent risk,Low-cost organic nurture
14577,168.86972007751663,Long Tail / Low Value,0.9926795358161238,Low latent risk,Low-cost organic nurture
15497,168.61013580524158,Long Tail / Low Value,0.9818908116292101,Low latent risk,Low-cost organic nurture
16653,168.54811455670975,Long Tail / Low Value,0.9788104444219639,Low latent risk,Low-cost organic nurture
14965,168.4697814615972,Long Tail / Low Value,0.9041774135736946,Low latent risk,Low-cost organic nurture
17483,168.4583119628032,Long Tail / Low Value,0.9773899485914659,Low latent risk,Low-cost organic nurture
16989,168.37620360721866,Long Tail / Low Value,0.9950250772440642,Low latent risk,Low-cost organic nurture
12510,168.26887742398148,Long Tail / Low Value,0.9628910026155223,Low latent risk,Low-cost organic nurture
13946,168.25830137491647,Long Tail / Low Value,0.9797117701007848,Low latent risk,Low-cost organic nurture
15206,167.9799411753927,Long Tail / Low Value,0.9926375204425891,Low latent risk,Low-cost organic nurture
17146,167.77188720509764,Long Tail / Low Value,0.9790931839030187,Low latent risk,Low-cost organic nurture
12944,167.45721481224484,Long Tail / Low Value,0.9805116480401435,Low latent risk,Low-cost organic nurture
12922,167.42186163506244,Long Tail / Low Value,1.0,Low latent risk,Low-cost organic nurture
17123,167.26539532986715,Long Tail / Low Value,1.0,Low latent risk,Low-cost organic nurture
15026,167.10655779104275,Long Tail / Low Value,0.980029131674511,Low latent risk,Low-cost organic nurture
17864,166.9078822120498,Long Tail / Low Value,0.9895635029711757,Low latent risk,Low-cost organic nurture
17891,166.78965564213604,Long Tail / Low Value,1.0,Low latent risk,Low-cost organic nurture
13745,166.6790938743327,Long Tail / Low Value,1.0,Low latent risk,Low-cost organic nurture
15525,166.60966698223197,Long Tail / Low Value,0.9904565386701464,Low latent risk,Low-cost organic nurture
15578,166.56060563582616,Long Tail / Low Value,1.0,Low latent risk,Low-cost organic nurture
12832,166.28057281357337,Long Tail / Low Value,0.9748465029229342,Low latent risk,Low-cost organic nurture
16109,166.00151863264813,Long Tail / Low Value,0.9213900779887412,Low latent risk,Low-cost organic nurture
14205,165.8835983555106,Long Tail / Low Value,0.9817281633448286,Low latent risk,Low-cost organic nurture
14327,165.81853070879447,Long Tail / Low Value,1.0,Low latent risk,Low-cost organic nurture
15537,165.79293146425823,Long Tail / Low Value,1.0,Low latent risk,Low-cost organic nurture
17408,165.78386696591585,Long Tail / Low Value,1.0,Low latent risk,Low-cost organic nurture
13233,165.41949570420428,Long Tail / Low Value,0.9760766767117728,Low latent risk,Low-cost organic nurture
14127,165.09883828962475,Long Tail / Low Value,0.9715343659108086,Low latent risk,Low-cost organic nurture
14351,164.98953696856447,Long Tail / Low Value,1.0,Low latent risk,Low-cost organic nurture
16545,164.9478304166735,Long Tail / Low Value,1.0,Low latent risk,Low-cost organic nurture
15038,164.79202314610922,Long Tail / Low Value,0.9904819410259055,Low latent risk,Low-cost organic nurture
12592,164.5554208707949,Long Tail / Low Value,0.9656566853434825,Low latent risk,Low-cost organic nurture
17812,164.5012550731821,Long Tail / Low Value,0.9926880446599645,Low latent risk,Low-cost organic nurture
13460,164.31327257328158,Long Tail / Low Value,0.9703333077168027,Low latent risk,Low-cost organic nurture
18193,164.29647938288403,Long Tail / Low Value,1.0,Low latent risk,Low-cost organic nurture
17110,164.26506789538078,Long Tail / Low Value,1.0,Low latent risk,Low-cost organic nurture
16567,164.11349302186449,Long Tail / Low Value,0.9466612987839468,Low latent risk,Low-cost organic nurture
14013,164.07000308637967,Long Tail / Low Value,0.971665136628801,Low latent risk,Low-cost organic nurture
14819,164.0013844031125,Long Tail / Low Value,0.9720092653141983,Low latent risk,Low-cost organic nurture
12895,163.9180835549593,Long Tail / Low Value,0.9690485131472059,Low latent risk,Low-cost organic nurture
15182,163.91046705636063,Long Tail / Low Value,0.9497028999928614,Low latent risk,Low-cost organic nurture
17329,163.7428820671581,Long Tail / Low Value,0.982143525358236,Low latent risk,Low-cost organic nurture
17884,163.71542787483511,Long Tail / Low Value,0.9932571821420313,Low latent risk,Low-cost organic nurture
17414,163.70388798848927,Long Tail / Low Value,0.9764708363873624,Low latent risk,Low-cost organic nurture
12548,163.5962564313153,Long Tail / Low Value,1.0,Low latent risk,Low-cost organic nurture
14795,163.51790112023852,Long Tail / Low Value,1.0,Low latent risk,Low-cost organic nurture
14805,163.34137903571695,Long Tail / Low Value,0.9923426349964157,Low latent risk,Low-cost organic nurture
13939,162.9104270917366,Long Tail / Low Value,0.9887507615420658,Low latent risk,Low-cost organic nurture
13744,162.5842719108567,Long Tail / Low Value,0.9711407801686808,Low latent risk,Low-cost organic nurture
15246,162.29911965424319,Long Tail / Low Value,0.929093209389506,Low latent risk,Low-cost organic nurture
17737,162.12164056244333,Long Tail / Low Value,0.9806792416839738,Low latent risk,Low-cost organic nurture
17031,162.1016612717487,Long Tail / Low Value,0.9816269842794015,Low latent risk,Low-cost organic nurture
17360,162.07900410508782,Long Tail / Low Value,0.988456746911096,Low latent risk,Low-cost organic nurture
15976,161.6255112907769,Long Tail / Low Value,0.9208118507086112,Low latent risk,Low-cost organic nurture
13937,161.41422208226388,Long Tail / Low Value,1.0,Low latent risk,Low-cost organic nurture
17537,161.31836392625868,Long Tail / Low Value,0.9806699023502264,Low latent risk,Low-cost organic nurture
13300,161.31018446712721,Long Tail / Low Value,1.0,Low latent risk,Low-cost organic nurture
17709,161.27284455727153,Long Tail / Low Value,1.0,Low latent risk,Low-cost organic nurture
18085,161.247137876822,Long Tail / Low Value,0.8143734621156324,Low latent risk,Low-cost organic nurture
12577,161.22970286106874,Long Tail / Low Value,0.9880113424015915,Low latent risk,Low-cost organic nurture
15130,161.22241275268664,Long Tail / Low Value,1.0,Low latent risk,Low-cost organic nurture
16287,161.18864113523557,Long Tail / Low Value,1.0,Low latent risk,Low-cost organic nurture
12654,160.69131140477532,Long Tail / Low Value,0.9942118127910328,Low latent risk,Low-cost organic nurture
15041,160.68025866893757,Long Tail / Low Value,1.0,Low latent risk,Low-cost organic nurture
14998,160.6774691811812,Long Tail / Low Value,0.928954814824932,Low latent risk,Low-cost organic nurture
16247,160.6236921586902,Long Tail / Low Value,1.0,Low latent risk,Low-cost organic nurture
17877,160.58216874131372,Long Tail / Low Value,1.0,Low latent risk,Low-cost organic nurture
16114,160.49868682712793,Long Tail / Low Value,1.0,Low latent risk,Low-cost organic nurture
16969,160.28294689672745,Long Tail / Low Value,0.9848722069921331,Low latent risk,Low-cost organic nurture
15412,159.93658439110757,Long Tail / Low Value,1.0,Low latent risk,Low-cost organic nurture
17960,159.90235891595012,Long Tail / Low Value,1.0,Low latent risk,Low-cost organic nurture
14658,159.8397457347988,Long Tail / Low Value,0.9824211803023348,Low latent risk,Low-cost organic nurture
16526,159.83642949986765,Long Tail / Low Value,1.0,Low latent risk,Low-cost organic nurture
15507,159.81512563531075,Long Tail / Low Value,1.0,Low latent risk,Low-cost organic nurture
12493,159.41829392486565,Long Tail / Low Value,0.8986169253801873,Low latent risk,Low-cost organic nurture
15280,159.27945303631927,Long Tail / Low Value,1.0,Low latent risk,Low-cost organic nurture
15389,159.25190312515187,Long Tail / Low Value,1.0,Low latent risk,Low-cost organic nurture
15825,159.1678366192313,Long Tail / Low Value,1.0,Low latent risk,Low-cost organic nurture
15919,159.13515870804872,Long Tail / Low Value,0.9819091572172645,Low latent risk,Low-cost organic nurture
15016,159.12804669916179,Long Tail / Low Value,1.0,Low latent risk,Low-cost organic nurture
15921,159.09711277292791,Long Tail / Low Value,1.0,Low latent risk,Low-cost organic nurture
15076,159.01860460285576,Long Tail / Low Value,1.0,Low latent risk,Low-cost organic nurture
17990,158.97246982547694,Long Tail / Low Value,0.9118642785471819,Low latent risk,Low-cost organic nurture
16891,158.96187092732134,Long Tail / Low Value,0.9949048529103534,Low latent risk,Low-cost organic nurture
15304,158.80526554465592,Long Tail / Low Value,0.9902615900858063,Low latent risk,Low-cost organic nurture
16324,158.54180583100035,Long Tail / Low Value,0.9172500560655044,Low latent risk,Low-cost organic nurture
12837,158.5413822135438,Long Tail / Low Value,1.0,Low latent risk,Low-cost organic nurture
13568,158.49995676722975,Long Tail / Low Value,1.0,Low latent risk,Low-cost organic nurture
13819,158.49512327980898,Long Tail / Low Value,0.5181058066869232,High latent risk,No paid retention; passive/organic communication only
17879,158.4385895595214,Long Tail / Low Value,1.0,Low latent risk,Low-cost organic nurture
16050,158.4132772988581,Long Tail / Low Value,1.0,Low latent risk,Low-cost organic nurture
17555,158.4080576208112,Long Tail / Low Value,0.9817825532777148,Low latent risk,Low-cost organic nurture
13618,158.39624476632835,Long Tail / Low Value,1.0,Low latent risk,Low-cost organic nurture
15909,158.3811618758157,Long Tail / Low Value,1.0,Low latent risk,Low-cost organic nurture
14335,158.1159218568242,Long Tail / Low Value,0.9796848363216063,Low latent risk,Low-cost organic nurture
14625,158.0038124077621,Long Tail / Low Value,0.9508270651075607,Low latent risk,Low-cost organic nurture
12414,157.43571696260207,Long Tail / Low Value,0.8956991288516053,Low latent risk,Low-cost organic nurture
15406,157.1484270423559,Long Tail / Low Value,0.9804585147186283,Low latent risk,Low-cost organic nurture
14220,157.0429124187728,Long Tail / Low Value,0.9224998596624275,Low latent risk,Low-cost organic nurture
15219,156.4868661653663,Long Tail / Low Value,1.0,Low latent risk,Low-cost organic nurture
13402,156.39968923181863,Long Tail / Low Value,0.9695164503498666,Low latent risk,Low-cost organic nurture
13826,156.39716182112807,Long Tail / Low Value,1.0,Low latent risk,Low-cost organic nurture
16257,156.29429503421255,Long Tail / Low Value,1.0,Low latent risk,Low-cost organic nurture
16276,156.27676907459954,Long Tail / Low Value,1.0,Low latent risk,Low-cost organic nurture
16739,156.26871792803493,Long Tail / Low Value,1.0,Low latent risk,Low-cost organic nurture
15585,156.25025079337445,Long Tail / Low Value,1.0,Low latent risk,Low-cost organic nurture
14657,156.0086893484786,Long Tail / Low Value,0.9922140788131852,Low latent risk,Low-cost organic nurture
14222,155.79893382720638,Long Tail / Low Value,1.0,Low latent risk,Low-cost organic nurture
17536,155.70531667525466,Long Tail / Low Value,1.0,Low latent risk,Low-cost organic nurture
18165,155.70531667525466,Long Tail / Low Value,1.0,Low latent risk,Low-cost organic nurture
14867,155.68439995570148,Long Tail / Low Value,0.9469264489689654,Low latent risk,Low-cost organic nurture
13343,155.6775825140682,Long Tail / Low Value,1.0,Low latent risk,Low-cost organic nurture
16461,155.66959315350078,Long Tail / Low Value,1.0,Low latent risk,Low-cost organic nurture
12809,155.63388606473652,Long Tail / Low Value,1.0,Low latent risk,Low-cost organic nurture
14465,155.50248371430027,Long Tail / Low Value,0.802256226953589,Low latent risk,Low-cost organic nurture
13452,155.12051076349792,Long Tail / Low Value,0.775379402301863,Low latent risk,Low-cost organic nurture
18112,154.9362575846022,Long Tail / Low Value,0.9815999006118683,Low latent risk,Low-cost organic nurture
16960,154.67629621843807,Long Tail / Low Value,0.9864682880400881,Low latent risk,Low-cost organic nurture
13663,154.4281548360874,Long Tail / Low Value,1.0,Low latent risk,Low-cost organic nurture
13080,154.40734727916552,Long Tail / Low Value,1.0,Low latent risk,Low-cost organic nurture
17349,154.3934786978011,Long Tail / Low Value,1.0,Low latent risk,Low-cost organic nurture
15069,154.38746975495863,Long Tail / Low Value,1.0,Low latent risk,Low-cost organic nurture
12732,154.31216664318836,Long Tail / Low Value,1.0,Low latent risk,Low-cost organic nurture
13936,154.2355532500734,Long Tail / Low Value,1.0,Low latent risk,Low-cost organic nurture
13579,154.22017309974953,Long Tail / Low Value,0.9822788051415607,Low latent risk,Low-cost organic nurture
15885,154.04705584947445,Long Tail / Low Value,0.9791538881740847,Low latent risk,Low-cost organic nurture
16685,153.82158459318964,Long Tail / Low Value,0.937875156235855,Low latent risk,Low-cost organic nurture
15862,153.6734694871364,Long Tail / Low Value,0.9929584569482087,Low latent risk,Low-cost organic nurture
18281,153.63178856062447,Long Tail / Low Value,1.0,Low latent risk,Low-cost organic nurture
17198,153.01722696638151,Long Tail / Low Value,0.9890281922043803,Low latent risk,Low-cost organic nurture
17770,152.64307834781616,Long Tail / Low Value,0.7340203947800352,Low latent risk,Low-cost organic nurture
16614,152.34425413265765,Long Tail / Low Value,1.0,Low latent risk,Low-cost organic nurture
17234,152.3370541054703,Long Tail / Low Value,1.0,Low latent risk,Low-cost organic nurture
16581,152.30331307227073,Long Tail / Low Value,1.0,Low latent risk,Low-cost organic nurture
13686,152.27857917109938,Long Tail / Low Value,1.0,Low latent risk,Low-cost organic nurture
15440,152.24522450603735,Long Tail / Low Value,0.9823163861359192,Low latent risk,Low-cost organic nurture
15402,152.1064073257149,Long Tail / Low Value,0.9238773998751131,Low latent risk,Low-cost organic nurture
18036,152.08437329951337,Long Tail / Low Value,0.9871795418963281,Low latent risk,Low-cost organic nurture
13856,152.06078581869036,Long Tail / Low Value,0.8450220315654041,Low latent risk,Low-cost organic nurture
14264,151.95542532761985,Long Tail / Low Value,0.9430345642981189,Low latent risk,Low-cost organic nurture
14344,151.8738111561994,Long Tail / Low Value,0.9538500364997047,Low latent risk,Low-cost organic nurture
14236,151.82954649354582,Long Tail / Low Value,0.9761567836979368,Low latent risk,Low-cost organic nurture
16113,151.82401483937258,Long Tail / Low Value,1.0,Low latent risk,Low-cost organic nurture
14241,151.70343536467706,Long Tail / Low Value,1.0,Low latent risk,Low-cost organic nurture
12942,151.57052530420142,Long Tail / Low Value,0.974058468342691,Low latent risk,Low-cost organic nurture
18017,151.28615372020693,Long Tail / Low Value,0.9813627566998646,Low latent risk,Low-cost organic nurture
13466,151.1933294103063,Long Tail / Low Value,1.0,Low latent risk,Low-cost organic nurture
17250,151.1282443062403,Long Tail / Low Value,0.9830012778960352,Low latent risk,Low-cost organic nurture
15609,151.09632422408558,Long Tail / Low Value,1.0,Low latent risk,Low-cost organic nurture
14690,151.09262663192027,Long Tail / Low Value,0.9747153382993221,Low latent risk,Low-cost organic nurture
14622,151.08835674537576,Long Tail / Low Value,1.0,Low latent risk,Low-cost organic nurture
17045,151.0503542188498,Long Tail / Low Value,0.966372984785972,Low latent risk,Low-cost organic nurture
17265,150.9166127785695,Long Tail / Low Value,0.9243648469175366,Low latent risk,Low-cost organic nurture
17926,150.65705719646812,Long Tail / Low Value,0.9425378460919973,Low latent risk,Low-cost organic nurture
13865,150.63941570034734,Long Tail / Low Value,0.9869160508671229,Low latent risk,Low-cost organic nurture
13395,150.51602542193936,Long Tail / Low Value,1.0,Low latent risk,Low-cost organic nurture
17987,150.49757883031717,Long Tail / Low Value,1.0,Low latent risk,Low-cost organic nurture
17124,150.48879633234907,Long Tail / Low Value,1.0,Low latent risk,Low-cost organic nurture
14375,150.48089296284581,Long Tail / Low Value,1.0,Low latent risk,Low-cost organic nurture
18072,150.40190502181602,Long Tail / Low Value,1.0,Low latent risk,Low-cost organic nurture
14542,150.33833628458987,Long Tail / Low Value,1.0,Low latent risk,Low-cost organic nurture
17515,150.16693220927664,Long Tail / Low Value,0.9909256912023596,Low latent risk,Low-cost organic nurture
16611,149.90444372104767,Long Tail / Low Value,1.0,Low latent risk,Low-cost organic nurture
15386,149.85261496236237,Long Tail / Low Value,1.0,Low latent risk,Low-cost organic nurture
14077,149.85090601698067,Long Tail / Low Value,0.990669418898772,Low latent risk,Low-cost organic nurture
12802,149.74341322166495,Long Tail / Low Value,1.0,Low latent risk,Low-cost organic nurture
16849,149.73471875148405,Long Tail / Low Value,1.0,Low latent risk,Low-cost organic nurture
16385,149.71918060884983,Long Tail / Low Value,0.9856800305444484,Low latent risk,Low-cost organic nurture
17157,149.69197343190416,Long Tail / Low Value,0.9823471550396695,Low latent risk,Low-cost organic nurture
13682,149.23648358441764,Long Tail / Low Value,1.0,Low latent risk,Low-cost organic nurture
16963,149.22871154368178,Long Tail / Low Value,1.0,Low latent risk,Low-cost organic nurture
15184,148.76159751829445,Long Tail / Low Value,0.9792363503845417,Low latent risk,Low-cost organic nurture
15565,148.70505743621152,Long Tail / Low Value,0.9591319781695334,Low latent risk,Low-cost organic nurture
14829,148.11246479771845,Long Tail / Low Value,0.9914759825935303,Low latent risk,Low-cost organic nurture
16659,148.0274064774417,Long Tail / Low Value,1.0,Low latent risk,Low-cost organic nurture
15405,148.01933541127798,Long Tail / Low Value,1.0,Low latent risk,Low-cost organic nurture
16967,148.0108405054138,Long Tail / Low Value,1.0,Low latent risk,Low-cost organic nurture
16117,147.94206778011997,Long Tail / Low Value,1.0,Low latent risk,Low-cost organic nurture
16185,147.5819387986257,Long Tail / Low Value,0.9815330995663113,Low latent risk,Low-cost organic nurture
17531,147.52528795259687,Long Tail / Low Value,1.0,Low latent risk,Low-cost organic nurture
16529,147.47720346661555,Long Tail / Low Value,1.0,Low latent risk,Low-cost organic nurture
14453,147.39797485414329,Long Tail / Low Value,1.0,Low latent risk,Low-cost organic nurture
14167,147.36520210677085,Long Tail / Low Value,0.9902340796878744,Low latent risk,Low-cost organic nurture
17817,147.07958992897125,Long Tail / Low Value,0.9902614070289616,Low latent risk,Low-cost organic nurture
14731,147.0719480433406,Long Tail / Low Value,0.9840109600060777,Low latent risk,Low-cost organic nurture
13062,146.81775174718737,Long Tail / Low Value,1.0,Low latent risk,Low-cost organic nurture
18196,146.79149579149967,Long Tail / Low Value,0.9710357906282734,Low latent risk,Low-cost organic nurture
16424,146.7793165336837,Long Tail / Low Value,1.0,Low latent risk,Low-cost organic nurture
14379,146.6191420524744,Long Tail / Low Value,0.9789746150758983,Low latent risk,Low-cost organic nurture
13169,146.2495665127567,Long Tail / Low Value,0.9752112439702042,Low latent risk,Low-cost organic nurture
16810,146.22675163410048,Long Tail / Low Value,1.0,Low latent risk,Low-cost organic nurture
18261,146.2158207135888,Long Tail / Low Value,0.9699569675309826,Low latent risk,Low-cost organic nurture
16948,146.1979121848848,Long Tail / Low Value,0.967986331936619,Low latent risk,Low-cost organic nurture
12790,146.1944264268283,Long Tail / Low Value,1.0,Low latent risk,Low-cost organic nurture
13070,146.18241173418275,Long Tail / Low Value,1.0,Low latent risk,Low-cost organic nurture
13398,146.1708132197822,Long Tail / Low Value,1.0,Low latent risk,Low-cost organic nurture
16483,146.16708551773644,Long Tail / Low Value,1.0,Low latent risk,Low-cost organic nurture
13930,145.32119167933868,Long Tail / Low Value,0.9691014203937183,Low latent risk,Low-cost organic nurture
15925,145.04385636740687,Long Tail / Low Value,1.0,Low latent risk,Low-cost organic nurture
17051,145.0104227467427,Long Tail / Low Value,1.0,Low latent risk,Low-cost organic nurture
13487,145.01005462172688,Long Tail / Low Value,0.9857984756770917,Low latent risk,Low-cost organic nurture
12426,144.96681917961024,Long Tail / Low Value,1.0,Low latent risk,Low-cost organic nurture
15768,144.8083284774782,Long Tail / Low Value,0.9602679380678218,Low latent risk,Low-cost organic nurture
13489,144.35785019905165,Long Tail / Low Value,0.975111237749216,Low latent risk,Low-cost organic nurture
13171,144.19282754866498,Long Tail / Low Value,0.9888519618723867,Low latent risk,Low-cost organic nurture
13838,144.05189595021446,Long Tail / Low Value,0.9931339502272839,Low latent risk,Low-cost organic nurture
16323,143.85993160862816,Long Tail / Low Value,1.0,Low latent risk,Low-cost organic nurture
17994,143.8505602582413,Long Tail / Low Value,0.9672711881432273,Low latent risk,Low-cost organic nurture
16275,143.80900058243196,Long Tail / Low Value,1.0,Low latent risk,Low-cost organic nurture
13135,143.76531694862496,Long Tail / Low Value,1.0,Low latent risk,Low-cost organic nurture
14280,143.75930752190763,Long Tail / Low Value,1.0,Low latent risk,Low-cost organic nurture
14034,143.58551827381484,Long Tail / Low Value,0.9872656686835146,Low latent risk,Low-cost organic nurture
15028,143.42922972913092,Long Tail / Low Value,0.9929540954378443,Low latent risk,Low-cost organic nurture
17266,143.39355063467232,Long Tail / Low Value,0.990318414123869,Low latent risk,Low-cost organic nurture
14816,143.247953990219,Long Tail / Low Value,1.0,Low latent risk,Low-cost organic nurture
12974,143.15930862470262,Long Tail / Low Value,1.0,Low latent risk,Low-cost organic nurture
14958,143.0812155616659,Long Tail / Low Value,0.9418733693734849,Low latent risk,Low-cost organic nurture
13705,142.87951602093935,Long Tail / Low Value,0.9901391420414678,Low latent risk,Low-cost organic nurture
16233,142.84845952346632,Long Tail / Low Value,0.9844470335016757,Low latent risk,Low-cost organic nurture
16448,142.75326855914346,Long Tail / Low Value,1.0,Low latent risk,Low-cost organic nurture
16898,142.67333661131713,Long Tail / Low Value,0.9888052827512412,Low latent risk,Low-cost organic nurture
14705,142.66286863275178,Long Tail / Low Value,1.0,Low latent risk,Low-cost organic nurture
16763,142.64432913048822,Long Tail / Low Value,1.0,Low latent risk,Low-cost organic nurture
13240,142.4668822870713,Long Tail / Low Value,0.9827566575519001,Low latent risk,Low-cost organic nurture
15452,142.31582373995425,Long Tail / Low Value,0.9877659414196397,Low latent risk,Low-cost organic nurture
14214,142.25118187414768,Long Tail / Low Value,0.9920879495554268,Low latent risk,Low-cost organic nurture
15042,142.1855412876575,Long Tail / Low Value,1.0,Low latent risk,Low-cost organic nurture
15314,142.14401556862845,Long Tail / Low Value,1.0,Low latent risk,Low-cost organic nurture
12838,141.92880119261764,Long Tail / Low Value,0.9808217235534236,Low latent risk,Low-cost organic nurture
12970,141.8868281885733,Long Tail / Low Value,0.9929642285075397,Low latent risk,Low-cost organic nurture
17080,141.71771906514036,Long Tail / Low Value,0.9811383577184503,Low latent risk,Low-cost organic nurture
12649,141.655004640141,Long Tail / Low Value,0.9620096774920941,Low latent risk,Low-cost organic nurture
13737,141.626210687407,Long Tail / Low Value,1.0,Low latent risk,Low-cost organic nurture
17715,141.53296455704205,Long Tail / Low Value,1.0,Low latent risk,Low-cost organic nurture
13339,141.43945368081006,Long Tail / Low Value,1.0,Low latent risk,Low-cost organic nurture
15018,141.39477853574587,Long Tail / Low Value,0.9878132040579621,Low latent risk,Low-cost organic nurture
15400,141.2603986996667,Long Tail / Low Value,0.9767293355501359,Low latent risk,Low-cost organic nurture
17854,141.21915514623691,Long Tail / Low Value,0.8989663114988131,Low latent risk,Low-cost organic nurture
14448,141.17375293820274,Long Tail / Low Value,0.9826499255205755,Low latent risk,Low-cost organic nurture
15705,141.04736284435535,Long Tail / Low Value,1.0,Low latent risk,Low-cost organic nurture
15292,141.03309698849708,Long Tail / Low Value,1.0,Low latent risk,Low-cost organic nurture
14647,141.00226178219702,Long Tail / Low Value,1.0,Low latent risk,Low-cost organic nurture
17176,140.97952947650333,Long Tail / Low Value,1.0,Low latent risk,Low-cost organic nurture
13227,140.95873007672498,Long Tail / Low Value,1.0,Low latent risk,Low-cost organic nurture
16943,140.5380188631497,Long Tail / Low Value,0.9122925427788701,Low latent risk,Low-cost organic nurture
16768,140.42449725993617,Long Tail / Low Value,0.9855721450492752,Low latent risk,Low-cost organic nurture
13959,140.41609219424203,Long Tail / Low Value,0.9833263986465609,Low latent risk,Low-cost organic nurture
16431,140.3403509575323,Long Tail / Low Value,0.8883505188428414,Low latent risk,Low-cost organic nurture
12365,140.32470145975824,Long Tail / Low Value,0.6876318743861443,High latent risk,No paid retention; passive/organic communication only
13243,139.89126376786658,Long Tail / Low Value,1.0,Low latent risk,Low-cost organic nurture
17455,139.8749561165012,Long Tail / Low Value,1.0,Low latent risk,Low-cost organic nurture
13391,139.83666708424497,Long Tail / Low Value,1.0,Low latent risk,Low-cost organic nurture
16320,139.54443845734383,Long Tail / Low Value,0.9051821940604542,Low latent risk,Low-cost organic nurture
12353,139.45002952014883,Long Tail / Low Value,1.0,Low latent risk,Low-cost organic nurture
13887,139.44060772627793,Long Tail / Low Value,1.0,Low latent risk,Low-cost organic nurture
17871,139.30883649349306,Long Tail / Low Value,1.0,Low latent risk,Low-cost organic nurture
17245,139.29040844095778,Long Tail / Low Value,1.0,Low latent risk,Low-cost organic nurture
17186,139.26745038745042,Long Tail / Low Value,0.9587671338222178,Low latent risk,Low-cost organic nurture
15643,139.10372317461284,Long Tail / Low Value,0.9110470483581136,Low latent risk,Low-cost organic nurture
13572,138.77938599530302,Long Tail / Low Value,1.0,Low latent risk,Low-cost organic nurture
17507,138.77471172269287,Long Tail / Low Value,0.8634500425207686,Low latent risk,Low-cost organic nurture
17556,138.75288875334965,Long Tail / Low Value,1.0,Low latent risk,Low-cost organic nurture
12690,138.71595882213398,Long Tail / Low Value,1.0,Low latent risk,Low-cost organic nurture
17425,138.48454717557834,Long Tail / Low Value,0.9770724029125581,Low latent risk,Low-cost organic nurture
13976,138.18249573214027,Long Tail / Low Value,1.0,Low latent risk,Low-cost organic nurture
14888,137.77846740937602,Long Tail / Low Value,1.0,Low latent risk,Low-cost organic nurture
14489,137.77589219833888,Long Tail / Low Value,1.0,Low latent risk,Low-cost organic nurture
17263,137.2412425871175,Long Tail / Low Value,1.0,Low latent risk,Low-cost organic nurture
15333,137.21752014533357,Long Tail / Low Value,1.0,Low latent risk,Low-cost organic nurture
14689,137.17192316296993,Long Tail / Low Value,1.0,Low latent risk,Low-cost organic nurture
15967,137.0559844603836,Long Tail / Low Value,0.981366630071875,Low latent risk,Low-cost organic nurture
17489,136.62269894756542,Long Tail / Low Value,0.9745070844620592,Low latent risk,Low-cost organic nurture
14670,136.5402747619288,Long Tail / Low Value,0.6996173924153485,High latent risk,No paid retention; passive/organic communication only
16552,136.40647404180706,Long Tail / Low Value,0.9318666873359966,Low latent risk,Low-cost organic nurture
14873,136.1836065958946,Long Tail / Low Value,1.0,Low latent risk,Low-cost organic nurture
12770,136.09058414222042,Long Tail / Low Value,1.0,Low latent risk,Low-cost organic nurture
14716,135.86192800373152,Long Tail / Low Value,0.9748287276811709,Low latent risk,Low-cost organic nurture
17970,135.800484894313,Long Tail / Low Value,1.0,Low latent risk,Low-cost organic nurture
14000,135.73154527775523,Long Tail / Low Value,1.0,Low latent risk,Low-cost organic nurture
16006,135.65375999387842,Long Tail / Low Value,1.0,Low latent risk,Low-cost organic nurture
14988,135.62987145819847,Long Tail / Low Value,1.0,Low latent risk,Low-cost organic nurture
16116,135.62844554374024,Long Tail / Low Value,1.0,Low latent risk,Low-cost organic nurture
14618,135.59724064004862,Long Tail / Low Value,0.9899595235851377,Low latent risk,Low-cost organic nurture
12976,135.58354461692713,Long Tail / Low Value,1.0,Low latent risk,Low-cost organic nurture
13277,135.56102997277927,Long Tail / Low Value,0.9909819706220827,Low latent risk,Low-cost organic nurture
13817,135.55129068392222,Long Tail / Low Value,0.9810395345502682,Low latent risk,Low-cost organic nurture
13077,135.50029111826979,Long Tail / Low Value,0.9933934235847536,Low latent risk,Low-cost organic nurture
17462,135.49457876969072,Long Tail / Low Value,0.9766671558201232,Low latent risk,Low-cost organic nurture
16203,135.47684814528867,Long Tail / Low Value,0.9886820666211789,Low latent risk,Low-cost organic nurture
17874,135.39413441968676,Long Tail / Low Value,0.5448774167693714,High latent risk,No paid retention; passive/organic communication only
13235,135.22753333995342,Long Tail / Low Value,1.0,Low latent risk,Low-cost organic nurture
18133,135.16413172305042,Long Tail / Low Value,1.0,Low latent risk,Low-cost organic nurture
13052,135.1634236617382,Long Tail / Low Value,1.0,Low latent risk,Low-cost organic nurture
15729,135.1294454613525,Long Tail / Low Value,1.0,Low latent risk,Low-cost organic nurture
16206,134.88345890245435,Long Tail / Low Value,0.9883926352996871,Low latent risk,Low-cost organic nurture
13990,134.67908805233185,Long Tail / Low Value,1.0,Low latent risk,Low-cost organic nurture
15063,134.6390301227952,Long Tail / Low Value,1.0,Low latent risk,Low-cost organic nurture
14288,134.6379762893066,Long Tail / Low Value,1.0,Low latent risk,Low-cost organic nurture
17597,134.60707119531514,Long Tail / Low Value,1.0,Low latent risk,Low-cost organic nurture
12821,134.18600612603083,Long Tail / Low Value,1.0,Low latent risk,Low-cost organic nurture
14699,134.16612092152846,Long Tail / Low Value,1.0,Low latent risk,Low-cost organic nurture
12355,134.14345201934742,Long Tail / Low Value,1.0,Low latent risk,Low-cost organic nurture
18120,134.1420572607786,Long Tail / Low Value,1.0,Low latent risk,Low-cost organic nurture
16756,134.05424604274515,Long Tail / Low Value,1.0,Low latent risk,Low-cost organic nurture
16306,133.87088057576202,Long Tail / Low Value,0.8042632098932091,Low latent risk,Low-cost organic nurture
14353,133.69064197543415,Long Tail / Low Value,1.0,Low latent risk,Low-cost organic nurture
13561,133.6189885965553,Long Tail / Low Value,1.0,Low latent risk,Low-cost organic nurture
13642,133.6172587908652,Long Tail / Low Value,1.0,Low latent risk,Low-cost organic nurture
17897,133.5445654488789,Long Tail / Low Value,0.9621926491418987,Low latent risk,Low-cost organic nurture
12990,132.96057717677346,Long Tail / Low Value,0.9879918827354885,Low latent risk,Low-cost organic nurture
13723,132.72038694018104,Long Tail / Low Value,1.0,Low latent risk,Low-cost organic nurture
15163,132.71825102815896,Long Tail / Low Value,0.9809536681789908,Low latent risk,Low-cost organic nurture
15552,132.67364299692906,Long Tail / Low Value,1.0,Low latent risk,Low-cost organic nurture
18227,132.6245462395794,Long Tail / Low Value,1.0,Low latent risk,Low-cost organic nurture
15014,132.62295197979304,Long Tail / Low Value,0.976212297710137,Low latent risk,Low-cost organic nurture
17174,132.612277740658,Long Tail / Low Value,1.0,Low latent risk,Low-cost organic nurture
16319,132.6054628909449,Long Tail / Low Value,1.0,Low latent risk,Low-cost organic nurture
15668,132.58911011567005,Long Tail / Low Value,1.0,Low latent risk,Low-cost organic nurture
17578,132.2625625051534,Long Tail / Low Value,1.0,Low latent risk,Low-cost organic nurture
14393,132.25510578505265,Long Tail / Low Value,1.0,Low latent risk,Low-cost organic nurture
14423,132.1927734736812,Long Tail / Low Value,1.0,Low latent risk,Low-cost organic nurture
14199,132.1629831815789,Long Tail / Low Value,1.0,Low latent risk,Low-cost organic nurture
16457,132.15452248499176,Long Tail / Low Value,1.0,Low latent risk,Low-cost organic nurture
13079,132.1002187088581,Long Tail / Low Value,0.9944611846872562,Low latent risk,Low-cost organic nurture
14340,132.08180529062645,Long Tail / Low Value,1.0,Low latent risk,Low-cost organic nurture
13762,132.07200306362415,Long Tail / Low Value,1.0,Low latent risk,Low-cost organic nurture
16990,132.05679559815968,Long Tail / Low Value,1.0,Low latent risk,Low-cost organic nurture
15847,132.00333122323565,Long Tail / Low Value,0.979562871423404,Low latent risk,Low-cost organic nurture
15334,131.73053971935283,Long Tail / Low Value,0.8016869496518098,Low latent risk,Low-cost organic nurture
14947,131.714276976605,Long Tail / Low Value,0.9609077746413469,Low latent risk,Low-cost organic nurture
17394,131.67001981766217,Long Tail / Low Value,1.0,Low latent risk,Low-cost organic nurture
16610,131.6669965744421,Long Tail / Low Value,1.0,Low latent risk,Low-cost organic nurture
17443,131.6179722824292,Long Tail / Low Value,1.0,Low latent risk,Low-cost organic nurture
13005,131.54284293499865,Long Tail / Low Value,0.9286864641486795,Low latent risk,Low-cost organic nurture
16149,131.47513035352193,Long Tail / Low Value,0.9826663773571374,Low latent risk,Low-cost organic nurture
14149,131.11540983021985,Long Tail / Low Value,1.0,Low latent risk,Low-cost organic nurture
16055,131.109414427525,Long Tail / Low Value,1.0,Low latent risk,Low-cost organic nurture
14785,130.6680536112966,Long Tail / Low Value,0.9779094704888754,Low latent risk,Low-cost organic nurture
14803,130.6081149815444,Long Tail / Low Value,0.9484975469340463,Low latent risk,Low-cost organic nurture
14304,130.20445922136426,Long Tail / Low Value,1.0,Low latent risk,Low-cost organic nurture
13715,130.17209142111534,Long Tail / Low Value,0.5343523682770734,High latent risk,No paid retention; passive/organic communication only
12808,129.92961253118602,Long Tail / Low Value,0.9879819677138396,Low latent risk,Low-cost organic nurture
17692,129.77319762708183,Long Tail / Low Value,0.9743979714624087,Low latent risk,Low-cost organic nurture
14960,129.65385717461234,Long Tail / Low Value,0.98220716981042,Low latent risk,Low-cost organic nurture
13242,129.62632396575862,Long Tail / Low Value,0.9589027479003156,Low latent risk,Low-cost organic nurture
12679,129.50119294288402,Long Tail / Low Value,0.986728750088934,Low latent risk,Low-cost organic nurture
17934,129.12676234282753,Long Tail / Low Value,0.9517787695358708,Low latent risk,Low-cost organic nurture
12601,128.91952903042488,Long Tail / Low Value,0.8878787852462746,Low latent risk,Low-cost organic nurture
15210,128.88474275729504,Long Tail / Low Value,1.0,Low latent risk,Low-cost organic nurture
14022,128.85514116888558,Long Tail / Low Value,1.0,Low latent risk,Low-cost organic nurture
17893,128.83938066708708,Long Tail / Low Value,1.0,Low latent risk,Low-cost organic nurture
16227,128.83391364071971,Long Tail / Low Value,1.0,Low latent risk,Low-cost organic nurture
14271,128.81912284179748,Long Tail / Low Value,1.0,Low latent risk,Low-cost organic nurture
13229,128.80626404405527,Long Tail / Low Value,1.0,Low latent risk,Low-cost organic nurture
15143,128.80497830579287,Long Tail / Low Value,1.0,Low latent risk,Low-cost organic nurture
15675,128.56759484610208,Long Tail / Low Value,0.9799700523286939,Low latent risk,Low-cost organic nurture
17187,128.35526789218076,Long Tail / Low Value,1.0,Low latent risk,Low-cost organic nurture
15891,128.3539911620413,Long Tail / Low Value,1.0,Low latent risk,Low-cost organic nurture
16965,128.34537389939584,Long Tail / Low Value,1.0,Low latent risk,Low-cost organic nurture
18220,128.2863608733413,Long Tail / Low Value,1.0,Low latent risk,Low-cost organic nurture
12573,127.95847651340823,Long Tail / Low Value,1.0,Low latent risk,Low-cost organic nurture
16823,127.94198367735157,Long Tail / Low Value,1.0,Low latent risk,Low-cost organic nurture
16834,127.83963315428582,Long Tail / Low Value,1.0,Low latent risk,Low-cost organic nurture
17670,127.83171812992686,Long Tail / Low Value,1.0,Low latent risk,Low-cost organic nurture
14450,127.72554396305793,Long Tail / Low Value,0.9450394523212301,Low latent risk,Low-cost organic nurture
16091,127.65065660579823,Long Tail / Low Value,0.9176133768607573,Low latent risk,Low-cost organic nurture
17674,127.54443854822178,Long Tail / Low Value,0.9767913726454911,Low latent risk,Low-cost organic nurture
12962,127.47318772208472,Long Tail / Low Value,0.9820211274341304,Low latent risk,Low-cost organic nurture
14871,126.24297114520218,Long Tail / Low Value,0.9932577867066563,Low latent risk,Low-cost organic nurture
13482,125.7364373173549,Long Tail / Low Value,1.0,Low latent risk,Low-cost organic nurture
12622,125.72908737226197,Long Tail / Low Value,1.0,Low latent risk,Low-cost organic nurture
16587,125.71439006533367,Long Tail / Low Value,1.0,Low latent risk,Low-cost organic nurture
17718,125.67399022232189,Long Tail / Low Value,1.0,Low latent risk,Low-cost organic nurture
12354,125.66542390394919,Long Tail / Low Value,1.0,Low latent risk,Low-cost organic nurture
12506,125.5868519765532,Long Tail / Low Value,1.0,Low latent risk,Low-cost organic nurture
18101,125.54079263014629,Long Tail / Low Value,0.9815471353346493,Low latent risk,Low-cost organic nurture
16805,125.28974177681447,Long Tail / Low Value,0.9582087723233375,Low latent risk,Low-cost organic nurture
17120,125.265946726382,Long Tail / Low Value,1.0,Low latent risk,Low-cost organic nurture
15517,125.24193748098838,Long Tail / Low Value,1.0,Low latent risk,Low-cost organic nurture
13485,125.24072206832899,Long Tail / Low Value,1.0,Low latent risk,Low-cost organic nurture
14148,125.205485382578,Long Tail / Low Value,1.0,Low latent risk,Low-cost organic nurture
17548,125.20518170443697,Long Tail / Low Value,1.0,Low latent risk,Low-cost organic nurture
17217,124.86538240285333,Long Tail / Low Value,1.0,Low latent risk,Low-cost organic nurture
12733,124.84726337613107,Long Tail / Low Value,1.0,Low latent risk,Low-cost organic nurture
15225,124.82069833442424,Long Tail / Low Value,1.0,Low latent risk,Low-cost organic nurture
13101,124.81647312237274,Long Tail / Low Value,1.0,Low latent risk,Low-cost organic nurture
15717,124.79354125825873,Long Tail / Low Value,1.0,Low latent risk,Low-cost organic nurture
15649,124.49092221556997,Long Tail / Low Value,0.7803093942007194,Low latent risk,Low-cost organic nurture
18009,124.36512702764124,Long Tail / Low Value,1.0,Low latent risk,Low-cost organic nurture
16617,124.3109218101828,Long Tail / Low Value,1.0,Low latent risk,Low-cost organic nurture
16947,124.29386146202121,Long Tail / Low Value,1.0,Low latent risk,Low-cost organic nurture
17697,123.97209272322989,Long Tail / Low Value,1.0,Low latent risk,Low-cost organic nurture
13474,123.94024570061451,Long Tail / Low Value,1.0,Low latent risk,Low-cost organic nurture
17582,123.92983200909735,Long Tail / Low Value,1.0,Low latent risk,Low-cost organic nurture
16193,123.902169862345,Long Tail / Low Value,1.0,Low latent risk,Low-cost organic nurture
18213,123.87719533261472,Long Tail / Low Value,1.0,Low latent risk,Low-cost organic nurture
16212,123.80389273263943,Long Tail / Low Value,0.9815377211881642,Low latent risk,Low-cost organic nurture
17631,123.35935142641972,Long Tail / Low Value,0.990470680883358,Low latent risk,Low-cost organic nurture
17367,123.09739084191511,Long Tail / Low Value,1.0,Low latent risk,Low-cost organic nurture
12639,123.07009982074692,Long Tail / Low Value,1.0,Low latent risk,Low-cost organic nurture
12769,123.02815985932963,Long Tail / Low Value,1.0,Low latent risk,Low-cost organic nurture
13120,123.02640076685272,Long Tail / Low Value,1.0,Low latent risk,Low-cost organic nurture
15135,122.76223083687306,Long Tail / Low Value,1.0,Low latent risk,Low-cost organic nurture
17142,122.7464693224704,Long Tail / Low Value,1.0,Low latent risk,Low-cost organic nurture
17601,122.74063275379504,Long Tail / Low Value,1.0,Low latent risk,Low-cost organic nurture
14105,122.73946550680985,Long Tail / Low Value,1.0,Low latent risk,Low-cost organic nurture
14206,122.7161252384346,Long Tail / Low Value,1.0,Low latent risk,Low-cost organic nurture
17783,122.61563611648592,Long Tail / Low Value,0.9733738753591648,Low latent risk,Low-cost organic nurture
13000,122.32267808452153,Long Tail / Low Value,0.9791793435052275,Low latent risk,Low-cost organic nurture
15147,122.28563959059404,Long Tail / Low Value,1.0,Low latent risk,Low-cost organic nurture
17746,122.26073473882478,Long Tail / Low Value,1.0,Low latent risk,Low-cost organic nurture
16097,122.24799665242534,Long Tail / Low Value,1.0,Low latent risk,Low-cost organic nurture
13740,122.19157577175702,Long Tail / Low Value,1.0,Low latent risk,Low-cost organic nurture
17371,122.0303917781652,Long Tail / Low Value,0.9894401528676543,Low latent risk,Low-cost organic nurture
16697,121.89154369383355,Long Tail / Low Value,1.0,Low latent risk,Low-cost organic nurture
13484,121.87945803008408,Long Tail / Low Value,1.0,Low latent risk,Low-cost organic nurture
12993,121.86470891186295,Long Tail / Low Value,0.9915656120661985,Low latent risk,Low-cost organic nurture
15212,121.83200187931905,Long Tail / Low Value,1.0,Low latent risk,Low-cost organic nurture
17278,121.82194018387847,Long Tail / Low Value,1.0,Low latent risk,Low-cost organic nurture
17972,121.8064196918497,Long Tail / Low Value,1.0,Low latent risk,Low-cost organic nurture
12891,121.64157444296876,Long Tail / Low Value,0.9270608268099975,Low latent risk,Low-cost organic nurture
14326,121.44196863177956,Long Tail / Low Value,1.0,Low latent risk,Low-cost organic nurture
17795,121.43971057791313,Long Tail / Low Value,0.9325296413778453,Low latent risk,Low-cost organic nurture
12982,121.38686151135376,Long Tail / Low Value,1.0,Low latent risk,Low-cost organic nurture
14339,121.37401990535282,Long Tail / Low Value,1.0,Low latent risk,Low-cost organic nurture
14311,121.35918410690033,Long Tail / Low Value,1.0,Low latent risk,Low-cost organic nurture
17574,121.35148233729467,Long Tail / Low Value,1.0,Low latent risk,Low-cost organic nurture
15918,121.26826746068465,Long Tail / Low Value,0.926565780758646,Low latent risk,Low-cost organic nurture
15655,121.03796982363973,Long Tail / Low Value,1.0,Low latent risk,Low-cost organic nurture
18129,121.018393725537,Long Tail / Low Value,1.0,Low latent risk,Low-cost organic nurture
13570,121.00704816823803,Long Tail / Low Value,1.0,Low latent risk,Low-cost organic nurture
12447,121.00392851370852,Long Tail / Low Value,1.0,Low latent risk,Low-cost organic nurture
13508,120.97926056044547,Long Tail / Low Value,1.0,Low latent risk,Low-cost organic nurture
17849,120.59480297336128,Long Tail / Low Value,0.8693844715397867,Low latent risk,Low-cost organic nurture
17630,120.576136728807,Long Tail / Low Value,0.9244981008859952,Low latent risk,Low-cost organic nurture
13544,120.47314776259832,Long Tail / Low Value,0.9786695231490886,Low latent risk,Low-cost organic nurture
15081,120.45202456049344,Long Tail / Low Value,0.993522168104579,Low latent risk,Low-cost organic nurture
17119,120.4244528389105,Long Tail / Low Value,0.9824979086290377,Low latent risk,Low-cost organic nurture
15775,120.18454129261148,Long Tail / Low Value,1.0,Low latent risk,Low-cost organic nurture
16623,120.13783927070797,Long Tail / Low Value,1.0,Low latent risk,Low-cost organic nurture
15109,120.13476436637951,Long Tail / Low Value,1.0,Low latent risk,Low-cost organic nurture
14924,120.12554059973495,Long Tail / Low Value,1.0,Low latent risk,Low-cost organic nurture
15119,120.12078951628102,Long Tail / Low Value,1.0,Low latent risk,Low-cost organic nurture
16643,120.10849434306358,Long Tail / Low Value,1.0,Low latent risk,Low-cost organic nurture
14619,120.09536364840397,Long Tail / Low Value,1.0,Low latent risk,Low-cost organic nurture
16927,120.01419026920432,Long Tail / Low Value,0.977304445675346,Low latent risk,Low-cost organic nurture
14981,119.79665128195651,Long Tail / Low Value,1.0,Low latent risk,Low-cost organic nurture
13712,119.77664186780768,Long Tail / Low Value,1.0,Low latent risk,Low-cost organic nurture
12580,119.74080841410452,Long Tail / Low Value,1.0,Low latent risk,Low-cost organic nurture
16144,119.73664312780966,Long Tail / Low Value,1.0,Low latent risk,Low-cost organic nurture
14195,119.57716306932878,Long Tail / Low Value,0.8996022639858602,Low latent risk,Low-cost organic nurture
17906,119.45850530878201,Long Tail / Low Value,1.0,Low latent risk,Low-cost organic nurture
14964,119.40546303254925,Long Tail / Low Value,1.0,Low latent risk,Low-cost organic nurture
17140,119.39441849910543,Long Tail / Low Value,1.0,Low latent risk,Low-cost organic nurture
15917,119.34667445939837,Long Tail / Low Value,1.0,Low latent risk,Low-cost organic nurture
13863,119.34115738463353,Long Tail / Low Value,1.0,Low latent risk,Low-cost organic nurture
17492,119.02780121447444,Long Tail / Low Value,1.0,Low latent risk,Low-cost organic nurture
16654,119.00221975944507,Long Tail / Low Value,0.9704688605814369,Low latent risk,Low-cost organic nurture
15442,118.97925380862227,Long Tail / Low Value,1.0,Low latent risk,Low-cost organic nurture
16384,118.97534311089338,Long Tail / Low Value,0.9706768296128037,Low latent risk,Low-cost organic nurture
16105,118.94334878939641,Long Tail / Low Value,1.0,Low latent risk,Low-cost organic nurture
16586,118.93211580206432,Long Tail / Low Value,1.0,Low latent risk,Low-cost organic nurture
14133,118.75136766630168,Long Tail / Low Value,0.9698317369609724,Low latent risk,Low-cost organic nurture
14747,118.61436566744653,Long Tail / Low Value,1.0,Low latent risk,Low-cost organic nurture
17956,118.6083713127385,Long Tail / Low Value,1.0,Low latent risk,Low-cost organic nurture
18185,118.60700904406693,Long Tail / Low Value,1.0,Low latent risk,Low-cost organic nurture
13059,118.55744380003406,Long Tail / Low Value,1.0,Low latent risk,Low-cost organic nurture
16142,118.55091082174118,Long Tail / Low Value,1.0,Low latent risk,Low-cost organic nurture
14823,118.46957883538118,Long Tail / Low Value,0.7375992119256375,Low latent risk,Low-cost organic nurture
14765,118.2845948950814,Long Tail / Low Value,0.9864222046526805,Low latent risk,Low-cost organic nurture
13781,118.19054040049319,Long Tail / Low Value,1.0,Low latent risk,Low-cost organic nurture
16838,118.18679917012099,Long Tail / Low Value,0.9291451499619605,Low latent risk,Low-cost organic nurture
14692,118.0656727648554,Long Tail / Low Value,0.9649539143093914,Low latent risk,Low-cost organic nurture
16690,117.97309310797255,Long Tail / Low Value,0.9705532187756095,Low latent risk,Low-cost organic nurture
15100,117.7800718818265,Long Tail / Low Value,0.6128942384608417,High latent risk,No paid retention; passive/organic communication only
13569,117.64286833209502,Long Tail / Low Value,0.9820631273190532,Low latent risk,Low-cost organic nurture
15850,117.51830061401031,Long Tail / Low Value,0.9805116439524186,Low latent risk,Low-cost organic nurture
13311,117.49197265233586,Long Tail / Low Value,0.9827004651961353,Low latent risk,Low-cost organic nurture
15691,117.46592335236417,Long Tail / Low Value,1.0,Low latent risk,Low-cost organic nurture
16162,117.46325118570893,Long Tail / Low Value,1.0,Low latent risk,Low-cost organic nurture
17701,117.42104711548073,Long Tail / Low Value,1.0,Low latent risk,Low-cost organic nurture
13841,117.41704197941603,Long Tail / Low Value,1.0,Low latent risk,Low-cost organic nurture
13462,117.40369350299392,Long Tail / Low Value,1.0,Low latent risk,Low-cost organic nurture
13626,117.38367648978948,Long Tail / Low Value,1.0,Low latent risk,Low-cost organic nurture
14886,117.36526687757029,Long Tail / Low Value,1.0,Low latent risk,Low-cost organic nurture
13656,117.3143599382989,Long Tail / Low Value,0.9579718195632965,Low latent risk,Low-cost organic nurture
17765,117.16574748487496,Long Tail / Low Value,0.9361000919846333,Low latent risk,Low-cost organic nurture
17212,117.15383857955665,Long Tail / Low Value,1.0,Low latent risk,Low-cost organic nurture
14957,117.12646740274629,Long Tail / Low Value,1.0,Low latent risk,Low-cost organic nurture
14890,117.03037126478972,Long Tail / Low Value,1.0,Low latent risk,Low-cost organic nurture
13060,117.02506669169189,Long Tail / Low Value,1.0,Low latent risk,Low-cost organic nurture
17438,117.00623934821407,Long Tail / Low Value,1.0,Low latent risk,Low-cost organic nurture
15528,116.71743228175616,Long Tail / Low Value,1.0,Low latent risk,Low-cost organic nurture
15832,116.70556153797308,Long Tail / Low Value,1.0,Low latent risk,Low-cost organic nurture
18108,116.68103633323462,Long Tail / Low Value,1.0,Low latent risk,Low-cost organic nurture
17775,116.63201689727485,Long Tail / Low Value,1.0,Low latent risk,Low-cost organic nurture
13439,116.30889210691949,Long Tail / Low Value,1.0,Low latent risk,Low-cost organic nurture
13803,116.28715235506597,Long Tail / Low Value,1.0,Low latent risk,Low-cost organic nurture
18270,116.14727188201684,Long Tail / Low Value,0.9792558240425668,Low latent risk,Low-cost organic nurture
18010,115.90346786583584,Long Tail / Low Value,1.0,Low latent risk,Low-cost organic nurture
15083,115.90112659098418,Long Tail / Low Value,1.0,Low latent risk,Low-cost organic nurture
12792,115.89020189477169,Long Tail / Low Value,1.0,Low latent risk,Low-cost organic nurture
14476,115.57971324211623,Long Tail / Low Value,1.0,Low latent risk,Low-cost organic nurture
13357,115.55307405158497,Long Tail / Low Value,1.0,Low latent risk,Low-cost organic nurture
18155,115.34770443547434,Long Tail / Low Value,0.9816704405912129,Low latent risk,Low-cost organic nurture
16189,114.90775947379535,Long Tail / Low Value,0.9796031701453516,Low latent risk,Low-cost organic nurture
14536,114.78891620980235,Long Tail / Low Value,1.0,Low latent risk,Low-cost organic nurture
13707,114.76024738268184,Long Tail / Low Value,0.8608999949825251,Low latent risk,Low-cost organic nurture
15809,114.71685036288088,Long Tail / Low Value,0.9916772434931043,Low latent risk,Low-cost organic nurture
14348,114.48405071461191,Long Tail / Low Value,1.0,Low latent risk,Low-cost organic nurture
15178,114.46603365041278,Long Tail / Low Value,1.0,Low latent risk,Low-cost organic nurture
16063,114.46172054858941,Long Tail / Low Value,1.0,Low latent risk,Low-cost organic nurture
16769,114.44294966388999,Long Tail / Low Value,1.0,Low latent risk,Low-cost organic nurture
16022,114.43660954280392,Long Tail / Low Value,1.0,Low latent risk,Low-cost organic nurture
17698,114.41074914170267,Long Tail / Low Value,1.0,Low latent risk,Low-cost organic nurture
13512,114.3876874903321,Long Tail / Low Value,1.0,Low latent risk,Low-cost organic nurture
13341,114.38439372914875,Long Tail / Low Value,1.0,Low latent risk,Low-cost organic nurture
12564,114.0975538975742,Long Tail / Low Value,1.0,Low latent risk,Low-cost organic nurture
17486,114.08369078381112,Long Tail / Low Value,1.0,Low latent risk,Low-cost organic nurture
13132,114.06454003507267,Long Tail / Low Value,1.0,Low latent risk,Low-cost organic nurture
18191,114.05547087617896,Long Tail / Low Value,1.0,Low latent risk,Low-cost organic nurture
12818,114.05496707638807,Long Tail / Low Value,1.0,Low latent risk,Low-cost organic nurture
14870,114.03607780298009,Long Tail / Low Value,1.0,Low latent risk,Low-cost organic nurture
13239,114.02953098482352,Long Tail / Low Value,1.0,Low latent risk,Low-cost organic nurture
17102,114.02525078018192,Long Tail / Low Value,1.0,Low latent risk,Low-cost organic nurture
16721,113.75399027256152,Long Tail / Low Value,1.0,Low latent risk,Low-cost organic nurture
15457,113.74471999762461,Long Tail / Low Value,1.0,Low latent risk,Low-cost organic nurture
15437,113.70965697932908,Long Tail / Low Value,1.0,Low latent risk,Low-cost organic nurture
12831,113.70740366911511,Long Tail / Low Value,1.0,Low latent risk,Low-cost organic nurture
16135,113.69939262411407,Long Tail / Low Value,1.0,Low latent risk,Low-cost organic nurture
14632,113.64409720878012,Long Tail / Low Value,1.0,Low latent risk,Low-cost organic nurture
15781,113.48591225528511,Long Tail / Low Value,0.9885376108188353,Low latent risk,Low-cost organic nurture
13262,113.37888000492156,Long Tail / Low Value,1.0,Low latent risk,Low-cost organic nurture
17763,113.36867539568577,Long Tail / Low Value,1.0,Low latent risk,Low-cost organic nurture
17678,113.33061102505651,Long Tail / Low Value,1.0,Low latent risk,Low-cost organic nurture
18224,113.31022105234422,Long Tail / Low Value,1.0,Low latent risk,Low-cost organic nurture
13934,113.28263170002461,Long Tail / Low Value,1.0,Low latent risk,Low-cost organic nurture
14762,113.27791054757462,Long Tail / Low Value,1.0,Low latent risk,Low-cost organic nurture
16619,113.27741360709557,Long Tail / Low Value,1.0,Low latent risk,Low-cost organic nurture
15445,113.02157372622436,Long Tail / Low Value,1.0,Low latent risk,Low-cost organic nurture
15408,113.02058435150441,Long Tail / Low Value,1.0,Low latent risk,Low-cost organic nurture
15101,113.01200918899127,Long Tail / Low Value,0.9827046097101341,Low latent risk,Low-cost organic nurture
16096,112.99981149087895,Long Tail / Low Value,1.0,Low latent risk,Low-cost organic nurture
14693,112.98794471963369,Long Tail / Low Value,1.0,Low latent risk,Low-cost organic nurture
12902,112.97706903961698,Long Tail / Low Value,1.0,Low latent risk,Low-cost organic nurture
15703,112.95853578339401,Long Tail / Low Value,1.0,Low latent risk,Low-cost organic nurture
13873,112.91070684522592,Long Tail / Low Value,0.9723628568067195,Low latent risk,Low-cost organic nurture
16816,112.59186462496805,Long Tail / Low Value,0.9809047973944398,Low latent risk,Low-cost organic nurture
17255,112.56208409861568,Long Tail / Low Value,0.9794670531449314,Low latent risk,Low-cost organic nurture
14633,112.34325033822634,Long Tail / Low Value,1.0,Low latent risk,Low-cost organic nurture
14155,112.30074434672235,Long Tail / Low Value,1.0,Low latent risk,Low-cost organic nurture
17060,112.28951251631175,Long Tail / Low Value,1.0,Low latent risk,Low-cost organic nurture
14041,112.28902422692434,Long Tail / Low Value,1.0,Low latent risk,Low-cost organic nurture
15019,112.27681837496004,Long Tail / Low Value,1.0,Low latent risk,Low-cost organic nurture
14066,112.27340121284823,Long Tail / Low Value,1.0,Low latent risk,Low-cost organic nurture
16256,112.2726689909391,Long Tail / Low Value,1.0,Low latent risk,Low-cost organic nurture
14059,112.24046069806303,Long Tail / Low Value,1.0,Low latent risk,Low-cost organic nurture
13072,112.21265934210373,Long Tail / Low Value,1.0,Low latent risk,Low-cost organic nurture
12514,111.98540194145107,Long Tail / Low Value,1.0,Low latent risk,Low-cost organic nurture
16976,111.98418784196113,Long Tail / Low Value,1.0,Low latent risk,Low-cost organic nurture
16377,111.97156277072652,Long Tail / Low Value,1.0,Low latent risk,Low-cost organic nurture
16216,111.96986345972678,Long Tail / Low Value,1.0,Low latent risk,Low-cost organic nurture
13216,111.92230372467972,Long Tail / Low Value,1.0,Low latent risk,Low-cost organic nurture
14840,111.91793802339068,Long Tail / Low Value,1.0,Low latent risk,Low-cost organic nurture
13185,111.91696791389074,Long Tail / Low Value,1.0,Low latent risk,Low-cost organic nurture
13299,111.58304179320601,Long Tail / Low Value,1.0,Low latent risk,Low-cost organic nurture
13358,111.56785599015141,Long Tail / Low Value,1.0,Low latent risk,Low-cost organic nurture
13675,111.55360038829026,Long Tail / Low Value,0.9544200317098415,Low latent risk,Low-cost organic nurture
16152,111.53773768580342,Long Tail / Low Value,1.0,Low latent risk,Low-cost organic nurture
16297,111.51895211792197,Long Tail / Low Value,1.0,Low latent risk,Low-cost organic nurture
16955,111.39602757817241,Long Tail / Low Value,0.9477386744240452,Low latent risk,Low-cost organic nurture
13121,111.29257989154006,Long Tail / Low Value,1.0,Low latent risk,Low-cost organic nurture
13716,111.24990807032353,Long Tail / Low Value,1.0,Low latent risk,Low-cost organic nurture
16392,111.2264285872092,Long Tail / Low Value,1.0,Low latent risk,Low-cost organic nurture
17542,111.22020100322118,Long Tail / Low Value,1.0,Low latent risk,Low-cost organic nurture
15047,111.20679011829462,Long Tail / Low Value,1.0,Low latent risk,Low-cost organic nurture
15388,110.90685220292859,Long Tail / Low Value,1.0,Low latent risk,Low-cost organic nurture
14962,110.8471066237278,Long Tail / Low Value,1.0,Low latent risk,Low-cost organic nurture
13708,110.56330605633373,Long Tail / Low Value,1.0,Low latent risk,Low-cost organic nurture
15938,110.5329668526467,Long Tail / Low Value,0.9735249959437837,Low latent risk,Low-cost organic nurture
12413,110.36590130141457,Long Tail / Low Value,0.9844075291059203,Low latent risk,Low-cost organic nurture
17454,110.2328486534942,Long Tail / Low Value,0.9350892722207784,Low latent risk,Low-cost organic nurture
13043,109.90127653499206,Long Tail / Low Value,1.0,Low latent risk,Low-cost organic nurture
13226,109.89730120534243,Long Tail / Low Value,1.0,Low latent risk,Low-cost organic nurture
15049,109.86410676270955,Long Tail / Low Value,1.0,Low latent risk,Low-cost organic nurture
15840,109.80904502931155,Long Tail / Low Value,0.9721685736316831,Low latent risk,Low-cost organic nurture
18147,109.79260767638087,Long Tail / Low Value,0.970673583747386,Low latent risk,Low-cost organic nurture
14727,109.5639342244022,Long Tail / Low Value,1.0,Low latent risk,Low-cost organic nurture
14350,109.55672982654028,Long Tail / Low Value,1.0,Low latent risk,Low-cost organic nurture
18086,109.54743523184312,Long Tail / Low Value,1.0,Low latent risk,Low-cost organic nurture
15308,109.54139459256764,Long Tail / Low Value,1.0,Low latent risk,Low-cost organic nurture
16625,109.53721300251236,Long Tail / Low Value,1.0,Low latent risk,Low-cost organic nurture
15012,109.50601790789223,Long Tail / Low Value,0.9790439994113842,Low latent risk,Low-cost organic nurture
14603,109.50400395371862,Long Tail / Low Value,1.0,Low latent risk,Low-cost organic nurture
16471,109.49332561095174,Long Tail / Low Value,1.0,Low latent risk,Low-cost organic nurture
14165,109.20117929807643,Long Tail / Low Value,1.0,Low latent risk,Low-cost organic nurture
17138,109.1907908747335,Long Tail / Low Value,1.0,Low latent risk,Low-cost organic nurture
12881,109.18848260513602,Long Tail / Low Value,1.0,Low latent risk,Low-cost organic nurture
17639,108.90714618975404,Long Tail / Low Value,1.0,Low latent risk,Low-cost organic nurture
12623,108.8860241630234,Long Tail / Low Value,1.0,Low latent risk,Low-cost organic nurture
16917,108.8596331701711,Long Tail / Low Value,1.0,Low latent risk,Low-cost organic nurture
15944,108.84082307143795,Long Tail / Low Value,1.0,Low latent risk,Low-cost organic nurture
14586,108.83417227830557,Long Tail / Low Value,1.0,Low latent risk,Low-cost organic nurture
15234,108.81789273899685,Long Tail / Low Value,1.0,Low latent risk,Low-cost organic nurture
15780,108.64142140450214,Long Tail / Low Value,0.9540454967927451,Low latent risk,Low-cost organic nurture
16517,108.55648503741033,Long Tail / Low Value,1.0,Low latent risk,Low-cost organic nurture
17654,108.54895652117551,Long Tail / Low Value,1.0,Low latent risk,Low-cost organic nurture
14012,108.53732359913705,Long Tail / Low Value,1.0,Low latent risk,Low-cost organic nurture
12614,108.50905004972884,Long Tail / Low Value,1.0,Low latent risk,Low-cost organic nurture
18280,108.50221189191844,Long Tail / Low Value,1.0,Low latent risk,Low-cost organic nurture
15554,108.49036113036793,Long Tail / Low Value,1.0,Low latent risk,Low-cost organic nurture
16034,108.36913517046827,Long Tail / Low Value,0.9372355385386169,Low latent risk,Low-cost organic nurture
16342,108.27612142904259,Long Tail / Low Value,0.9720987689011477,Low latent risk,Low-cost organic nurture
14247,108.24957881703104,Long Tail / Low Value,1.0,Low latent risk,Low-cost organic nurture
17950,107.69270535878154,Long Tail / Low Value,0.9842917829568245,Low latent risk,Low-cost organic nurture
17259,107.65629340574141,Long Tail / Low Value,0.9652454522019079,Low latent risk,Low-cost organic nurture
17535,107.59991914043378,Long Tail / Low Value,1.0,Low latent risk,Low-cost organic nurture
17325,107.57056454867536,Long Tail / Low Value,1.0,Low latent risk,Low-cost organic nurture
13382,107.52891306594377,Long Tail / Low Value,1.0,Low latent risk,Low-cost organic nurture
17508,107.50362444673178,Long Tail / Low Value,1.0,Low latent risk,Low-cost organic nurture
14915,107.48141624286829,Long Tail / Low Value,0.9711048606863537,Low latent risk,Low-cost organic nurture
17468,107.31945209286245,Long Tail / Low Value,0.9778718442517649,Low latent risk,Low-cost organic nurture
12817,107.2932741967062,Long Tail / Low Value,1.0,Low latent risk,Low-cost organic nurture
17789,107.25005602797654,Long Tail / Low Value,1.0,Low latent risk,Low-cost organic nurture
17995,107.24025882150781,Long Tail / Low Value,1.0,Low latent risk,Low-cost organic nurture
16159,107.23959089546005,Long Tail / Low Value,1.0,Low latent risk,Low-cost organic nurture
15087,107.21443841645724,Long Tail / Low Value,1.0,Low latent risk,Low-cost organic nurture
14483,107.2126581580318,Long Tail / Low Value,1.0,Low latent risk,Low-cost organic nurture
14620,107.17448324398106,Long Tail / Low Value,0.9194566298379305,Low latent risk,Low-cost organic nurture
17923,106.95713931079192,Long Tail / Low Value,1.0,Low latent risk,Low-cost organic nurture
12873,106.95337450131754,Long Tail / Low Value,1.0,Low latent risk,Low-cost organic nurture
12834,106.88498979979926,Long Tail / Low Value,1.0,Low latent risk,Low-cost organic nurture
15733,106.87525929769177,Long Tail / Low Value,1.0,Low latent risk,Low-cost organic nurture
16441,106.78832769889283,Long Tail / Low Value,0.9758639516971314,Low latent risk,Low-cost organic nurture
13166,106.6393965371036,Long Tail / Low Value,1.0,Low latent risk,Low-cost organic nurture
12866,106.62508865477953,Long Tail / Low Value,1.0,Low latent risk,Low-cost organic nurture
15257,106.60902438742716,Long Tail / Low Value,1.0,Low latent risk,Low-cost organic nurture
15319,106.60682418051063,Long Tail / Low Value,1.0,Low latent risk,Low-cost organic nurture
15709,106.57822976799748,Long Tail / Low Value,1.0,Low latent risk,Low-cost organic nurture
16078,106.5670161566317,Long Tail / Low Value,1.0,Low latent risk,Low-cost organic nurture
13718,106.56563083493081,Long Tail / Low Value,0.8737298708428303,Low latent risk,Low-cost organic nurture
17165,106.34148794511549,Long Tail / Low Value,1.0,Low latent risk,Low-cost organic nurture
17100,106.33766451568358,Long Tail / Low Value,0.9722053942720259,Low latent risk,Low-cost organic nurture
14046,106.31719335661245,Long Tail / Low Value,1.0,Low latent risk,Low-cost organic nurture
12509,106.31653690045923,Long Tail / Low Value,1.0,Low latent risk,Low-cost organic nurture
16339,106.30253443701514,Long Tail / Low Value,1.0,Low latent risk,Low-cost organic nurture
13529,106.29925974182228,Long Tail / Low Value,0.969035758378987,Low latent risk,Low-cost organic nurture
13760,106.27052581314393,Long Tail / Low Value,0.9768386566812757,Low latent risk,Low-cost organic nurture
14036,106.24678004539163,Long Tail / Low Value,1.0,Low latent risk,Low-cost organic nurture
13479,106.21741256610785,Long Tail / Low Value,0.8793101488693967,Low latent risk,Low-cost organic nurture
16861,106.19530420189736,Long Tail / Low Value,0.9706885866023428,Low latent risk,Low-cost organic nurture
14491,106.17826294394428,Long Tail / Low Value,0.9591089754529336,Low latent risk,Low-cost organic nurture
16593,106.0279236448549,Long Tail / Low Value,0.986186429782719,Low latent risk,Low-cost organic nurture
16598,105.96258086171541,Long Tail / Low Value,1.0,Low latent risk,Low-cost organic nurture
13684,105.94323934990948,Long Tail / Low Value,1.0,Low latent risk,Low-cost organic nurture
17235,105.8851167334159,Long Tail / Low Value,0.9814736554918685,Low latent risk,Low-cost organic nurture
15224,105.69345622120647,Long Tail / Low Value,0.6451153909524947,High latent risk,No paid retention; passive/organic communication only
14896,105.68412098829315,Long Tail / Low Value,0.9484308718152891,Low latent risk,Low-cost organic nurture
16208,105.50349793999702,Long Tail / Low Value,0.978858607831641,Low latent risk,Low-cost organic nurture
13453,105.45228036419809,Long Tail / Low Value,0.9492494977954443,Low latent risk,Low-cost organic nurture
13973,105.38733138651583,Long Tail / Low Value,1.0,Low latent risk,Low-cost organic nurture
12361,105.36798474774872,Long Tail / Low Value,1.0,Low latent risk,Low-cost organic nurture
13753,105.35444633421051,Long Tail / Low Value,1.0,Low latent risk,Low-cost organic nurture
13345,105.30569395747332,Long Tail / Low Value,1.0,Low latent risk,Low-cost organic nurture
12967,105.24154008108023,Long Tail / Low Value,0.6963045874952036,High latent risk,No paid retention; passive/organic communication only
13501,105.12525326735255,Long Tail / Low Value,1.0,Low latent risk,Low-cost organic nurture
13751,105.08611826953795,Long Tail / Low Value,1.0,Low latent risk,Low-cost organic nurture
15543,105.07970548089561,Long Tail / Low Value,1.0,Low latent risk,Low-cost organic nurture
16072,105.06816443705723,Long Tail / Low Value,1.0,Low latent risk,Low-cost organic nurture
18056,105.06709595035503,Long Tail / Low Value,1.0,Low latent risk,Low-cost organic nurture
12945,105.06453167109565,Long Tail / Low Value,1.0,Low latent risk,Low-cost organic nurture
17117,105.0600444841157,Long Tail / Low Value,1.0,Low latent risk,Low-cost organic nurture
12565,105.01732860502335,Long Tail / Low Value,1.0,Low latent risk,Low-cost organic nurture
14495,104.86456221063179,Long Tail / Low Value,0.9701472225263748,Low latent risk,Low-cost organic nurture
17171,104.78790053246327,Long Tail / Low Value,1.0,Low latent risk,Low-cost organic nurture
18068,104.76516167459306,Long Tail / Low Value,1.0,Low latent risk,Low-cost organic nurture
15397,104.69615563027932,Long Tail / Low Value,1.0,Low latent risk,Low-cost organic nurture
17499,104.69382163440814,Long Tail / Low Value,1.0,Low latent risk,Low-cost organic nurture
13787,104.58981879422825,Long Tail / Low Value,0.9765840735089286,Low latent risk,Low-cost organic nurture
17711,104.55394113184144,Long Tail / Low Value,0.9824083941506145,Low latent risk,Low-cost organic nurture
14470,104.52504088084146,Long Tail / Low Value,0.9823074081340919,Low latent risk,Low-cost organic nurture
14512,104.46761181867022,Long Tail / Low Value,0.9007914299761374,Low latent risk,Low-cost organic nurture
15303,104.44933087859974,Long Tail / Low Value,1.0,Low latent risk,Low-cost organic nurture
18114,104.4410953112645,Long Tail / Low Value,1.0,Low latent risk,Low-cost organic nurture
16913,104.43602791648033,Long Tail / Low Value,1.0,Low latent risk,Low-cost organic nurture
16349,104.43264992696234,Long Tail / Low Value,1.0,Low latent risk,Low-cost organic nurture
13068,104.34871690743832,Long Tail / Low Value,0.982493457271607,Low latent risk,Low-cost organic nurture
13145,104.3109909102664,Long Tail / Low Value,0.9906136044304649,Low latent risk,Low-cost organic nurture
13044,104.16311822856402,Long Tail / Low Value,1.0,Low latent risk,Low-cost organic nurture
12707,104.07875580386772,Long Tail / Low Value,1.0,Low latent risk,Low-cost organic nurture
17375,103.95766817877434,Long Tail / Low Value,0.9457404972927057,Low latent risk,Low-cost organic nurture
12988,103.85132553728263,Long Tail / Low Value,1.0,Low latent risk,Low-cost organic nurture
14496,103.71825516172223,Long Tail / Low Value,0.8570054241043189,Low latent risk,Low-cost organic nurture
14053,103.698788723534,Long Tail / Low Value,0.9265611581811419,Low latent risk,Low-cost organic nurture
14501,103.59748167855093,Long Tail / Low Value,0.9477607511818393,Low latent risk,Low-cost organic nurture
17155,103.3625930294721,Long Tail / Low Value,0.9809354758185364,Low latent risk,Low-cost organic nurture
15198,103.34036419342203,Long Tail / Low Value,0.9419665701959021,Low latent risk,Low-cost organic nurture
16765,103.26798451649094,Long Tail / Low Value,1.0,Low latent risk,Low-cost organic nurture
13932,103.22279692903966,Long Tail / Low Value,1.0,Low latent risk,Low-cost organic nurture
12852,103.18259473538278,Long Tail / Low Value,1.0,Low latent risk,Low-cost organic nurture
15121,103.17512473481862,Long Tail / Low Value,0.9781148507961458,Low latent risk,Low-cost organic nurture
16885,103.16065487057347,Long Tail / Low Value,0.9895728077500545,Low latent risk,Low-cost organic nurture
14371,102.98266927073647,Long Tail / Low Value,1.0,Low latent risk,Low-cost organic nurture
18138,102.96132402328182,Long Tail / Low Value,1.0,Low latent risk,Low-cost organic nurture
13151,102.93219386106068,Long Tail / Low Value,1.0,Low latent risk,Low-cost organic nurture
16148,102.65648265942227,Long Tail / Low Value,1.0,Low latent risk,Low-cost organic nurture
16494,102.64179786576764,Long Tail / Low Value,1.0,Low latent risk,Low-cost organic nurture
15670,102.61753638947621,Long Tail / Low Value,1.0,Low latent risk,Low-cost organic nurture
14386,102.60428917396261,Long Tail / Low Value,1.0,Low latent risk,Low-cost organic nurture
16509,102.60021379694635,Long Tail / Low Value,1.0,Low latent risk,Low-cost organic nurture
17964,102.4774032822253,Long Tail / Low Value,0.9809744777570978,Low latent risk,Low-cost organic nurture
14760,102.39320461885394,Long Tail / Low Value,1.0,Low latent risk,Low-cost organic nurture
16073,102.38387032859049,Long Tail / Low Value,1.0,Low latent risk,Low-cost organic nurture
14935,102.37230629032156,Long Tail / Low Value,1.0,Low latent risk,Low-cost organic nurture
13893,102.33296758737626,Long Tail / Low Value,1.0,Low latent risk,Low-cost organic nurture
16738,102.31189126581864,Long Tail / Low Value,1.0,Low latent risk,Low-cost organic nurture
17829,102.05723277450087,Long Tail / Low Value,1.0,Low latent risk,Low-cost organic nurture
12593,102.0484765554461,Long Tail / Low Value,0.9628996261231461,Low latent risk,Low-cost organic nurture
15236,102.03425487837468,Long Tail / Low Value,1.0,Low latent risk,Low-cost organic nurture
16084,101.80765269993236,Long Tail / Low Value,1.0,Low latent risk,Low-cost organic nurture
13473,101.65034966641637,Long Tail / Low Value,0.977698223940192,Low latent risk,Low-cost organic nurture
17772,101.52545320156457,Long Tail / Low Value,0.9772910406714309,Low latent risk,Low-cost organic nurture
15574,101.22174314299673,Long Tail / Low Value,0.9525281882189637,Low latent risk,Low-cost organic nurture
18159,101.21350156532557,Long Tail / Low Value,1.0,Low latent risk,Low-cost organic nurture
14784,101.02456144105712,Long Tail / Low Value,0.9811149598116939,Low latent risk,Low-cost organic nurture
16425,100.92957092242897,Long Tail / Low Value,1.0,Low latent risk,Low-cost organic nurture
12561,100.89586653235808,Long Tail / Low Value,1.0,Low latent risk,Low-cost organic nurture
14431,100.88424276406724,Long Tail / Low Value,1.0,Low latent risk,Low-cost organic nurture
13706,100.86868293596403,Long Tail / Low Value,1.0,Low latent risk,Low-cost organic nurture
16778,100.862544960869,Long Tail / Low Value,0.9741470708880126,Low latent risk,Low-cost organic nurture
17913,100.79944119205571,Long Tail / Low Value,0.9782960004164037,Low latent risk,Low-cost organic nurture
17843,100.65880070495074,Long Tail / Low Value,1.0,Low latent risk,Low-cost organic nurture
12401,100.63860550421498,Long Tail / Low Value,1.0,Low latent risk,Low-cost organic nurture
15970,100.61861437162173,Long Tail / Low Value,1.0,Low latent risk,Low-cost organic nurture
15843,100.59726009045231,Long Tail / Low Value,1.0,Low latent risk,Low-cost organic nurture
17881,100.39728492599303,Long Tail / Low Value,1.0,Low latent risk,Low-cost organic nurture
15753,100.34366391244295,Long Tail / Low Value,1.0,Low latent risk,Low-cost organic nurture
17859,100.3185305475242,Long Tail / Low Value,1.0,Low latent risk,Low-cost organic nurture
14157,100.14847833556227,Long Tail / Low Value,0.9815428666500612,Low latent risk,Low-cost organic nurture
14048,100.08940633922889,Long Tail / Low Value,1.0,Low latent risk,Low-cost organic nurture
13809,100.07040842624771,Long Tail / Low Value,1.0,Low latent risk,Low-cost organic nurture
14600,100.03030391809021,Long Tail / Low Value,1.0,Low latent risk,Low-cost organic nurture
12956,99.82544143185248,Long Tail / Low Value,1.0,Low latent risk,Low-cost organic nurture
14438,99.81155672649568,Long Tail / Low Value,1.0,Low latent risk,Low-cost organic nurture
13584,99.78707507800856,Long Tail / Low Value,1.0,Low latent risk,Low-cost organic nurture
15589,99.78145548984398,Long Tail / Low Value,0.787839589314572,Low latent risk,Low-cost organic nurture
15433,99.65167675084147,Long Tail / Low Value,0.8967019100797212,Low latent risk,Low-cost organic nurture
15424,99.32747859533383,Long Tail / Low Value,0.7282807132628019,Low latent risk,Low-cost organic nurture
15090,99.24921831057706,Long Tail / Low Value,1.0,Low latent risk,Low-cost organic nurture
17291,99.23797147229129,Long Tail / Low Value,1.0,Low latent risk,Low-cost organic nurture
17226,99.2242499758347,Long Tail / Low Value,1.0,Low latent risk,Low-cost organic nurture
17517,99.22348778192466,Long Tail / Low Value,1.0,Low latent risk,Low-cost organic nurture
14497,99.00920585866747,Long Tail / Low Value,1.0,Low latent risk,Low-cost organic nurture
13581,98.98265170624379,Long Tail / Low Value,1.0,Low latent risk,Low-cost organic nurture
13800,98.95724894931388,Long Tail / Low Value,1.0,Low latent risk,Low-cost organic nurture
16030,98.946068294257,Long Tail / Low Value,1.0,Low latent risk,Low-cost organic nurture
12350,98.72543766344205,Long Tail / Low Value,1.0,Low latent risk,Low-cost organic nurture
18250,98.69432260395888,Long Tail / Low Value,1.0,Low latent risk,Low-cost organic nurture
15226,98.676416783242,Long Tail / Low Value,1.0,Low latent risk,Low-cost organic nurture
14411,98.66793735008314,Long Tail / Low Value,1.0,Low latent risk,Low-cost organic nurture
14457,98.65343148327845,Long Tail / Low Value,1.0,Low latent risk,Low-cost organic nurture
15940,98.45773820118178,Long Tail / Low Value,1.0,Low latent risk,Low-cost organic nurture
14656,98.43528919732853,Long Tail / Low Value,0.9457819877568706,Low latent risk,Low-cost organic nurture
14549,98.42941690201044,Long Tail / Low Value,1.0,Low latent risk,Low-cost organic nurture
12373,98.42247973529001,Long Tail / Low Value,1.0,Low latent risk,Low-cost organic nurture
12929,98.41085748933715,Long Tail / Low Value,1.0,Low latent risk,Low-cost organic nurture
13494,98.40898319103036,Long Tail / Low Value,1.0,Low latent risk,Low-cost organic nurture
14850,98.40204890908164,Long Tail / Low Value,1.0,Low latent risk,Low-cost organic nurture
17356,98.39942538198635,Long Tail / Low Value,1.0,Low latent risk,Low-cost organic nurture
13600,98.17880205101108,Long Tail / Low Value,1.0,Low latent risk,Low-cost organic nurture
15508,98.16804445611075,Long Tail / Low Value,0.3315793080035327,High latent risk,No paid retention; passive/organic communication only
17619,98.16593185971098,Long Tail / Low Value,1.0,Low latent risk,Low-cost organic nurture
16403,98.1586588987739,Long Tail / Low Value,1.0,Low latent risk,Low-cost organic nurture
17999,98.12950615611376,Long Tail / Low Value,0.9804445684687842,Low latent risk,Low-cost organic nurture
15448,98.12566440806219,Long Tail / Low Value,1.0,Low latent risk,Low-cost organic nurture
17239,98.11429857291984,Long Tail / Low Value,1.0,Low latent risk,Low-cost organic nurture
17431,97.90144457501505,Long Tail / Low Value,1.0,Low latent risk,Low-cost organic nurture
15415,97.89717838292803,Long Tail / Low Value,1.0,Low latent risk,Low-cost organic nurture
13161,97.89532363296803,Long Tail / Low Value,1.0,Low latent risk,Low-cost organic nurture
17928,97.68671413970978,Long Tail / Low Value,0.9779292397956169,Low latent risk,Low-cost organic nurture
16475,97.63598853243498,Long Tail / Low Value,0.9789685595600445,Low latent risk,Low-cost organic nurture
12574,97.3121777856885,Long Tail / Low Value,1.0,Low latent risk,Low-cost organic nurture
16321,97.297162134988,Long Tail / Low Value,0.9863078598181397,Low latent risk,Low-cost organic nurture
13328,97.11501934550682,Long Tail / Low Value,1.0,Low latent risk,Low-cost organic nurture
12764,97.05974681929831,Long Tail / Low Value,1.0,Low latent risk,Low-cost organic nurture
13173,96.95927031901536,Long Tail / Low Value,0.9830137997850501,Low latent risk,Low-cost organic nurture
17604,96.91448600938418,Long Tail / Low Value,0.9244161030477878,Low latent risk,Low-cost organic nurture
13140,96.85593281633449,Long Tail / Low Value,0.9789380558817324,Low latent risk,Low-cost organic nurture
16124,96.84618241235422,Long Tail / Low Value,1.0,Low latent risk,Low-cost organic nurture
12591,96.844367338176,Long Tail / Low Value,1.0,Low latent risk,Low-cost organic nurture
17118,96.81968909346892,Long Tail / Low Value,1.0,Low latent risk,Low-cost organic nurture
18282,96.7981250383896,Long Tail / Low Value,0.9820875885030513,Low latent risk,Low-cost organic nurture
13002,96.59146948412118,Long Tail / Low Value,1.0,Low latent risk,Low-cost organic nurture
14248,96.5855115134555,Long Tail / Low Value,1.0,Low latent risk,Low-cost organic nurture
16222,96.57341729205824,Long Tail / Low Value,1.0,Low latent risk,Low-cost organic nurture
13703,96.56836388940326,Long Tail / Low Value,1.0,Low latent risk,Low-cost organic nurture
16757,96.55555227848794,Long Tail / Low Value,1.0,Low latent risk,Low-cost organic nurture
15577,96.52400731561575,Long Tail / Low Value,0.9590262127048742,Low latent risk,Low-cost organic nurture
13615,96.51623648898776,Long Tail / Low Value,1.0,Low latent risk,Low-cost organic nurture
15222,96.5129916644319,Long Tail / Low Value,1.0,Low latent risk,Low-cost organic nurture
14130,96.34060966214342,Long Tail / Low Value,1.0,Low latent risk,Low-cost organic nurture
15052,96.33827469085537,Long Tail / Low Value,1.0,Low latent risk,Low-cost organic nurture
13551,96.32642196989477,Long Tail / Low Value,1.0,Low latent risk,Low-cost organic nurture
14473,96.31613556848271,Long Tail / Low Value,0.9744636148471907,Low latent risk,Low-cost organic nurture
15820,96.29662349093624,Long Tail / Low Value,1.0,Low latent risk,Low-cost organic nurture
14439,96.2928551196392,Long Tail / Low Value,1.0,Low latent risk,Low-cost organic nurture
14782,96.28801050489903,Long Tail / Low Value,1.0,Low latent risk,Low-cost organic nurture
14368,96.27365895717742,Long Tail / Low Value,1.0,Low latent risk,Low-cost organic nurture
17341,96.17807411895156,Long Tail / Low Value,0.9670147398954869,Low latent risk,Low-cost organic nurture
14068,96.08211813606637,Long Tail / Low Value,1.0,Low latent risk,Low-cost organic nurture
17830,96.06772635593605,Long Tail / Low Value,0.9904961851185577,Low latent risk,Low-cost organic nurture
15167,96.04622224530209,Long Tail / Low Value,1.0,Low latent risk,Low-cost organic nurture
17714,96.02319873454972,Long Tail / Low Value,1.0,Low latent risk,Low-cost organic nurture
16010,95.99400122468187,Long Tail / Low Value,0.9004357367766662,Low latent risk,Low-cost organic nurture
14114,95.85081688326183,Long Tail / Low Value,0.869796626256772,Low latent risk,Low-cost organic nurture
17615,95.7083345359175,Long Tail / Low Value,0.9474407359710413,Low latent risk,Low-cost organic nurture
17094,95.53977317725699,Long Tail / Low Value,1.0,Low latent risk,Low-cost organic nurture
16387,95.52299543172664,Long Tail / Low Value,1.0,Low latent risk,Low-cost organic nurture
16038,95.52139073258098,Long Tail / Low Value,0.9898276062246526,Low latent risk,Low-cost organic nurture
15174,95.49686922729472,Long Tail / Low Value,1.0,Low latent risk,Low-cost organic nurture
16951,95.35814600295967,Long Tail / Low Value,0.9665125696916058,Low latent risk,Low-cost organic nurture
13008,95.29926900573702,Long Tail / Low Value,1.0,Low latent risk,Low-cost organic nurture
12402,95.29311817892993,Long Tail / Low Value,1.0,Low latent risk,Low-cost organic nurture
17862,95.2780080960546,Long Tail / Low Value,1.0,Low latent risk,Low-cost organic nurture
15262,95.27677841682096,Long Tail / Low Value,1.0,Low latent risk,Low-cost organic nurture
17786,95.24117564009511,Long Tail / Low Value,0.9739577437558138,Low latent risk,Low-cost organic nurture
14090,95.00963982031448,Long Tail / Low Value,1.0,Low latent risk,Low-cost organic nurture
12665,94.98571457369846,Long Tail / Low Value,1.0,Low latent risk,Low-cost organic nurture
15395,94.7777080377969,Long Tail / Low Value,1.0,Low latent risk,Low-cost organic nurture
13898,94.75476834256092,Long Tail / Low Value,1.0,Low latent risk,Low-cost organic nurture
12346,94.75007750231755,Long Tail / Low Value,1.0,Low latent risk,Low-cost organic nurture
18233,94.7367024755922,Long Tail / Low Value,1.0,Low latent risk,Low-cost organic nurture
13859,94.56507415977435,Long Tail / Low Value,1.0,Low latent risk,Low-cost organic nurture
18212,94.56507415977435,Long Tail / Low Value,1.0,Low latent risk,Low-cost organic nurture
14238,94.5488105103321,Long Tail / Low Value,1.0,Low latent risk,Low-cost organic nurture
16484,94.54689044410915,Long Tail / Low Value,0.868850929009521,Low latent risk,Low-cost organic nurture
15316,94.5166457538712,Long Tail / Low Value,1.0,Low latent risk,Low-cost organic nurture
14984,94.49593101472497,Long Tail / Low Value,0.980676169558943,Low latent risk,Low-cost organic nurture
15713,94.44981482465171,Long Tail / Low Value,0.9661273999174407,Low latent risk,Low-cost organic nurture
17035,94.3696769124193,Long Tail / Low Value,0.8934062429578478,Low latent risk,Low-cost organic nurture
17339,94.36094548070719,Long Tail / Low Value,0.9742456153340132,Low latent risk,Low-cost organic nurture
16668,94.30973764818297,Long Tail / Low Value,0.9947169250258083,Low latent risk,Low-cost organic nurture
12872,94.09113443800213,Long Tail / Low Value,0.8071025691710397,Low latent risk,Low-cost organic nurture
14104,94.00430810501764,Long Tail / Low Value,0.8720120299375538,Low latent risk,Low-cost organic nurture
18071,93.96721338162222,Long Tail / Low Value,0.918100127293549,Low latent risk,Low-cost organic nurture
18106,93.78405050759018,Long Tail / Low Value,1.0,Low latent risk,Low-cost organic nurture
13385,93.75835793879018,Long Tail / Low Value,1.0,Low latent risk,Low-cost organic nurture
12672,93.75291496652763,Long Tail / Low Value,1.0,Low latent risk,Low-cost organic nurture
15510,93.53740689010372,Long Tail / Low Value,1.0,Low latent risk,Low-cost organic nurture
16315,93.53520603277796,Long Tail / Low Value,1.0,Low latent risk,Low-cost organic nurture
15447,93.52995825313792,Long Tail / Low Value,1.0,Low latent risk,Low-cost organic nurture
13284,93.50914222914582,Long Tail / Low Value,1.0,Low latent risk,Low-cost organic nurture
13420,93.43610226693595,Long Tail / Low Value,0.8942574298816806,Low latent risk,Low-cost organic nurture
15171,93.32895614027133,Long Tail / Low Value,1.0,Low latent risk,Low-cost organic nurture
12652,93.32288888796249,Long Tail / Low Value,1.0,Low latent risk,Low-cost organic nurture
14185,93.31143067797753,Long Tail / Low Value,1.0,Low latent risk,Low-cost organic nurture
14270,93.26781417495013,Long Tail / Low Value,1.0,Low latent risk,Low-cost organic nurture
17569,93.07330139705756,Long Tail / Low Value,1.0,Low latent risk,Low-cost organic nurture
15346,93.04364174321807,Long Tail / Low Value,1.0,Low latent risk,Low-cost organic nurture
13144,93.04313920039199,Long Tail / Low Value,1.0,Low latent risk,Low-cost organic nurture
16351,93.03493177050665,Long Tail / Low Value,1.0,Low latent risk,Low-cost organic nurture
12736,93.00998339137948,Long Tail / Low Value,1.0,Low latent risk,Low-cost organic nurture
12504,92.87658875036732,Long Tail / Low Value,0.9744844843827627,Low latent risk,Low-cost organic nurture
15326,92.80637772969615,Long Tail / Low Value,1.0,Low latent risk,Low-cost organic nurture
16850,92.80154482498216,Long Tail / Low Value,1.0,Low latent risk,Low-cost organic nurture
18032,92.6058201117814,Long Tail / Low Value,1.0,Low latent risk,Low-cost organic nurture
12651,92.57828229255128,Long Tail / Low Value,1.0,Low latent risk,Low-cost organic nurture
17128,92.57098586153192,Long Tail / Low Value,1.0,Low latent risk,Low-cost organic nurture
15646,92.1324485272483,Long Tail / Low Value,0.9673636075836957,Low latent risk,Low-cost organic nurture
14889,92.12823566421235,Long Tail / Low Value,1.0,Low latent risk,Low-cost organic nurture
12489,92.10754732980591,Long Tail / Low Value,1.0,Low latent risk,Low-cost organic nurture
15607,92.10278704640008,Long Tail / Low Value,1.0,Low latent risk,Low-cost organic nurture
12501,92.10016089409082,Long Tail / Low Value,1.0,Low latent risk,Low-cost organic nurture
13187,91.92798343039858,Long Tail / Low Value,1.0,Low latent risk,Low-cost organic nurture
15048,91.7183269683016,Long Tail / Low Value,0.9877830644389775,Low latent risk,Low-cost organic nurture
15464,91.66368760733691,Long Tail / Low Value,1.0,Low latent risk,Low-cost organic nurture
15266,91.6415826888799,Long Tail / Low Value,1.0,Low latent risk,Low-cost organic nurture
16282,91.38911107766745,Long Tail / Low Value,1.0,Low latent risk,Low-cost organic nurture
13497,91.21772835038718,Long Tail / Low Value,0.8952651342421974,Low latent risk,Low-cost organic nurture
15535,91.15157646515712,Long Tail / Low Value,0.9394692840219037,Low latent risk,Low-cost organic nurture
13092,90.93530604513047,Long Tail / Low Value,0.9878805850996998,Low latent risk,Low-cost organic nurture
15349,90.36826813083856,Long Tail / Low Value,0.8996944814031363,Low latent risk,Low-cost organic nurture
13978,89.95927451078931,Long Tail / Low Value,0.9781288937793805,Low latent risk,Low-cost organic nurture
14891,89.79151052743072,Long Tail / Low Value,0.9169342375141817,Low latent risk,Low-cost organic nurture
18095,89.56679281504857,Long Tail / Low Value,0.7625318061759648,Low latent risk,Low-cost organic nurture
18043,89.48233219639424,Long Tail / Low Value,0.9889393079753698,Low latent risk,Low-cost organic nurture
17362,89.21904295855371,Long Tail / Low Value,0.8999251837826253,Low latent risk,Low-cost organic nurture
13531,89.1784066808391,Long Tail / Low Value,0.9483162548368289,Low latent risk,Low-cost organic nurture
14517,88.97401551439393,Long Tail / Low Value,0.9770175637113148,Low latent risk,Low-cost organic nurture
13304,88.70588736772633,Long Tail / Low Value,1.0,Low latent risk,Low-cost organic nurture
13922,88.6698217931167,Long Tail / Low Value,1.0,Low latent risk,Low-cost organic nurture
15562,88.66328139767995,Long Tail / Low Value,1.0,Low latent risk,Low-cost organic nurture
14761,88.621137492863,Long Tail / Low Value,0.9779649423898007,Low latent risk,Low-cost organic nurture
13255,88.59709177938993,Long Tail / Low Value,0.9826622682677667,Low latent risk,Low-cost organic nurture
12734,88.47084921913894,Long Tail / Low Value,1.0,Low latent risk,Low-cost organic nurture
16506,88.43440476832858,Long Tail / Low Value,0.9751123240293186,Low latent risk,Low-cost organic nurture
13606,88.35271838026517,Long Tail / Low Value,0.9882134659419549,Low latent risk,Low-cost organic nurture
12527,88.34465151642227,Long Tail / Low Value,0.9818986283834491,Low latent risk,Low-cost organic nurture
12515,88.2798548780712,Long Tail / Low Value,1.0,Low latent risk,Low-cost organic nurture
16270,88.26824662247023,Long Tail / Low Value,1.0,Low latent risk,Low-cost organic nurture
12763,88.16763475550846,Long Tail / Low Value,0.9673294551656095,Low latent risk,Low-cost organic nurture
15460,88.06702137137215,Long Tail / Low Value,1.0,Low latent risk,Low-cost organic nurture
15279,88.01903183048829,Long Tail / Low Value,1.0,Low latent risk,Low-cost organic nurture
14985,88.0092085015556,Long Tail / Low Value,0.9494608047171617,Low latent risk,Low-cost organic nurture
17616,87.91655804471154,Long Tail / Low Value,0.9607836765749702,Low latent risk,Low-cost organic nurture
17343,87.84237289470417,Long Tail / Low Value,1.0,Low latent risk,Low-cost organic nurture
15912,87.80086435470622,Long Tail / Low Value,0.9147959754929131,Low latent risk,Low-cost organic nurture
13837,87.79280818866155,Long Tail / Low Value,0.9312317610775694,Low latent risk,Low-cost organic nurture
17384,87.76772774984047,Long Tail / Low Value,0.9810958476911859,Low latent risk,Low-cost organic nurture
17391,87.72454212499541,Long Tail / Low Value,0.8346133061242267,Low latent risk,Low-cost organic nurture
13033,87.40802940187567,Long Tail / Low Value,1.0,Low latent risk,Low-cost organic nurture
15160,87.40684694820615,Long Tail / Low Value,1.0,Low latent risk,Low-cost organic nurture
15204,87.40300419504537,Long Tail / Low Value,1.0,Low latent risk,Low-cost organic nurture
12551,87.38143194167574,Long Tail / Low Value,1.0,Low latent risk,Low-cost organic nurture
13874,87.23057704682502,Long Tail / Low Value,1.0,Low latent risk,Low-cost organic nurture
18176,87.2077657383798,Long Tail / Low Value,1.0,Low latent risk,Low-cost organic nurture
14373,87.207030088648,Long Tail / Low Value,1.0,Low latent risk,Low-cost organic nurture
15789,87.19746777310615,Long Tail / Low Value,1.0,Low latent risk,Low-cost organic nurture
17496,87.14513293356019,Long Tail / Low Value,1.0,Low latent risk,Low-cost organic nurture
17708,87.03033096734862,Long Tail / Low Value,0.9470373257716261,Low latent risk,Low-cost organic nurture
17752,87.00138955496281,Long Tail / Low Value,1.0,Low latent risk,Low-cost organic nurture
18050,86.98469921531697,Long Tail / Low Value,1.0,Low latent risk,Low-cost organic nurture
17551,86.98279633832429,Long Tail / Low Value,1.0,Low latent risk,Low-cost organic nurture
17525,86.96421107885662,Long Tail / Low Value,1.0,Low latent risk,Low-cost organic nurture
13295,86.95777394635783,Long Tail / Low Value,1.0,Low latent risk,Low-cost organic nurture
18040,86.76901894680395,Long Tail / Low Value,0.9813008955213337,Low latent risk,Low-cost organic nurture
16716,86.76284552289528,Long Tail / Low Value,0.8558802594779751,Low latent risk,Low-cost organic nurture
16812,86.75840388161834,Long Tail / Low Value,1.0,Low latent risk,Low-cost organic nurture
16202,86.74209789064781,Long Tail / Low Value,1.0,Low latent risk,Low-cost organic nurture
13948,86.73845899848546,Long Tail / Low Value,1.0,Low latent risk,Low-cost organic nurture
18078,86.64770203196244,Long Tail / Low Value,0.8805326421851041,Low latent risk,Low-cost organic nurture
17524,86.56618056758971,Long Tail / Low Value,1.0,Low latent risk,Low-cost organic nurture
17303,86.55748317531295,Long Tail / Low Value,1.0,Low latent risk,Low-cost organic nurture
15361,86.52560770562268,Long Tail / Low Value,1.0,Low latent risk,Low-cost organic nurture
15454,86.35633812133443,Long Tail / Low Value,1.0,Low latent risk,Low-cost organic nurture
16997,86.35557780508863,Long Tail / Low Value,0.6684694635530863,High latent risk,No paid retention; passive/organic communication only
16665,86.35374137350558,Long Tail / Low Value,1.0,Low latent risk,Low-cost organic nurture
18004,86.35143328450604,Long Tail / Low Value,1.0,Low latent risk,Low-cost organic nurture
14413,86.349990791627,Long Tail / Low Value,1.0,Low latent risk,Low-cost organic nurture
17251,86.3282150143711,Long Tail / Low Value,1.0,Low latent risk,Low-cost organic nurture
15503,86.32691746767495,Long Tail / Low Value,1.0,Low latent risk,Low-cost organic nurture
13963,86.1609452202225,Long Tail / Low Value,0.5122624157278342,High latent risk,No paid retention; passive/organic communication only
16565,85.95141247608491,Long Tail / Low Value,1.0,Low latent risk,Low-cost organic nurture
16727,85.93812331066853,Long Tail / Low Value,1.0,Low latent risk,Low-cost organic nurture
12785,85.93812331066853,Long Tail / Low Value,1.0,Low latent risk,Low-cost organic nurture
15723,85.91584104622537,Long Tail / Low Value,1.0,Low latent risk,Low-cost organic nurture
14082,85.91441309059225,Long Tail / Low Value,1.0,Low latent risk,Low-cost organic nurture
17880,85.90855896944332,Long Tail / Low Value,1.0,Low latent risk,Low-cost organic nurture
17456,85.74638965007946,Long Tail / Low Value,1.0,Low latent risk,Low-cost organic nurture
16795,85.73572339878483,Long Tail / Low Value,1.0,Low latent risk,Low-cost organic nurture
17978,85.73529680400782,Long Tail / Low Value,1.0,Low latent risk,Low-cost organic nurture
15945,85.72804534320031,Long Tail / Low Value,1.0,Low latent risk,Low-cost organic nurture
16065,85.72648146368186,Long Tail / Low Value,1.0,Low latent risk,Low-cost organic nurture
14355,85.71980007661578,Long Tail / Low Value,1.0,Low latent risk,Low-cost organic nurture
14932,85.71582017154529,Long Tail / Low Value,1.0,Low latent risk,Low-cost organic nurture
13369,85.71326185657365,Long Tail / Low Value,1.0,Low latent risk,Low-cost organic nurture
12797,85.70828779301254,Long Tail / Low Value,1.0,Low latent risk,Low-cost organic nurture
14437,85.6957841298803,Long Tail / Low Value,1.0,Low latent risk,Low-cost organic nurture
15347,85.54234399778159,Long Tail / Low Value,1.0,Low latent risk,Low-cost organic nurture
13270,85.53781440440713,Long Tail / Low Value,1.0,Low latent risk,Low-cost organic nurture
18269,85.52932271150108,Long Tail / Low Value,1.0,Low latent risk,Low-cost organic nurture
16679,85.52903968414955,Long Tail / Low Value,1.0,Low latent risk,Low-cost organic nurture
15221,85.5229550497799,Long Tail / Low Value,1.0,Low latent risk,Low-cost organic nurture
16893,85.51418338213031,Long Tail / Low Value,1.0,Low latent risk,Low-cost organic nurture
15973,85.51078838162405,Long Tail / Low Value,1.0,Low latent risk,Low-cost organic nurture
12441,85.50272633726371,Long Tail / Low Value,1.0,Low latent risk,Low-cost organic nurture
14331,85.49473662426583,Long Tail / Low Value,0.8980122923599877,Low latent risk,Low-cost organic nurture
14821,85.48547584883968,Long Tail / Low Value,1.0,Low latent risk,Low-cost organic nurture
13807,85.3422272306654,Long Tail / Low Value,1.0,Low latent risk,Low-cost organic nurture
16125,85.3422272306654,Long Tail / Low Value,1.0,Low latent risk,Low-cost organic nurture
15180,85.3350422012893,Long Tail / Low Value,1.0,Low latent risk,Low-cost organic nurture
13786,85.32602740782994,Long Tail / Low Value,1.0,Low latent risk,Low-cost organic nurture
18119,85.3099745307803,Long Tail / Low Value,1.0,Low latent risk,Low-cost organic nurture
17917,85.20335887878167,Long Tail / Low Value,0.9871395138545439,Low latent risk,Low-cost organic nurture
16658,85.1228565908194,Long Tail / Low Value,1.0,Low latent risk,Low-cost organic nurture
17860,85.11360635335089,Long Tail / Low Value,1.0,Low latent risk,Low-cost organic nurture
18113,85.11220497785011,Long Tail / Low Value,1.0,Low latent risk,Low-cost organic nurture
15899,85.09609248050725,Long Tail / Low Value,1.0,Low latent risk,Low-cost organic nurture
16858,85.08992931468231,Long Tail / Low Value,1.0,Low latent risk,Low-cost organic nurture
16718,84.91535156739785,Long Tail / Low Value,1.0,Low latent risk,Low-cost organic nurture
15880,84.91493310895859,Long Tail / Low Value,1.0,Low latent risk,Low-cost organic nurture
14987,84.85396424264512,Long Tail / Low Value,0.982198298990591,Low latent risk,Low-cost organic nurture
12725,84.53791391505136,Long Tail / Low Value,1.0,Low latent risk,Low-cost organic nurture
16926,84.52091285628504,Long Tail / Low Value,1.0,Low latent risk,Low-cost organic nurture
14589,84.50433305544672,Long Tail / Low Value,1.0,Low latent risk,Low-cost organic nurture
17967,84.50115600415523,Long Tail / Low Value,1.0,Low latent risk,Low-cost organic nurture
13370,84.49383588363365,Long Tail / Low Value,1.0,Low latent risk,Low-cost organic nurture
12686,84.48900253802937,Long Tail / Low Value,1.0,Low latent risk,Low-cost organic nurture
12738,84.36160219344026,Long Tail / Low Value,1.0,Low latent risk,Low-cost organic nurture
14576,84.35664633048442,Long Tail / Low Value,1.0,Low latent risk,Low-cost organic nurture
16754,84.35485685660214,Long Tail / Low Value,1.0,Low latent risk,Low-cost organic nurture
13011,84.35265453157652,Long Tail / Low Value,1.0,Low latent risk,Low-cost organic nurture
15124,84.351643864979,Long Tail / Low Value,0.9803379486214735,Low latent risk,Low-cost organic nurture
15823,84.33421457939377,Long Tail / Low Value,1.0,Low latent risk,Low-cost organic nurture
16781,84.32843655461295,Long Tail / Low Value,1.0,Low latent risk,Low-cost organic nurture
17976,84.32334704678765,Long Tail / Low Value,1.0,Low latent risk,Low-cost organic nurture
16510,84.3219716097362,Long Tail / Low Value,1.0,Low latent risk,Low-cost organic nurture
15363,84.31220729861,Long Tail / Low Value,1.0,Low latent risk,Low-cost organic nurture
16752,84.31083222545803,Long Tail / Low Value,1.0,Low latent risk,Low-cost organic nurture
15923,84.31055721621759,Long Tail / Low Value,1.0,Low latent risk,Low-cost organic nurture
15070,84.30327012593368,Long Tail / Low Value,1.0,Low latent risk,Low-cost organic nurture
13108,84.29667158547224,Long Tail / Low Value,1.0,Low latent risk,Low-cost organic nurture
17925,84.29323525531409,Long Tail / Low Value,1.0,Low latent risk,Low-cost organic nurture
17855,84.28966176955402,Long Tail / Low Value,1.0,Low latent risk,Low-cost organic nurture
12855,84.28869972907428,Long Tail / Low Value,1.0,Low latent risk,Low-cost organic nurture
17732,84.28760028116851,Long Tail / Low Value,1.0,Low latent risk,Low-cost organic nurture
12450,84.2321862342357,Long Tail / Low Value,0.8825393122659622,Low latent risk,Low-cost organic nurture
18011,84.15669673681188,Long Tail / Low Value,1.0,Low latent risk,Low-cost organic nurture
13065,84.15080606158782,Long Tail / Low Value,1.0,Low latent risk,Low-cost organic nurture
14142,84.14820346815075,Long Tail / Low Value,1.0,Low latent risk,Low-cost organic nurture
16274,84.14025970633803,Long Tail / Low Value,1.0,Low latent risk,Low-cost organic nurture
17643,84.13245436911596,Long Tail / Low Value,1.0,Low latent risk,Low-cost organic nurture
15165,84.12766233676952,Long Tail / Low Value,1.0,Low latent risk,Low-cost organic nurture
15922,84.12601948009232,Long Tail / Low Value,1.0,Low latent risk,Low-cost organic nurture
15350,84.12355531555042,Long Tail / Low Value,1.0,Low latent risk,Low-cost organic nurture
14237,84.12177573106196,Long Tail / Low Value,1.0,Low latent risk,Low-cost organic nurture
14729,84.11671117248528,Long Tail / Low Value,1.0,Low latent risk,Low-cost organic nurture
17968,84.11397382751328,Long Tail / Low Value,1.0,Low latent risk,Low-cost organic nurture
16583,84.11123666094608,Long Tail / Low Value,1.0,Low latent risk,Low-cost organic nurture
17908,84.10877336355723,Long Tail / Low Value,1.0,Low latent risk,Low-cost organic nurture
12791,84.10631021064927,Long Tail / Low Value,1.0,Low latent risk,Low-cost organic nurture
13747,84.09946887721085,Long Tail / Low Value,1.0,Low latent risk,Low-cost organic nurture
18074,84.09344942566827,Long Tail / Low Value,1.0,Low latent risk,Low-cost organic nurture
16644,84.07664717721747,Long Tail / Low Value,0.8952319946093896,Low latent risk,Low-cost organic nurture
13085,84.03105908251769,Long Tail / Low Value,0.953982127101175,Low latent risk,Low-cost organic nurture
12829,83.69225971870885,Long Tail / Low Value,0.7570384016617597,Low latent risk,Low-cost organic nurture
15661,83.31081289290744,Long Tail / Low Value,0.7622753413068661,Low latent risk,Low-cost organic nurture
15462,82.8315175480632,Long Tail / Low Value,0.9638805826886678,Low latent risk,Low-cost organic nurture
13904,82.57490852345283,Long Tail / Low Value,0.979747966361875,Low latent risk,Low-cost organic nurture
12915,82.43638020299059,Long Tail / Low Value,0.9655131386279289,Low latent risk,Low-cost organic nurture
17189,82.19380192784945,Long Tail / Low Value,0.9723541780128588,Low latent risk,Low-cost organic nurture
14176,82.03648812786757,Long Tail / Low Value,0.5986929731867686,High latent risk,No paid retention; passive/organic communication only
12811,81.4377825701945,Long Tail / Low Value,0.6373226032437995,High latent risk,No paid retention; passive/organic communication only
15092,80.91824257483177,Long Tail / Low Value,0.9085185508826366,Low latent risk,Low-cost organic nurture
14427,80.78476626330074,Long Tail / Low Value,0.9560549886137427,Low latent risk,Low-cost organic nurture
16808,80.60251704134268,Long Tail / Low Value,0.9692226441683227,Low latent risk,Low-cost organic nurture
13496,80.48807713362038,Long Tail / Low Value,0.9825601873482476,Low latent risk,Low-cost organic nurture
13885,80.00687150071735,Long Tail / Low Value,0.8410567927123023,Low latent risk,Low-cost organic nurture
17430,79.64442678641328,Long Tail / Low Value,0.9808428723179552,Low latent risk,Low-cost organic nurture
17321,79.57376207755141,Long Tail / Low Value,0.98117677306387,Low latent risk,Low-cost organic nurture
17946,79.25832720809072,Long Tail / Low Value,0.8420749536748527,Low latent risk,Low-cost organic nurture
15545,78.63888652435236,Long Tail / Low Value,0.9789255345318812,Low latent risk,Low-cost organic nurture
15579,78.44539901770871,Long Tail / Low Value,0.9762926786246144,Low latent risk,Low-cost organic nurture
17955,78.3573180617088,Long Tail / Low Value,0.5214831930386228,High latent risk,No paid retention; passive/organic communication only
15689,78.22529531910159,Long Tail / Low Value,0.9702996425212194,Low latent risk,Low-cost organic nurture
13821,78.21750908313484,Long Tail / Low Value,0.9528496158694341,Low latent risk,Low-cost organic nurture
17025,78.18421697853779,Long Tail / Low Value,0.9857665563654409,Low latent risk,Low-cost organic nurture
16250,77.9317874578371,Long Tail / Low Value,0.918966149841894,Low latent risk,Low-cost organic nurture
16378,77.69937287732542,Long Tail / Low Value,0.8197341265554058,Low latent risk,Low-cost organic nurture
14555,77.41559888664737,Long Tail / Low Value,0.977500866140088,Low latent risk,Low-cost organic nurture
18273,77.406967309808,Long Tail / Low Value,0.9904071382449676,Low latent risk,Low-cost organic nurture
13792,77.40214716811508,Long Tail / Low Value,0.9758802879003157,Low latent risk,Low-cost organic nurture
17931,77.12361223318722,Long Tail / Low Value,0.9562124165000752,Low latent risk,Low-cost organic nurture
15732,76.99626085577395,Long Tail / Low Value,0.9466436217914918,Low latent risk,Low-cost organic nurture
17892,76.86199615495215,Long Tail / Low Value,0.9779605274948678,Low latent risk,Low-cost organic nurture
16500,76.61433746000755,Long Tail / Low Value,0.9956610349895572,Low latent risk,Low-cost organic nurture
14242,76.50309588872754,Long Tail / Low Value,0.916546528486792,Low latent risk,Low-cost organic nurture
16998,76.08753072193387,Long Tail / Low Value,0.9520460911877654,Low latent risk,Low-cost organic nurture
15882,75.59898115358537,Long Tail / Low Value,0.9330998624235726,Low latent risk,Low-cost organic nurture
17771,75.25105311720168,Long Tail / Low Value,0.9780009336171152,Low latent risk,Low-cost organic nurture
15889,74.96175292096963,Long Tail / Low Value,0.9635120040508938,Low latent risk,Low-cost organic nurture
13592,74.65817340122202,Long Tail / Low Value,0.9898390583115927,Low latent risk,Low-cost organic nurture
14024,74.57987129094502,Long Tail / Low Value,0.8849432208528544,Low latent risk,Low-cost organic nurture
17436,74.36560428188231,Long Tail / Low Value,0.9831754188747848,Low latent risk,Low-cost organic nurture
14768,74.32627566075111,Long Tail / Low Value,0.9801818089319907,Low latent risk,Low-cost organic nurture
14995,74.03800111558553,Long Tail / Low Value,0.979444239635658,Low latent risk,Low-cost organic nurture
13502,73.67539854881237,Long Tail / Low Value,0.9893864068344518,Low latent risk,Low-cost organic nurture
13565,73.41561518345353,Long Tail / Low Value,0.9817898730637872,Low latent risk,Low-cost organic nurture
13754,73.11074357204294,Long Tail / Low Value,0.9594347384965539,Low latent risk,Low-cost organic nurture
18018,72.59044793060063,Long Tail / Low Value,0.9569408979900945,Low latent risk,Low-cost organic nurture
13649,72.41137783624376,Long Tail / Low Value,0.919310264716322,Low latent risk,Low-cost organic nurture
16883,72.22014428510319,Long Tail / Low Value,0.9554625633038634,Low latent risk,Low-cost organic nurture
15393,70.90596526219129,Long Tail / Low Value,0.98183663534352,Low latent risk,Low-cost organic nurture
16217,70.77417134832457,Long Tail / Low Value,0.8769341032366994,Low latent risk,Low-cost organic nurture
16405,70.49588767358658,Long Tail / Low Value,0.7204331624738503,Low latent risk,Low-cost organic nurture
13955,70.27930684695018,Long Tail / Low Value,0.9568650405144067,Low latent risk,Low-cost organic nurture
15724,70.13163744966766,Long Tail / Low Value,0.9238712633029238,Low latent risk,Low-cost organic nurture
16427,69.83793935441207,Long Tail / Low Value,0.805919694292861,Low latent risk,Low-cost organic nurture
14287,69.69587593367412,Long Tail / Low Value,0.9897073701227687,Low latent risk,Low-cost organic nurture
13506,69.49584716764633,Long Tail / Low Value,0.841360781495009,Low latent risk,Low-cost organic nurture
14479,69.39958867035735,Long Tail / Low Value,0.9211251729576366,Low latent risk,Low-cost organic nurture
13248,69.07674505566536,Long Tail / Low Value,0.943746179716144,Low latent risk,Low-cost organic nurture
14162,68.43328425489756,Long Tail / Low Value,0.9460320194531062,Low latent risk,Low-cost organic nurture
16647,68.14461537280292,Long Tail / Low Value,0.9002242155583663,Low latent risk,Low-cost organic nurture
14320,68.06709331014717,Long Tail / Low Value,0.9395342714405034,Low latent risk,Low-cost organic nurture
17166,68.06056016802533,Long Tail / Low Value,0.9779927479829181,Low latent risk,Low-cost organic nurture
17736,67.91694871135415,Long Tail / Low Value,0.9890424186129682,Low latent risk,Low-cost organic nurture
14520,67.73661976668863,Long Tail / Low Value,0.9831855581756421,Low latent risk,Low-cost organic nurture
16596,67.58025563243321,Long Tail / Low Value,0.98220071813075,Low latent risk,Low-cost organic nurture
16832,67.32372463365449,Long Tail / Low Value,0.8163898898063681,Low latent risk,Low-cost organic nurture
16372,66.74961520764906,Long Tail / Low Value,0.9612458130934892,Low latent risk,Low-cost organic nurture
17256,66.57785542473552,Long Tail / Low Value,0.9698959366676004,Low latent risk,Low-cost organic nurture
17392,66.38351642705493,Long Tail / Low Value,0.8446308315547486,Low latent risk,Low-cost organic nurture
18146,65.37031210658341,Long Tail / Low Value,0.9437078488769503,Low latent risk,Low-cost organic nurture
16473,64.95934427174808,Long Tail / Low Value,0.9589618454671919,Low latent risk,Low-cost organic nurture
17869,64.89945947555124,Long Tail / Low Value,0.9800477058247937,Low latent risk,Low-cost organic nurture
17134,64.75351111122852,Long Tail / Low Value,0.9666347283600715,Low latent risk,Low-cost organic nurture
15897,64.56170882284397,Long Tail / Low Value,0.7964034088204938,Low latent risk,Low-cost organic nurture
13533,64.34824667110242,Long Tail / Low Value,0.9120131696346365,Low latent risk,Low-cost organic nurture
13283,63.50607635255656,Long Tail / Low Value,0.9728026410701224,Low latent risk,Low-cost organic nurture
13470,63.3935284998375,Long Tail / Low Value,0.9246066260631501,Low latent risk,Low-cost organic nurture
14697,63.188469007738945,Long Tail / Low Value,0.7690958834584137,Low latent risk,Low-cost organic nurture
15456,63.10465386082952,Long Tail / Low Value,0.8114533002919955,Low latent risk,Low-cost organic nurture
16866,62.64882819552625,Long Tail / Low Value,0.8459130895523871,Low latent risk,Low-cost organic nurture
18190,62.35325302364651,Long Tail / Low Value,0.9462023677426696,Low latent risk,Low-cost organic nurture
14681,62.24487470784719,Long Tail / Low Value,0.9780191455614504,Low latent risk,Low-cost organic nurture
15935,62.13323097631087,Long Tail / Low Value,0.756212146855467,Low latent risk,Low-cost organic nurture
17026,61.44115903848274,Long Tail / Low Value,0.955817568516313,Low latent risk,Low-cost organic nurture
14616,61.13911884259133,Long Tail / Low Value,0.8494726318834986,Low latent risk,Low-cost organic nurture
12999,61.077758289586534,Long Tail / Low Value,0.8452271650631517,Low latent risk,Low-cost organic nurture
16239,60.866155885565306,Long Tail / Low Value,0.9737831090491544,Low latent risk,Low-cost organic nurture
13899,60.829563673202514,Long Tail / Low Value,0.9817918788194518,Low latent risk,Low-cost organic nurture
13388,60.64003599372793,Long Tail / Low Value,0.8671331453502648,Low latent risk,Low-cost organic nurture
17781,59.82128905405092,Long Tail / Low Value,0.9425485976145604,Low latent risk,Low-cost organic nurture
17760,59.22372757661148,Long Tail / Low Value,0.9817720981448287,Low latent risk,Low-cost organic nurture
16620,59.00143276902805,Long Tail / Low Value,0.9830008619346734,Low latent risk,Low-cost organic nurture
13207,58.950808030329696,Long Tail / Low Value,0.980948080732716,Low latent risk,Low-cost organic nurture
15235,58.70543309825513,Long Tail / Low Value,0.10238520732977069,High latent risk,No paid retention; passive/organic communication only
17376,58.61234570208558,Long Tail / Low Value,0.9759644499753075,Low latent risk,Low-cost organic nurture
12386,58.5811328259113,Long Tail / Low Value,0.7735180345666355,Low latent risk,Low-cost organic nurture
16519,58.4642296842359,Long Tail / Low Value,0.9814399874521861,Low latent risk,Low-cost organic nurture
16080,58.30747574236764,Long Tail / Low Value,0.9728672732975386,Low latent risk,Low-cost organic nurture
13672,57.86436184167639,Long Tail / Low Value,0.8046661760131735,Low latent risk,Low-cost organic nurture
17580,57.51589626936993,Long Tail / Low Value,0.8853568531588055,Low latent risk,Low-cost organic nurture
15526,57.32670923058284,Long Tail / Low Value,0.9613023629265659,Low latent risk,Low-cost organic nurture
17889,56.89668563130617,Long Tail / Low Value,0.9325513638211097,Low latent risk,Low-cost organic nurture
17223,55.973077873232484,Long Tail / Low Value,0.8524541524158886,Low latent risk,Low-cost organic nurture
14594,55.92248018409704,Long Tail / Low Value,0.9828033663303853,Low latent risk,Low-cost organic nurture
15759,55.814821697288814,Long Tail / Low Value,0.929599696044606,Low latent risk,Low-cost organic nurture
14836,55.626517227201056,Long Tail / Low Value,0.9866202095819628,Low latent risk,Low-cost organic nurture
17230,55.57742489764806,Long Tail / Low Value,0.10367230155187587,High latent risk,No paid retention; passive/organic communication only
17062,55.56566616761789,Long Tail / Low Value,0.4800181728681872,High latent risk,No paid retention; passive/organic communication only
12739,55.35275929370674,Long Tail / Low Value,0.9428959365285682,Low latent risk,Low-cost organic nurture
17358,55.183228540461045,Long Tail / Low Value,0.8469911388485803,Low latent risk,Low-cost organic nurture
15863,54.75748106508881,Long Tail / Low Value,0.9799083871348854,Low latent risk,Low-cost organic nurture
16354,54.2923982340564,Long Tail / Low Value,0.9452041238005466,Low latent risk,Low-cost organic nurture
17991,54.14367776670121,Long Tail / Low Value,0.7659291266523224,Low latent risk,Low-cost organic nurture
17890,53.997058093266155,Long Tail / Low Value,0.8096914263733359,Low latent risk,Low-cost organic nurture
16226,53.80928836836585,Long Tail / Low Value,0.782817402261403,Low latent risk,Low-cost organic nurture
17969,53.555738919647496,Long Tail / Low Value,0.9602825938842354,Low latent risk,Low-cost organic nurture
14551,53.2789707392419,Long Tail / Low Value,0.9810757490978436,Low latent risk,Low-cost organic nurture
12604,53.16567311008865,Long Tail / Low Value,0.9726566133299368,Low latent risk,Low-cost organic nurture
17691,53.010481099041456,Long Tail / Low Value,0.6804706495368607,High latent risk,No paid retention; passive/organic communication only
12888,52.63078052494964,Long Tail / Low Value,0.8810797163787893,Low latent risk,Low-cost organic nurture
15894,52.302334775973605,Long Tail / Low Value,0.9230728221451058,Low latent risk,Low-cost organic nurture
13003,52.25199976782827,Long Tail / Low Value,0.9637054137835931,Low latent risk,Low-cost organic nurture
13711,52.003586661661004,Long Tail / Low Value,0.768825206064671,Low latent risk,Low-cost organic nurture
12897,51.90350757724568,Long Tail / Low Value,0.9296080162331215,Low latent risk,Low-cost organic nurture
13261,51.83448555220113,Long Tail / Low Value,0.7889507326651329,Low latent risk,Low-cost organic nurture
16835,50.628346395077855,Long Tail / Low Value,0.9693813322840683,Low latent risk,Low-cost organic nurture
17572,50.55863177956767,Long Tail / Low Value,0.9871209284898237,Low latent risk,Low-cost organic nurture
16414,50.44187139399202,Long Tail / Low Value,0.9813043908507955,Low latent risk,Low-cost organic nurture
16499,50.407978996387236,Long Tail / Low Value,0.643304369273272,High latent risk,No paid retention; passive/organic communication only
17550,50.092610449688635,Long Tail / Low Value,0.8361781133599631,Low latent risk,Low-cost organic nurture
18024,49.74832988704896,Long Tail / Low Value,0.8439170294301742,Low latent risk,Low-cost organic nurture
17024,49.338561452016435,Long Tail / Low Value,0.9818569136451252,Low latent risk,Low-cost organic nurture
16462,47.7284259247455,Long Tail / Low Value,0.9816947058398728,Low latent risk,Low-cost organic nurture
16356,47.62931112663482,Long Tail / Low Value,0.8958541101080535,Low latent risk,Low-cost organic nurture
14500,46.79408051563584,Long Tail / Low Value,0.9681105517180858,Low latent risk,Low-cost organic nurture
15468,46.54302274912999,Long Tail / Low Value,0.9466423726856268,Low latent risk,Low-cost organic nurture
15483,46.2489212365469,Long Tail / Low Value,0.9150711862963322,Low latent risk,Low-cost organic nurture
17898,44.99970204591916,Long Tail / Low Value,0.9672479888621752,Low latent risk,Low-cost organic nurture
15852,44.60138786122206,Long Tail / Low Value,0.8427034090974403,Low latent risk,Low-cost organic nurture
17988,43.98382252302208,Long Tail / Low Value,0.995805553738992,Low latent risk,Low-cost organic nurture
13223,43.9481928515499,Long Tail / Low Value,0.8761562981448923,Low latent risk,Low-cost organic nurture
17181,43.780150245665546,Long Tail / Low Value,0.9786674223167637,Low latent risk,Low-cost organic nurture
16411,43.71531524896738,Long Tail / Low Value,0.9819184341482835,Low latent risk,Low-cost organic nurture
16112,42.968992006120416,Long Tail / Low Value,0.9648933819192557,Low latent risk,Low-cost organic nurture
16402,42.88500155859922,Long Tail / Low Value,0.9142579094982083,Low latent risk,Low-cost organic nurture
14798,42.7373854568622,Long Tail / Low Value,0.98565875514534,Low latent risk,Low-cost organic nurture
13651,42.35772737509284,Long Tail / Low Value,0.9617766771171372,Low latent risk,Low-cost organic nurture
15869,42.29476317448512,Long Tail / Low Value,0.7030031146492727,Low latent risk,Low-cost organic nurture
15920,40.96674588666996,Long Tail / Low Value,0.45641096987339347,High latent risk,No paid retention; passive/organic communication only
13972,39.69257761835742,Long Tail / Low Value,0.9710556232357557,Low latent risk,Low-cost organic nurture
13962,39.59350248009916,Long Tail / Low Value,0.9810426470183345,Low latent risk,Low-cost organic nurture
12845,39.20607433075053,Long Tail / Low Value,0.3360998842629532,High latent risk,No paid retention; passive/organic communication only
17707,38.25916557409244,Long Tail / Low Value,0.9504760195776055,Low latent risk,Low-cost organic nurture
14779,37.10853831772678,Long Tail / Low Value,0.708802643250011,Low latent risk,Low-cost organic nurture
16777,35.8018834279934,Long Tail / Low Value,0.972241554366755,Low latent risk,Low-cost organic nurture
16897,35.702224260441994,Long Tail / Low Value,0.7511247521734898,Low latent risk,Low-cost organic nurture
14624,35.18672647998703,Long Tail / Low Value,0.9432828784193259,Low latent risk,Low-cost organic nurture
15230,34.96528505982022,Long Tail / Low Value,0.7511944585591736,Low latent risk,Low-cost organic nurture
17440,34.85861300903247,Long Tail / Low Value,0.9329892091300043,Low latent risk,Low-cost organic nurture
12559,33.08225561843895,Long Tail / Low Value,0.7178027864777482,Low latent risk,Low-cost organic nurture
16852,32.94987601738974,Long Tail / Low Value,0.9819559828453299,Low latent risk,Low-cost organic nurture
12512,32.92439598393473,Long Tail / Low Value,0.9333584809920957,Low latent risk,Low-cost organic nurture
17446,31.935938530079753,Long Tail / Low Value,0.9488688338254282,Low latent risk,Low-cost organic nurture
12547,31.289002898790585,Long Tail / Low Value,0.9251919694794718,Low latent risk,Low-cost organic nurture
15139,30.904587247011438,Long Tail / Low Value,0.9180998601968364,Low latent risk,Low-cost organic nurture
13404,30.759860638699486,Long Tail / Low Value,0.9831839544355225,Low latent risk,Low-cost organic nurture
17742,30.62287192263885,Long Tail / Low Value,0.9699038216368956,Low latent risk,Low-cost organic nurture
13133,30.51882199361212,Long Tail / Low Value,0.8237944825315477,Low latent risk,Low-cost organic nurture
12410,28.73397462802033,Long Tail / Low Value,0.6691974758191569,High latent risk,No paid retention; passive/organic communication only
15516,27.8934282420321,Long Tail / Low Value,0.9525009147004936,Low latent risk,Low-cost organic nurture
16634,27.24047170362577,Long Tail / Low Value,0.942182050620596,Low latent risk,Low-cost organic nurture
17078,26.892196566520887,Long Tail / Low Value,0.9591261621534497,Low latent risk,Low-cost organic nurture
12875,26.75293523945222,Long Tail / Low Value,0.9658668271577531,Low latent risk,Low-cost organic nurture
17501,26.714053626837966,Long Tail / Low Value,0.7665111641652551,Low latent risk,Low-cost organic nurture
17357,26.194590844629058,Long Tail / Low Value,0.9680172648802968,Low latent risk,Low-cost organic nurture
15695,26.113406675957137,Long Tail / Low Value,0.7147127439959693,Low latent risk,Low-cost organic nurture
15881,25.73337825193275,Long Tail / Low Value,0.21442093194902728,High latent risk,No paid retention; passive/organic communication only
17900,25.713493232415733,Long Tail / Low Value,0.8009800989108088,Low latent risk,Low-cost organic nurture
14682,25.227295654779088,Long Tail / Low Value,0.849951338004604,Low latent risk,Low-cost organic nurture
14570,24.444932808880488,Long Tail / Low Value,0.6994860540769968,High latent risk,No paid retention; passive/organic communication only
18121,24.235353383527457,Long Tail / Low Value,0.8621565025672151,Low latent risk,Low-cost organic nurture
17608,22.961722530761637,Long Tail / Low Value,0.9612405861327723,Low latent risk,Low-cost organic nurture
16828,22.798480688954236,Long Tail / Low Value,0.931911921118087,Low latent risk,Low-cost organic nurture
13666,19.989129569426076,Long Tail / Low Value,0.9840688058597052,Low latent risk,Low-cost organic nurture
14037,19.408185823553026,Long Tail / Low Value,0.9578696123871028,Low latent risk,Low-cost organic nurture
15872,18.236453248349907,Long Tail / Low Value,0.9747436697344708,Low latent risk,Low-cost organic nurture
15422,17.264381520043774,Long Tail / Low Value,0.6542027189579228,High latent risk,No paid retention; passive/organic communication only
16952,16.834943383155277,Long Tail / Low Value,0.8907271684385902,Low latent risk,Low-cost organic nurture
13122,15.984100002441911,Long Tail / Low Value,0.9677910456210104,Low latent risk,Low-cost organic nurture
17912,15.493364737810566,Long Tail / Low Value,0.22987581484682326,High latent risk,No paid retention; passive/organic communication only
17935,14.387576138732014,Long Tail / Low Value,0.8681452175749458,Low latent risk,Low-cost organic nurture
17252,13.352293902486247,Long Tail / Low Value,0.9484239350454001,Low latent risk,Low-cost organic nurture
18013,12.002046413681795,Long Tail / Low Value,0.8406060001535205,Low latent risk,Low-cost organic nurture
18037,11.863397588011223,Long Tail / Low Value,0.9439402893184398,Low latent risk,Low-cost organic nurture
15512,11.855639020128974,Long Tail / Low Value,0.9628669290102692,Low latent risk,Low-cost organic nurture
15332,11.339055365168532,Long Tail / Low Value,0.06735865377116372,High latent risk,No paid retention; passive/organic communication only
16498,11.291577207567887,Long Tail / Low Value,0.836721353372985,Low latent risk,Low-cost organic nurture
16714,10.770636210043282,Long Tail / Low Value,0.9008841584219666,Low latent risk,Low-cost organic nurture
17267,10.744830162849238,Long Tail / Low Value,0.8716933771055461,Low latent risk,Low-cost organic nurture
16725,10.44140067824007,Long Tail / Low Value,0.05775061576589923,High latent risk,No paid retention; passive/organic communication only
12755,9.822941703445625,Long Tail / Low Value,0.8954487323848104,Low latent risk,Low-cost organic nurture
14813,9.677946391150567,Long Tail / Low Value,0.6069586033241007,High latent risk,No paid retention; passive/organic communication only
14338,9.351386566265678,Long Tail / Low Value,0.9050309069333373,Low latent risk,Low-cost organic nurture
14865,9.334737256350017,Long Tail / Low Value,0.9828106017499041,Low latent risk,Low-cost organic nurture
16454,8.287157455523367,Long Tail / Low Value,0.9622419011271564,Low latent risk,Low-cost organic nurture
17816,7.774927808484808,Long Tail / Low Value,0.9908233515171257,Low latent risk,Low-cost organic nurture
15213,7.667516630685519,Long Tail / Low Value,0.7204182765030007,Low latent risk,Low-cost organic nurture
15107,6.446954665219668,Long Tail / Low Value,0.10745143272522936,High latent risk,No paid retention; passive/organic communication only
17194,6.4297054333144645,Long Tail / Low Value,0.899606073549485,Low latent risk,Low-cost organic nurture
16792,6.12314227754041,Long Tail / Low Value,0.6973977141570429,High latent risk,No paid retention; passive/organic communication only
17334,6.0311472288611245,Long Tail / Low Value,0.7118645458155779,Low latent risk,Low-cost organic nurture
15700,5.961679541982821,Long Tail / Low Value,0.8255096664031064,Low latent risk,Low-cost organic nurture
18048,4.944378343447075,Long Tail / Low Value,0.7861436032718737,Low latent risk,Low-cost organic nurture
16048,2.6604651015436627,Long Tail / Low Value,0.6031897475426676,High latent risk,No paid retention; passive/organic communication only
17850,3.622745227472703e-25,Long Tail / Low Value,2.7537413302534125e-28,High latent risk,No paid retention; passive/organic communication only
