CustomerID,ltv_tier,discounted_clv_12m,max_cac_3x,max_cac_1_5x,max_cac_6m_payback
12346,Long Tail / Low Value,94.75007750231755,31.583359167439184,63.16671833487837,48.71742257055972
12347,High Value,1023.8601335986883,341.2867111995628,682.5734223991255,525.9103728590895
12348,Mid Value,298.07068276145543,99.35689425381848,198.71378850763696,153.1292147566391
12349,Mid Value,507.4104059462644,169.13680198208814,338.2736039641763,262.29917909607514
12350,Long Tail / Low Value,98.72543766344205,32.90847922114735,65.8169584422947,50.767531357616804
12352,High Value,739.6270010760187,246.54233369200622,493.08466738401245,380.08277215894793
12353,Long Tail / Low Value,139.45002952014883,46.48334317338294,92.96668634676588,71.78599165299025
12354,Long Tail / Low Value,125.66542390394919,41.88847463464973,83.77694926929946,64.66850647317312
12355,Long Tail / Low Value,134.14345201934742,44.71448400644914,89.42896801289828,69.0456803242735
12356,Long Tail / Low Value,219.90307007152447,73.30102335717483,146.60204671434965,113.00457456593932
12357,Mid Value,419.08342379463653,139.69447459821217,279.38894919642433,216.51549162797255
12358,High Value,719.5521238104735,239.8507079368245,479.701415873649,370.5037049993844
12359,Whales,2028.3615417137862,676.1205139045954,1352.2410278091909,1042.2170161191084
12360,High Value,950.0080527265396,316.6693509088465,633.338701817693,488.7444974550955
12361,Long Tail / Low Value,105.36798474774872,35.12266158258291,70.24532316516581,54.19383275156623
12362,Whales,1556.8553182876194,518.9517727625398,1037.9035455250796,800.0280066050399
12363,Long Tail / Low Value,181.32161717281815,60.44053905760605,120.8810781152121,93.2575741564792
12364,Mid Value,570.4579971966144,190.1526657322048,380.3053314644096,293.8396342558354
12365,Long Tail / Low Value,140.32470145975824,46.774900486586084,93.54980097317217,72.14028301001133
12367,Mid Value,638.136478275977,212.71215942532567,425.42431885065133,330.08829521594714
12370,Mid Value,641.4071635939126,213.80238786463755,427.6047757292751,329.50853189685165
12371,Mid Value,676.201167913087,225.40038930436233,450.80077860872467,348.85110271236414
12372,Mid Value,393.08740252857194,131.02913417619064,262.0582683523813,202.04426044160533
12373,Long Tail / Low Value,98.42247973529001,32.80749324509667,65.61498649019335,50.61128325164782
12374,Mid Value,462.6616855410126,154.2205618470042,308.4411236940084,239.10164871671677
12375,Mid Value,325.05847945826724,108.35282648608909,216.70565297217817,167.53539262033814
12377,Mid Value,273.16893107703913,91.05631035901304,182.11262071802608,140.37082558308785
12378,Long Tail / Low Value,196.68085441186656,65.56028480395553,131.12056960791105,101.36210163667309
12379,Mid Value,370.73076440198724,123.57692146732909,247.15384293465817,190.8368628155664
12380,Whales,1206.3881759471028,402.1293919823676,804.2587839647352,620.6969880253486
12381,Mid Value,429.7846270747605,143.2615423582535,286.523084716507,221.3354387103832
12383,Mid Value,363.56924121275614,121.18974707091871,242.37949414183743,186.77587408268545
12384,Mid Value,360.1295391286126,120.04317970953753,240.08635941907505,185.52541619245852
12386,Long Tail / Low Value,58.5811328259113,19.527044275303766,39.05408855060753,30.100277238583104
12388,High Value,760.0956716208968,253.3652238736323,506.7304477472646,390.534881971456
12390,Mid Value,271.3127766617796,90.4375922205932,180.8751844411864,139.97524575602216
12391,Mid Value,487.1514519001218,162.3838173000406,324.7676346000812,251.79648581276086
12393,Mid Value,393.265461877028,131.08848729234265,262.1769745846853,202.06697814001762
12394,High Value,698.5956921252206,232.86523070840687,465.73046141681374,359.39703247067365
12395,High Value,707.5414304315242,235.84714347717474,471.6942869543495,363.4027758036607
12397,Whales,1347.856605576671,449.2855351922237,898.5710703844474,694.1948492963625
12398,Mid Value,366.249709337938,122.08323644597932,244.16647289195865,189.139696683436
12399,Mid Value,345.04651870966416,115.01550623655471,230.03101247310943,177.38758627410863
12401,Long Tail / Low Value,100.63860550421498,33.546201834738326,67.09240366947665,51.754275276945826
12402,Long Tail / Low Value,95.29311817892993,31.764372726309976,63.52874545261995,48.997451277041115
12403,Mid Value,351.8235929487818,117.27453098292727,234.54906196585455,181.66644322402294
12405,Long Tail / Low Value,178.01468521437138,59.33822840479046,118.67645680958093,91.71170391976337
12406,Whales,1615.2437275761615,538.4145758587205,1076.829151717441,831.3114712333997
12407,Mid Value,593.6648450878055,197.88828169593515,395.7765633918703,305.177884311818
12408,High Value,864.4233164321314,288.14110547737715,576.2822109547543,444.3790198705467
12409,Whales,3115.3735951320155,1038.457865044005,2076.91573008801,1603.103682696013
12410,Long Tail / Low Value,28.73397462802033,9.577991542673443,19.155983085346886,14.770017838344282
12412,Mid Value,485.0065303685898,161.66884345619658,323.33768691239317,249.61736093413765
12413,Long Tail / Low Value,110.36590130141457,36.78863376713819,73.57726753427637,56.71070693775768
12414,Long Tail / Low Value,157.43571696260207,52.47857232086736,104.95714464173471,80.91240529026713
12415,Whales,32675.010020100442,10891.670006700147,21783.340013400295,16785.098526612222
12417,High Value,945.9458091286511,315.31526970955036,630.6305394191007,485.9024079708678
12418,Long Tail / Low Value,217.00633534138936,72.33544511379645,144.6708902275929,111.87398663860029
12420,Mid Value,308.85677095052165,102.95225698350721,205.90451396701442,159.4129994827196
12421,Long Tail / Low Value,238.2803385268171,79.42677950893903,158.85355901787807,122.44383832689354
12422,Long Tail / Low Value,228.48201316872365,76.16067105624121,152.32134211248243,117.4139469905449
12423,Mid Value,468.606577720538,156.20219257351266,312.4043851470253,240.71734591231962
12424,Mid Value,249.9665032665454,83.32216775551514,166.64433551103028,128.68680198385007
12425,Mid Value,274.0895273091974,91.36317576973248,182.72635153946496,141.4126016918526
12426,Long Tail / Low Value,144.96681917961024,48.32227305987008,96.64454611974016,74.63527795409668
12427,Long Tail / Low Value,189.8233277975568,63.2744425991856,126.5488851983712,97.51843156212588
12428,Whales,2060.405493994445,686.8018313314816,1373.6036626629632,1058.8990807423086
12429,High Value,802.9070303781605,267.6356767927202,535.2713535854404,412.4630452172309
12430,Mid Value,374.7225123490411,124.90750411634703,249.81500823269405,193.5292667337851
12431,Whales,1565.3440050956713,521.7813350318904,1043.5626700637808,803.958397767589
12432,Whales,1236.7323704177095,412.2441234725698,824.4882469451396,636.380212129636
12433,Whales,3211.6865569485167,1070.5621856495056,2141.1243712990113,1649.64017262973
12434,Mid Value,351.6878582184566,117.22928607281887,234.45857214563773,180.8494490180723
12435,Whales,2534.447796692018,844.8159322306727,1689.6318644613455,1303.2110583291653
12436,Long Tail / Low Value,235.6781123840533,78.55937079468443,157.11874158936885,121.53354053615845
12437,Whales,1297.8535960394777,432.6178653464926,865.2357306929852,666.7367173937926
12438,Whales,2223.247237971595,741.0824126571983,1482.1648253143967,1144.955939106467
12441,Long Tail / Low Value,85.50272633726371,28.500908779087904,57.00181755817581,43.949849395306046
12442,Mid Value,648.6630939991462,216.22103133304873,432.44206266609746,335.5480879484067
12444,Whales,1781.5557209011945,593.8519069670648,1187.7038139341296,916.7402812392093
12445,Mid Value,482.3475283844087,160.78250946146957,321.56501892293915,249.30615383764973
12446,Mid Value,326.29288528805387,108.76429509601796,217.52859019203592,168.44259013308195
12447,Long Tail / Low Value,121.00392851370852,40.33464283790284,80.66928567580568,62.26227565728124
12448,Mid Value,370.59287933390516,123.53095977796839,247.06191955593678,191.38976467038935
12449,Whales,1813.3936402182042,604.4645467394014,1208.9290934788028,932.9859495258016
12450,Long Tail / Low Value,84.2321862342357,28.0773954114119,56.1547908228238,43.357389233777674
12451,Whales,2066.8635435425385,688.9545145141796,1377.909029028359,1061.9972598845845
12452,Mid Value,257.0090613863671,85.66968712878902,171.33937425757804,132.7902624693821
12453,Long Tail / Low Value,191.5696020892572,63.856534029752396,127.71306805950479,98.71925183641348
12454,Mid Value,329.867380617199,109.95579353906633,219.91158707813267,170.29386965745343
12455,Mid Value,272.99457361342496,90.99819120447499,181.99638240894998,140.2936402280446
12456,High Value,1114.340796736095,371.44693224536496,742.8938644907299,572.9658121901753
12457,High Value,683.5640650782649,227.85468835942163,455.70937671884326,351.44977951992354
12458,Mid Value,318.7089393973146,106.23631313243821,212.47262626487642,163.85606242904856
12461,Long Tail / Low Value,202.90605769912747,67.63535256637583,135.27070513275166,104.47168569003148
12462,Mid Value,257.36035533828345,85.78678511276115,171.5735702255223,132.29523013042646
12463,Mid Value,457.5892136785443,152.5297378928481,305.0594757856962,235.28907877056741
12464,Mid Value,323.8425997097279,107.94753323657596,215.89506647315193,166.4019405930163
12465,Mid Value,291.5775367245703,97.19251224152343,194.38502448304686,150.0939067062122
12468,Mid Value,284.1689329801533,94.72297766005109,189.44595532010217,146.06168208652633
12471,Whales,4576.657252213068,1525.552417404356,3051.104834808712,2350.605997555964
12472,Whales,1395.5392908159079,465.17976360530264,930.3595272106053,716.8166987578447
12473,Whales,1700.592324033617,566.8641080112056,1133.7282160224113,874.8535173546495
12474,Whales,2077.8195361029134,692.6065120343045,1385.213024068609,1067.435484506946
12475,Mid Value,338.3507014203384,112.7835671401128,225.5671342802256,174.68771148289585
12476,Whales,1857.53205473267,619.1773515775567,1238.3547031551134,954.1146645645108
12477,Whales,3756.1126599810286,1252.0375533270096,2504.0751066540192,1930.2198387780456
12478,Mid Value,646.4707473033807,215.4902491011269,430.9804982022538,334.41098132718844
12479,Mid Value,565.3083522693072,188.4361174231024,376.8722348462048,292.3191708110634
12480,High Value,860.4503740407614,286.81679134692047,573.6335826938409,442.1041158863317
12481,Whales,1477.8262057639229,492.608735254641,985.217470509282,759.0684801867925
12483,Mid Value,579.2379998485566,193.0793332828522,386.1586665657044,297.57336947499846
12484,High Value,1066.3485911288428,355.44953037628096,710.8990607525619,547.8510624463376
12488,High Value,895.9604931429144,298.6534977143048,597.3069954286096,461.927514414647
12489,Long Tail / Low Value,92.10754732980591,30.70251577660197,61.40503155320394,47.3548442907885
12490,Whales,1360.2643141513283,453.42143805044276,906.8428761008855,698.8384408499903
12491,Mid Value,395.0460716178427,131.68202387261422,263.36404774522845,204.05943765992527
12492,Long Tail / Low Value,184.96640814153292,61.65546938051097,123.31093876102194,95.31784518246634
12493,Long Tail / Low Value,159.41829392486565,53.13943130828855,106.2788626165771,82.03289796207095
12494,Mid Value,340.08625275642333,113.36208425214112,226.72416850428223,174.68871369062285
12497,Mid Value,267.49272209717697,89.164240699059,178.328481398118,137.99790722237526
12498,Long Tail / Low Value,221.80844732271385,73.93614910757128,147.87229821514256,114.41265877927259
12500,Whales,1144.5056035215482,381.50186784051607,763.0037356810321,587.9713597892211
12501,Long Tail / Low Value,92.10016089409082,30.700053631363605,61.40010726272721,47.35103580526166
12502,High Value,1077.2573464412328,359.0857821470776,718.1715642941552,553.5754366687424
12504,Long Tail / Low Value,92.87658875036732,30.958862916789105,61.91772583357821,47.960657471832455
12506,Long Tail / Low Value,125.5868519765532,41.8622839921844,83.7245679843688,64.62794529984335
12507,Mid Value,366.9007172227141,122.30023907423804,244.60047814847607,188.58136967593973
12508,Mid Value,326.2760348504478,108.7586782834826,217.5173565669652,168.4928158597157
12509,Long Tail / Low Value,106.31653690045923,35.43884563348641,70.87769126697282,54.683176944866226
12510,Long Tail / Low Value,168.26887742398148,56.089625807993826,112.17925161598765,86.48389157470366
12512,Long Tail / Low Value,32.92439598393473,10.974798661311576,21.949597322623152,16.982401521619906
12513,Long Tail / Low Value,216.99077900175473,72.33025966725158,144.66051933450316,111.86593992532215
12514,Long Tail / Low Value,111.98540194145107,37.32846731381702,74.65693462763404,57.60801217616458
12515,Long Tail / Low Value,88.2798548780712,29.426618292690403,58.853236585380806,45.38142722840993
12516,Mid Value,657.6568675883019,219.2189558627673,438.4379117255346,338.4874253023812
12517,High Value,907.23070423613,302.41023474537667,604.8204694907533,466.72303404780774
12518,Whales,1358.8747639198805,452.95825463996016,905.9165092799203,699.9296548283494
12519,Mid Value,308.9144161930003,102.97147206433344,205.94294412866688,159.44284976824486
12520,Mid Value,636.4486113679012,212.14953712263375,424.2990742452675,327.1460615706013
12521,Long Tail / Low Value,183.57019954692106,61.19006651564035,122.3801330312807,94.5835418184131
12522,Long Tail / Low Value,215.1148927021328,71.70496423404427,143.40992846808854,111.00438493651075
12523,Mid Value,496.77258980785984,165.59086326928661,331.18172653857323,255.21222975000506
12524,Whales,1258.5227530251047,419.5075843417016,839.0151686834032,646.5682480441448
12526,High Value,835.4826936916431,278.4942312305477,556.9884624610954,430.5567058246551
12527,Long Tail / Low Value,88.34465151642227,29.448217172140758,58.896434344281516,45.39889436932748
12528,Mid Value,484.3002426619837,161.43341422066123,322.86682844132247,248.85585434421535
12530,Mid Value,443.76527232680223,147.92175744226742,295.84351488453484,228.0086921867641
12531,Mid Value,538.7045565327486,179.5681855109162,359.1363710218324,278.5243822746417
12532,Mid Value,433.94780642823025,144.64926880941007,289.29853761882015,224.21898445949387
12534,Long Tail / Low Value,195.59907779351917,65.19969259783973,130.39938519567946,100.8027325305152
12535,Mid Value,303.65594538061566,101.21864846020522,202.43729692041043,156.27558912888276
12536,Whales,11135.463531326637,3711.821177108879,7423.642354217758,5743.571139215363
12538,Mid Value,440.1076381542937,146.70254605143123,293.40509210286245,227.41150358271085
12539,Whales,1354.0639046100591,451.3546348700197,902.7092697400394,695.7380295731317
12540,Whales,3307.9569761101966,1102.6523253700655,2205.304650740131,1699.0642800519486
12541,Mid Value,308.5070892823878,102.83569642746261,205.67139285492522,158.590655872182
12544,Mid Value,404.78558128155777,134.92852709385258,269.85705418770516,209.1062015246716
12545,Mid Value,253.7345191123695,84.5781730374565,169.156346074913,130.47977499036512
12546,Mid Value,650.7296413361485,216.9098804453828,433.8197608907656,335.54825825168825
12547,Long Tail / Low Value,31.289002898790585,10.429667632930196,20.85933526586039,16.086992762461918
12548,Long Tail / Low Value,163.5962564313153,54.532085477105106,109.06417095421021,84.25985832149257
12550,Mid Value,271.74623810394496,90.58207936798165,181.1641587359633,140.19961962925092
12551,Long Tail / Low Value,87.38143194167574,29.127143980558582,58.254287961117164,44.91828115562875
12552,Mid Value,279.81792819736,93.27264273245333,186.54528546490667,144.4484455892814
12553,High Value,894.0750990674901,298.0250330224967,596.0500660449934,459.3330095767941
12556,Mid Value,304.0107620916554,101.33692069721847,202.67384139443695,156.53573133819773
12557,Whales,3416.3059306490954,1138.7686435496985,2277.537287099397,1754.8545373348666
12558,Mid Value,602.7255656252053,200.90852187506843,401.81704375013686,311.72298727331787
12559,Long Tail / Low Value,33.08225561843895,11.02741853947965,22.0548370789593,17.00375451798412
12560,Mid Value,661.1826719219073,220.3942239739691,440.7884479479382,340.42154075318854
12561,Long Tail / Low Value,100.89586653235808,33.63195551078603,67.26391102157206,51.88696698806607
12562,Whales,1587.4265161644714,529.1421720548238,1058.2843441096477,816.5147569651863
12564,Long Tail / Low Value,114.0975538975742,38.03251796585807,76.06503593171614,58.69792060080391
12565,Long Tail / Low Value,105.01732860502335,35.00577620167445,70.0115524033489,54.012938724223716
12566,Mid Value,257.9851977596621,85.99506591988738,171.99013183977476,133.0769949885462
12567,Whales,2126.512149984299,708.8373833280997,1417.6747666561994,1092.234050764821
12569,Whales,1323.2966068523924,441.09886895079745,882.1977379015949,680.195399185196
12571,Mid Value,333.20337724723305,111.06779241574435,222.1355848314887,171.6542125985961
12572,High Value,1004.3662326293623,334.78874420978747,669.5774884195749,518.2725727872985
12573,Long Tail / Low Value,127.95847651340823,42.65282550446941,85.30565100893882,65.85229159577347
12574,Long Tail / Low Value,97.3121777856885,32.437392595229504,64.87478519045901,50.03867008988611
12576,Mid Value,374.5824693330831,124.8608231110277,249.7216462220554,192.49554427279074
12577,Long Tail / Low Value,161.22970286106874,53.743234287022915,107.48646857404583,82.83505473852325
12578,Mid Value,660.0309835127092,220.01032783756975,440.0206556751395,339.21932516685683
12579,Mid Value,274.06612751045617,91.35537583681872,182.71075167363745,141.40048884697148
12580,Long Tail / Low Value,119.74080841410452,39.913602804701505,79.82720560940301,61.6103234048649
12581,Mid Value,390.1024926882872,130.03416422942908,260.06832845885816,201.49791531696823
12582,Long Tail / Low Value,172.83601136832354,57.61200378944118,115.22400757888236,88.85630706788376
12583,Whales,1665.2569303594446,555.0856434531482,1110.1712869062965,855.2732728133464
12584,Mid Value,650.9413741603628,216.98045805345427,433.96091610690854,334.5452495724849
12585,Mid Value,388.6644761641777,129.55482538805924,259.1096507761185,199.72352353966883
12586,Mid Value,516.8298814895878,172.27662716319594,344.5532543263919,267.182732667366
12587,Mid Value,603.6257054808822,201.20856849362738,402.41713698725476,312.18980832032565
12588,Mid Value,391.1906189270211,130.3968729756737,260.7937459513474,202.06172277196157
12589,Mid Value,557.5605170227378,185.85350567424595,371.7070113484919,287.12052248502283
12590,Mid Value,335.5271411742569,111.84238039141896,223.6847607828379,172.62581114821316
12591,Long Tail / Low Value,96.844367338176,32.281455779392,64.562911558784,49.797415038738954
12592,Long Tail / Low Value,164.5554208707949,54.85180695693163,109.70361391386326,84.66037462296848
12593,Long Tail / Low Value,102.0484765554461,34.01615885181537,68.03231770363074,52.48956267841572
12594,High Value,909.0135182309929,303.00450607699764,606.0090121539953,467.02924925518164
12596,Mid Value,252.24013020550447,84.08004340183483,168.16008680366966,129.7324713953206
12597,Whales,1393.4263402196675,464.47544673988915,928.9508934797783,716.3147249815302
12598,High Value,800.5592760325669,266.8530920108556,533.7061840217112,411.43264663600735
12599,Mid Value,278.26095301790434,92.75365100596811,185.50730201193622,142.98823385191804
12600,Mid Value,678.3286497453627,226.10954991512088,452.21909983024176,348.40404687454827
12601,Long Tail / Low Value,128.91952903042488,42.97317634347496,85.94635268694992,66.23800161806479
12602,Mid Value,323.15131156412167,107.71710385470722,215.43420770941444,166.81557205821355
12603,Mid Value,486.7567312339244,162.25224374464148,324.50448748928295,251.5918625128795
12604,Long Tail / Low Value,53.16567311008865,17.721891036696217,35.443782073392434,27.33927455161119
12607,Mid Value,317.9510195084174,105.98367316947247,211.96734633894494,164.122441087234
12609,Mid Value,345.20958057981727,115.06986019327242,230.13972038654484,177.40653651208407
12610,High Value,820.6343849814494,273.5447949938165,547.089589987633,422.56801060827996
12611,Mid Value,342.0122547590301,114.0040849196767,228.0081698393534,176.5842635559757
12612,Mid Value,282.6020069925805,94.20066899752685,188.4013379950537,145.81926759430186
12613,High Value,1021.8154550688691,340.605151689623,681.210303379246,525.2814841931627
12614,Long Tail / Low Value,108.50905004972884,36.16968334990961,72.33936669981922,55.8143275045086
12615,High Value,1020.2475816370724,340.08252721235743,680.1650544247149,525.0444971092143
12616,Mid Value,277.1601431511127,92.38671438370424,184.7734287674085,142.47992085382978
12617,Mid Value,439.51360057680233,146.50453352560078,293.00906705120155,227.1036212836289
12618,Mid Value,486.8866857774707,162.29556192582356,324.5911238516471,251.6592309457312
12619,Whales,1294.9824284811928,431.66080949373094,863.3216189874619,665.6951532807628
12620,Mid Value,465.1725025145051,155.05750083816835,310.1150016763367,239.303413122315
12621,Whales,3437.724467722211,1145.9081559074036,2291.8163118148072,1765.6609261098556
12622,Long Tail / Low Value,125.72908737226197,41.90969579075399,83.81939158150799,64.7013715270654
12623,Long Tail / Low Value,108.8860241630234,36.29534138767446,72.59068277534892,56.00882317860726
12624,Mid Value,309.00916728583246,103.00305576194415,206.0061115238883,159.04946738514997
12625,Mid Value,526.443175239462,175.481058413154,350.962116826308,270.58370688917097
12626,Whales,1679.816994691113,559.938998230371,1119.877996460742,863.0365161274473
12627,Whales,2295.5442393402004,765.1814131134001,1530.3628262268003,1181.6787206169404
12628,Mid Value,598.2619567837504,199.42065226125013,398.84130452250025,308.5328521515446
12630,Whales,1269.741833035166,423.2472776783887,846.4945553567774,655.38044511456
12631,Mid Value,326.42373150725757,108.80791050241919,217.61582100483838,168.51035619524944
12633,Mid Value,457.9692080615036,152.65640268716785,305.3128053743357,235.3897157570594
12635,High Value,1008.5066170702597,336.16887235675324,672.3377447135065,519.2564279391975
12637,Whales,1383.2378950287732,461.0792983429244,922.1585966858488,710.6878652942726
12638,Mid Value,418.47998443007964,139.4933281433599,278.9866562867198,216.20277111039212
12639,Long Tail / Low Value,123.07009982074692,41.02336660691564,82.04673321383127,63.328775068920585
12640,Mid Value,470.749366104804,156.916455368268,313.832910736536,242.66729346160722
12641,Long Tail / Low Value,213.24575916270317,71.08191972090106,142.1638394418021,109.92883786090489
12642,Mid Value,619.5709773934284,206.5236591311428,413.0473182622856,319.2008053069293
12643,High Value,759.8366686204945,253.27888954016484,506.5577790803297,390.38633328190014
12644,Long Tail / Low Value,196.68010318581435,65.56003439527144,131.1200687905429,101.36171318616272
12645,Mid Value,517.361261636226,172.453753878742,344.907507757484,265.85910476708466
12646,Whales,1294.3423826927228,431.4474608975743,862.8949217951485,667.9512546461607
12647,High Value,913.2635963575832,304.42119878586107,608.8423975717221,469.0694536449552
12648,Long Tail / Low Value,172.9616275565575,57.65387585218583,115.30775170437165,89.09988329331071
12649,Long Tail / Low Value,141.655004640141,47.218334880046996,94.43666976009399,72.86650119641884
12650,Mid Value,649.7565922770397,216.5855307590132,433.1710615180264,336.1152561030675
12651,Long Tail / Low Value,92.57828229255128,30.859427430850427,61.718854861700855,47.59756019036477
12652,Long Tail / Low Value,93.32288888796249,31.10762962932083,62.21525925864166,47.98149699569498
12653,High Value,851.5212385757045,283.8404128585682,567.6808257171364,437.74513849916826
12654,Long Tail / Low Value,160.69131140477532,53.56377046825844,107.12754093651688,82.58383653480504
12656,Whales,1562.5059893425603,520.8353297808534,1041.6706595617068,803.4467548055163
12657,High Value,1065.2199072489993,355.0733024163331,710.1466048326662,549.0921930260994
12658,Mid Value,507.5668374106457,169.18894580354856,338.3778916070971,262.3802799740719
12659,Mid Value,438.8872613395021,146.29575377983403,292.59150755966806,226.77899843572436
12660,Mid Value,565.3083522693072,188.4361174231024,376.8722348462048,292.3191708110634
12662,High Value,953.3299484200662,317.7766494733554,635.5532989467108,489.6407710966537
12664,Whales,1299.0687861855536,433.02292872851785,866.0458574570357,667.4381917471404
12665,Long Tail / Low Value,94.98571457369846,31.661904857899486,63.32380971579897,48.83893230381882
12667,Mid Value,323.84099411336615,107.94699803778872,215.89399607557743,167.17275431918907
12668,High Value,1111.3558486577267,370.45194955257557,740.9038991051511,570.9514531063422
12669,High Value,761.3672590437557,253.78908634791856,507.5781726958371,391.4687526418581
12670,High Value,1057.1047787170237,352.36825957234123,704.7365191446825,543.5730507024825
12672,Long Tail / Low Value,93.75291496652763,31.250971655509208,62.501943311018415,48.20323407779994
12673,Long Tail / Low Value,220.71561619843007,73.57187206614336,147.1437441322867,113.4386629577626
12674,High Value,720.4862958330012,240.1620986110004,480.3241972220008,370.5992737716619
12676,Mid Value,277.5488753363,92.51629177876667,185.03258355753334,142.61873214849726
12678,Whales,4806.598972563492,1602.199657521164,3204.399315042328,2468.9882440557526
12679,Long Tail / Low Value,129.50119294288402,43.16706431429467,86.33412862858934,66.5639923731371
12680,Mid Value,454.5208471039297,151.50694903464324,303.0138980692865,234.11664257829545
12681,Whales,3281.9935959006266,1093.9978653002088,2187.9957306004176,1685.6487002180722
12682,Whales,3011.5800401327947,1003.8600133775982,2007.7200267551964,1546.7093928703703
12683,Whales,2182.240129297017,727.4133764323391,1454.8267528646782,1120.8460637113512
12684,High Value,806.4218814026685,268.8072938008895,537.614587601779,414.7246630200512
12685,Whales,1928.2304916832857,642.7434972277618,1285.4869944555237,993.4959755448169
12686,Long Tail / Low Value,84.48900253802937,28.16300084600979,56.32600169201958,43.4273309966888
12688,Long Tail / Low Value,215.57091458542214,71.85697152847405,143.7139430569481,111.13150528671154
12689,High Value,870.4733146291671,290.15777154305573,580.3155430861115,448.38631115153953
12690,Long Tail / Low Value,138.71595882213398,46.238652940711326,92.47730588142265,71.40689416280983
12691,Mid Value,256.49455413713025,85.49818471237676,170.9963694247535,131.76034640522056
12693,Mid Value,248.49194677444507,82.83064892481502,165.66129784963005,127.69114141958937
12694,Mid Value,386.0203854113827,128.67346180379423,257.34692360758845,198.67247724821777
12695,Mid Value,256.21443684061944,85.40481228020649,170.80962456041297,131.78582635856736
12697,Mid Value,392.5828290037979,130.86094300126595,261.7218860025319,202.05005468400333
12700,Whales,1951.2150420105688,650.405014003523,1300.810028007046,1003.5684596811362
12701,Mid Value,330.90307167350585,110.30102389116861,220.60204778233722,170.1904741704771
12702,Mid Value,500.4700064878899,166.8233354959633,333.6466709919266,258.70102441551313
12703,Mid Value,289.7090069151229,96.56966897170764,193.13933794341528,149.49865838788838
12704,High Value,1061.692872333531,353.89762411117704,707.7952482223541,546.2821817373156
12705,Whales,1691.6955601957043,563.8985200652347,1127.7970401304694,868.9713249392295
12707,Long Tail / Low Value,104.07875580386772,34.69291860128924,69.38583720257849,53.52876602378986
12708,Mid Value,681.2724311533469,227.090810384449,454.181620768898,349.9218010465049
12709,Whales,2417.3819471873753,805.7939823957918,1611.5879647915835,1241.6126996157611
12710,Mid Value,255.23654131354513,85.07884710451505,170.1576942090301,131.30863053995296
12712,High Value,1108.3313435939021,369.4437811979674,738.8875623959348,569.2500170799584
12713,High Value,685.321270978719,228.44042365957299,456.88084731914597,354.5625119446064
12714,Whales,1374.157560108146,458.0525200360487,916.1050400720974,706.2235086827443
12715,Long Tail / Low Value,225.46402751845108,75.15467583948369,150.30935167896737,116.24911622736339
12716,Mid Value,433.8306472366683,144.6102157455561,289.2204314911122,223.44596753874507
12717,Mid Value,291.5008984639966,97.16696615466553,194.33393230933106,149.92051348672572
12718,Mid Value,289.58807864666346,96.52935954888783,193.05871909777565,149.43604994448714
12719,Mid Value,659.3787019712038,219.79290065706792,439.58580131413584,340.1167654948754
12720,Whales,1355.2369024195561,451.74563413985203,903.4912682797041,696.0458564800077
12721,High Value,713.018100531652,237.6727001772173,475.3454003544346,366.2812168535205
12722,Mid Value,447.4428406311793,149.14761354372644,298.2952270874529,230.3248397577302
12723,Mid Value,502.03083238866003,167.34361079622002,334.68722159244004,258.8543840981431
12724,Mid Value,310.4563269073693,103.48544230245643,206.97088460491287,159.5183628677166
12725,Long Tail / Low Value,84.53791391505136,28.179304638350455,56.35860927670091,43.45254154459016
12726,High Value,709.6566118690887,236.5522039563629,473.1044079127258,364.5395291048703
12727,High Value,1109.9686705816491,369.9895568605497,739.9791137210995,570.308723920918
12728,Long Tail / Low Value,205.693684465059,68.564561488353,137.129122976706,105.68928200866436
12729,Long Tail / Low Value,215.7254446264601,71.90848154215337,143.81696308430674,111.21143622718441
12731,Whales,4787.574692451498,1595.858230817166,3191.716461634332,2459.057277777257
12732,Long Tail / Low Value,154.31216664318836,51.43738888106279,102.87477776212558,79.46284837852625
12733,Long Tail / Low Value,124.84726337613107,41.615754458710356,83.23150891742071,64.24615241881095
12734,Long Tail / Low Value,88.47084921913894,29.490283073046314,58.98056614609263,45.479889099526815
12735,Long Tail / Low Value,197.31662468488864,65.77220822829621,131.54441645659242,101.40485782648943
12736,Long Tail / Low Value,93.00998339137948,31.00332779712649,62.00665559425298,47.82015404685927
12738,Long Tail / Low Value,84.36160219344026,28.120534064480086,56.24106812896017,43.36166489348076
12739,Long Tail / Low Value,55.35275929370674,18.450919764568912,36.901839529137824,28.528328942285707
12740,Mid Value,309.0595547314,103.01985157713334,206.03970315426668,159.51800654823742
12743,Long Tail / Low Value,199.15915052932863,66.38638350977621,132.77276701955242,102.57603727098677
12744,Whales,6151.203422518236,2050.401140839412,4100.802281678824,3160.567811441164
12747,High Value,1029.2679396020687,343.08931320068956,686.1786264013791,528.6555853147179
12748,Whales,8091.223311454096,2697.074437151365,5394.14887430273,4155.38948960267
12749,Whales,1550.622646947858,516.8742156492859,1033.7484312985719,797.5037047408019
12750,Long Tail / Low Value,197.70711945300684,65.90237315100228,131.80474630200456,101.89277651931525
12752,Mid Value,267.5804953733008,89.19349845776692,178.38699691553384,138.04333951144844
12753,Whales,5262.016112699965,1754.0053708999883,3508.0107417999766,2702.9966991463534
12754,High Value,1084.4779586767145,361.49265289223814,722.9853057844763,557.363332156096
12755,Long Tail / Low Value,9.822941703445625,3.274313901148542,6.548627802297084,5.047276288172491
12756,Mid Value,257.59853633501837,85.86617877833946,171.73235755667892,132.87687814218776
12757,Whales,3053.0742941209683,1017.6914313736561,2035.3828627473122,1570.0446526619423
12758,High Value,777.5892754692289,259.19642515640965,518.3928503128193,399.80491465992435
12759,Mid Value,506.2339674845273,168.74465582817575,337.4893116563515,260.24452887085687
12762,Whales,3949.5077929342333,1316.5025976447444,2633.0051952894887,2039.8801043753726
12763,Long Tail / Low Value,88.16763475550846,29.389211585169488,58.778423170338975,45.30170684133891
12764,Long Tail / Low Value,97.05974681929831,32.353248939766104,64.70649787953221,49.90848806873412
12766,Whales,1664.8682602745448,554.9560867581816,1109.9121735163633,855.1718074798963
12769,Long Tail / Low Value,123.02815985932963,41.00938661977654,82.01877323955308,63.30712614779444
12770,Long Tail / Low Value,136.09058414222042,45.36352804740681,90.72705609481362,70.0511300699913
12772,Mid Value,320.0000453266946,106.66668177556487,213.33336355112974,165.18357769651422
12775,Mid Value,411.071338471932,137.023779490644,274.047558981288,211.2363791896376
12778,Long Tail / Low Value,231.89740754065514,77.29913584688505,154.5982716937701,119.15980196822224
12779,High Value,1029.0112262894224,343.0037420964741,686.0074841929483,528.5349358811939
12781,Long Tail / Low Value,176.14821296284995,58.716070987616654,117.43214197523331,90.56203629917171
12782,Mid Value,581.5232613302419,193.84108711008062,387.68217422016124,298.73574161024675
12783,Whales,1815.784119139721,605.2613730465737,1210.5227460931474,935.958255116849
12784,Long Tail / Low Value,187.56143984901186,62.52047994967062,125.04095989934125,96.91343156060609
12785,Long Tail / Low Value,85.93812331066853,28.646041103556175,57.29208220711235,44.174279764762105
12787,Long Tail / Low Value,193.11050080497347,64.37016693499116,128.74033386998232,99.35784714221236
12789,Mid Value,304.0959371259385,101.36531237531284,202.73062475062568,156.94776379944608
12790,Long Tail / Low Value,146.1944264268283,48.731475475609436,97.46295095121887,75.26936347545147
12791,Long Tail / Low Value,84.10631021064927,28.03543673688309,56.07087347376618,43.230080613106296
12792,Long Tail / Low Value,115.89020189477169,38.63006729825723,77.26013459651446,59.62302103076696
12793,Long Tail / Low Value,169.87268310293308,56.62422770097769,113.24845540195538,87.2817742024554
12794,High Value,757.1536176113036,252.38453920376787,504.76907840753574,390.23673454068165
12795,Mid Value,507.59207738019774,169.19735912673258,338.39471825346516,262.3933654772168
12797,Long Tail / Low Value,85.70828779301254,28.569429264337515,57.13885852867503,44.05580785806411
12798,Whales,3686.9976026611025,1228.9992008870342,2457.9984017740685,1897.5497073330869
12802,Long Tail / Low Value,149.74341322166495,49.914471073888315,99.82894214777663,77.10260397902161
12808,Long Tail / Low Value,129.92961253118602,43.309870843728675,86.61974168745735,66.7502594287585
12809,Long Tail / Low Value,155.63388606473652,51.87796202157884,103.75592404315768,80.14570542887535
12811,Long Tail / Low Value,81.4377825701945,27.145927523398168,54.291855046796336,41.86249175395257
12812,Mid Value,369.97182464280166,123.32394154760055,246.6478830952011,191.06801051679213
12814,Long Tail / Low Value,232.61029690550313,77.53676563516771,155.07353127033542,119.94627580876188
12815,Mid Value,360.84450205838056,120.28150068612685,240.5630013722537,185.67969311772234
12816,Long Tail / Low Value,232.98140789504592,77.66046929834864,155.3209385966973,119.91905604955622
12817,Long Tail / Low Value,107.2932741967062,35.7644247322354,71.5288494644708,55.187079277228214
12818,Long Tail / Low Value,114.05496707638807,38.01832235879602,76.03664471759204,58.67594425208983
12820,Mid Value,277.8404397940654,92.61347993135513,185.22695986271026,142.7653727340749
12821,Long Tail / Low Value,134.18600612603083,44.72866870867694,89.45733741735388,69.06765359261007
12822,Mid Value,382.86577845260274,127.62192615086758,255.24385230173516,197.37773184611615
12823,Mid Value,526.5419159352488,175.51397197841627,351.02794395683253,270.60273059888596
12824,Mid Value,320.419844387376,106.80661479579199,213.61322959158397,165.40098290836727
12826,Mid Value,377.98641256239694,125.99547085413231,251.99094170826461,194.1566908547768
12827,Mid Value,342.80821777102483,114.26940592367494,228.53881184734988,176.89883854270977
12828,Mid Value,533.3731130228607,177.7910376742869,355.5820753485738,274.61886727560443
12829,Long Tail / Low Value,83.69225971870885,27.897419906236284,55.79483981247257,43.00459424612517
12830,Whales,2496.147063625118,832.0490212083727,1664.0980424167453,1284.3956614706185
12831,Long Tail / Low Value,113.70740366911511,37.902467889705036,75.80493577941007,58.496590089772475
12832,Long Tail / Low Value,166.28057281357337,55.42685760452446,110.85371520904891,85.70109148046457
12833,Long Tail / Low Value,180.89845341251993,60.29948447083998,120.59896894167996,93.20238417265954
12834,Long Tail / Low Value,106.88498979979926,35.62832993326642,71.25665986653284,54.97644167756275
12836,Mid Value,655.2396964450353,218.4132321483451,436.8264642966902,336.72324098613154
12837,Long Tail / Low Value,158.5413822135438,52.8471274045146,105.6942548090292,81.64791875102684
12838,Long Tail / Low Value,141.92880119261764,47.309600397539214,94.61920079507843,72.92306831507973
12839,Whales,1371.3991632214645,457.1330544071548,914.2661088143096,704.3766169002595
12840,High Value,836.1629809941021,278.7209936647007,557.4419873294014,430.01303962691435
12841,High Value,939.2314106282383,313.07713687607946,626.1542737521589,482.38069132414
12842,Mid Value,475.0125931970483,158.33753106568278,316.67506213136556,244.16910409137643
12843,Mid Value,587.1125254587963,195.7041751529321,391.4083503058642,301.7852825048561
12844,Long Tail / Low Value,178.93279374925527,59.64426458308509,119.28852916617018,92.1647361326619
12845,Long Tail / Low Value,39.20607433075053,13.06869144358351,26.13738288716702,20.150929852287277
12847,Mid Value,480.86239031404943,160.2874634380165,320.574926876033,248.53627539195236
12849,Long Tail / Low Value,228.00803944443163,76.00267981481055,152.0053596296211,117.2407174945757
12851,Long Tail / Low Value,240.4745978605065,80.1581992868355,160.316398573671,124.01533973191215
12852,Long Tail / Low Value,103.18259473538278,34.39419824512759,68.78839649025518,53.066487794427886
12853,Mid Value,485.58103707836597,161.86034569278866,323.7206913855773,249.50882473419838
12854,Mid Value,380.9506831621723,126.98356105405743,253.96712210811486,195.77413934799227
12855,Long Tail / Low Value,84.28869972907428,28.09623324302476,56.19246648604952,43.32408886648528
12856,Whales,1885.3863358677365,628.4621119559122,1256.9242239118244,972.1391358037097
12857,Long Tail / Low Value,173.96954356448163,57.98984785482721,115.97969570965442,89.42909237546587
12863,Mid Value,342.1560803402393,114.05202678007977,228.10405356015954,176.65876110036092
12864,Long Tail / Low Value,187.5072017384083,62.50240057946943,125.00480115893886,96.61890316262195
12865,High Value,709.9913572019755,236.66378573399183,473.32757146798366,365.7474887286596
12866,Long Tail / Low Value,106.62508865477953,35.541696218259844,71.08339243651969,54.84235797229803
12867,High Value,1053.4854927787792,351.1618309262597,702.3236618525194,541.1499138409798
12868,Mid Value,366.5033382528521,122.16777941761735,244.3355588352347,188.25380652016992
12871,Long Tail / Low Value,203.18749814722884,67.72916604907628,135.45833209815257,104.54296765884628
12872,Long Tail / Low Value,94.09113443800213,31.363711479334043,62.727422958668086,48.346458403304815
12873,Long Tail / Low Value,106.95337450131754,35.65112483377251,71.30224966754503,55.01172174237688
12875,Long Tail / Low Value,26.75293523945222,8.917645079817406,17.835290159634813,13.746597461183493
12876,Whales,1265.7947880027907,421.93159600093026,843.8631920018605,651.3557092449033
12877,Mid Value,379.2285522490415,126.40951741634717,252.81903483269434,194.79124165841358
12878,Mid Value,312.71498943448876,104.23832981149626,208.4766596229925,160.79962020819963
12879,Mid Value,457.4148412210333,152.47161374034445,304.9432274806889,235.73882872927294
12881,Long Tail / Low Value,109.18848260513602,36.39616086837867,72.79232173675734,56.16487520935309
12882,Whales,2465.145258038406,821.7150860128021,1643.4301720256042,1272.83200301404
12883,Mid Value,395.61788165293484,131.87262721764495,263.7452544352899,203.87828292410492
12884,Mid Value,254.2079666611226,84.73598888704088,169.47197777408175,131.12212697378138
12885,Mid Value,454.42390488106327,151.47463496035442,302.94926992070884,234.04693329463075
12886,Mid Value,469.7679619952988,156.5893206650996,313.1786413301992,241.66950297791493
12888,Long Tail / Low Value,52.63078052494964,17.543593508316548,35.087187016633095,27.065748023293935
12890,Mid Value,469.24407827012953,156.41469275670985,312.8293855134197,242.51364868203413
12891,Long Tail / Low Value,121.64157444296876,40.54719148098959,81.09438296197918,62.52486972942533
12893,Mid Value,433.6791205552189,144.55970685173963,289.11941370347927,224.0797321711573
12895,Long Tail / Low Value,163.9180835549593,54.639361184986434,109.27872236997287,84.50577768596578
12897,Long Tail / Low Value,51.90350757724568,17.301169192415227,34.60233838483045,26.681212777056572
12901,Whales,5739.320507489212,1913.1068358297373,3826.2136716594746,2949.6607210535662
12902,Long Tail / Low Value,112.97706903961698,37.65902301320566,75.31804602641132,58.119720349476715
12904,Long Tail / Low Value,240.57276646323265,80.19092215441088,160.38184430882177,123.83322659416824
12906,Whales,1339.7397750798978,446.57992502663257,893.1598500532651,690.5567342837232
12908,Long Tail / Low Value,245.24428808347596,81.74809602782533,163.49619205565065,126.05828403444056
12909,High Value,789.338520680822,263.11284022694065,526.2256804538813,405.8047839154826
12910,High Value,936.5277467082353,312.17591556941176,624.3518311388235,481.4888209707794
12912,Whales,1855.220322705941,618.4067742353137,1236.8135484706274,957.3007678789052
12913,Mid Value,626.7761217785047,208.92537392616825,417.8507478523365,321.962128474506
12915,Long Tail / Low Value,82.43638020299059,27.478793400996864,54.95758680199373,42.35610377534615
12916,High Value,756.404312055892,252.13477068529733,504.26954137059465,388.68621011038886
12917,Long Tail / Low Value,198.04855292549843,66.01618430849948,132.03236861699895,102.06933164282594
12919,Mid Value,624.5342373971824,208.17807913239415,416.3561582647883,321.3632789289046
12920,Mid Value,516.4166638828365,172.13888796094548,344.27777592189096,266.96849514085835
12921,Whales,4060.512680034273,1353.504226678091,2707.008453356182,2085.394544798713
12922,Long Tail / Low Value,167.42186163506244,55.80728721168748,111.61457442337496,86.23681217920455
12923,Mid Value,307.01795571177286,102.33931857059095,204.6786371411819,158.46081882440566
12924,Mid Value,310.7428156849154,103.58093856163846,207.16187712327692,159.67079156065864
12925,Mid Value,552.0636393620625,184.02121312068752,368.04242624137504,284.69317169213457
12928,Mid Value,516.743163647588,172.24772121586264,344.4954424317253,265.45448783450223
12929,Long Tail / Low Value,98.41085748933715,32.80361916311238,65.60723832622476,50.605289209505244
12930,Long Tail / Low Value,184.5850197850164,61.5283399283388,123.0566798566776,95.01523362009277
12931,Whales,11262.561919573644,3754.1873065245477,7508.374613049095,5784.964283093718
12933,Long Tail / Low Value,227.73123837824153,75.91041279274718,151.82082558549436,117.06435198985491
12935,Mid Value,556.0081078884931,185.33603596283103,370.67207192566207,285.68223149262656
12936,Mid Value,278.37514233990424,92.79171411330141,185.58342822660282,143.49521403918382
12937,Mid Value,547.0620266438527,182.35400888128424,364.7080177625685,281.22906683605555
12938,Mid Value,461.5916697807981,153.8638899269327,307.7277798538654,238.54701305996198
12939,Whales,2893.8176878850436,964.6058959616812,1929.2117919233624,1486.694534164169
12940,High Value,806.0789949159528,268.6929983053176,537.3859966106352,415.5542595920622
12942,Long Tail / Low Value,151.57052530420142,50.523508434733806,101.04701686946761,77.86947976404622
12944,Long Tail / Low Value,167.45721481224484,55.819071604081614,111.63814320816323,86.04973531366322
12945,Long Tail / Low Value,105.06453167109565,35.02151055703188,70.04302111406376,54.037289372936705
12947,Mid Value,361.12944617979423,120.3764820599314,240.7529641198628,185.49367041500307
12948,Mid Value,637.803871273512,212.601290424504,425.202580849008,327.8473246496837
12949,High Value,1008.5845422492171,336.1948474164057,672.3896948328114,518.4829072827157
12950,Whales,3078.6930898169985,1026.2310299389994,2052.462059877999,1589.8369423575946
12951,Mid Value,281.1199290048328,93.70664300161093,187.41328600322186,144.43470602774713
12952,High Value,685.6302844661483,228.54342815538277,457.08685631076554,353.42574809051536
12953,Mid Value,582.3501861158466,194.11672870528218,388.23345741056437,301.1564506011745
12955,Whales,1513.720840598239,504.5736135327463,1009.1472270654926,778.0265329700998
12956,Long Tail / Low Value,99.82544143185248,33.275147143950825,66.55029428790165,51.33486513281737
12957,High Value,1076.948746080476,358.98291536015864,717.9658307203173,553.2632439135175
12962,Long Tail / Low Value,127.47318772208472,42.49106257402824,84.98212514805648,65.67956575654172
12963,Mid Value,418.329272011033,139.44309067034433,278.88618134068867,214.87520304264987
12965,Mid Value,252.58516022152443,84.19505340717481,168.39010681434962,130.28228754272737
12966,Mid Value,583.6443677025853,194.54812256752845,389.0962451350569,301.82758551465986
12967,Long Tail / Low Value,105.24154008108023,35.08051336036008,70.16102672072016,54.073766158889654
12968,Long Tail / Low Value,217.25921065494958,72.4197368849832,144.8394737699664,112.00478986167934
12970,Long Tail / Low Value,141.8868281885733,47.295609396191104,94.59121879238221,72.90907896957329
12971,Whales,2752.6326177976625,917.5442059325542,1835.0884118651084,1413.6813867944084
12974,Long Tail / Low Value,143.15930862470262,47.71976954156754,95.43953908313507,73.7016969980786
12976,Long Tail / Low Value,135.58354461692713,45.19451487230904,90.38902974461809,69.78930235039476
12977,Long Tail / Low Value,171.46830217930986,57.15610072643662,114.31220145287324,88.32806699379258
12980,Whales,1548.0858484458126,516.0286161486042,1032.0572322972084,795.1979200445318
12981,Long Tail / Low Value,214.75281493131763,71.58427164377254,143.16854328754508,110.60923708140301
12982,Long Tail / Low Value,121.38686151135376,40.462287170451255,80.92457434090251,62.4599295803868
12984,Mid Value,508.24920416613935,169.41640138871313,338.83280277742625,262.734049172494
12985,Whales,1292.0693998204345,430.68979994014484,861.3795998802897,667.2613493160638
12987,Long Tail / Low Value,216.60769866416788,72.20256622138929,144.40513244277858,111.46105471355645
12988,Long Tail / Low Value,103.85132553728263,34.61710851242754,69.23421702485508,53.411446280590994
12989,Whales,1780.26031893524,593.4201063117467,1186.8402126234935,914.3863238817154
12990,Long Tail / Low Value,132.96057717677346,44.320192392257816,88.64038478451563,68.33368531313394
12991,Mid Value,261.86254863046327,87.28751621015442,174.57503242030884,134.92538507521863
12993,Long Tail / Low Value,121.86470891186295,40.62156963728765,81.2431392745753,62.63152464719836
12994,Mid Value,298.34478581786675,99.44826193928891,198.89652387857782,153.38213711489695
12995,Mid Value,259.9611060800338,86.65370202667793,173.30740405335587,134.09964196674161
12997,Mid Value,339.06086406311084,113.02028802103695,226.0405760420739,174.2338659172955
12999,Long Tail / Low Value,61.077758289586534,20.35925276319551,40.71850552639102,31.40729983579973
13000,Long Tail / Low Value,122.32267808452153,40.77422602817384,81.54845205634768,62.843767043891084
13001,Whales,2642.401659151852,880.8005530506174,1761.6011061012348,1357.5350392971222
13002,Long Tail / Low Value,96.59146948412118,32.19715649470706,64.39431298941412,49.66699469630223
13003,Long Tail / Low Value,52.25199976782827,17.417333255942758,34.834666511885516,26.877449719558065
13004,Whales,1410.9165133975473,470.3055044658491,940.6110089316982,724.7026446187914
13005,Long Tail / Low Value,131.54284293499865,43.84761431166621,87.69522862333243,67.65262837403282
13006,Mid Value,329.43505348586285,109.81168449528762,219.62336899057524,170.0699586844326
13008,Long Tail / Low Value,95.29926900573702,31.76642300191234,63.53284600382468,49.000623097409715
13011,Long Tail / Low Value,84.35265453157652,28.117551510525505,56.23510302105101,43.35705300443996
13012,Mid Value,429.19784076536615,143.0659469217887,286.1318938435774,220.56118615171042
13013,High Value,1044.6454862722962,348.21516209076543,696.4303241815309,536.5400712382012
13014,High Value,1009.1752891163686,336.3917630387895,672.783526077579,518.646455708004
13015,Whales,1167.505134412868,389.1683781376227,778.3367562752454,600.2453309691314
13016,Mid Value,311.04756113115087,103.6825203770503,207.3650407541006,160.20263213110852
13017,Mid Value,604.9594403376396,201.65314677921322,403.30629355842643,312.8814980396965
13018,Whales,2136.3466860765284,712.1155620255095,1424.231124051019,1097.7384843274863
13021,High Value,691.1911768537266,230.3970589512422,460.7941179024844,355.0407732237432
13023,Mid Value,409.67381482370985,136.55793827456995,273.1158765491399,211.01801337298048
13026,Mid Value,347.59055116918967,115.86351705639656,231.72703411279312,178.66485357647542
13027,Whales,1612.8186128693806,537.6062042897935,1075.212408579587,828.5137926112213
13028,Mid Value,667.7500231612827,222.5833410537609,445.1666821075218,344.63993746942236
13029,Mid Value,327.24019575156086,109.08006525052029,218.16013050104058,168.13249565968857
13030,Long Tail / Low Value,178.71906257562236,59.57302085854079,119.14604171708157,91.82877184085292
13032,High Value,772.2779236711549,257.42597455705163,514.8519491141033,398.13141180389835
13033,Long Tail / Low Value,87.40802940187567,29.13600980062522,58.27201960125044,44.93199214977613
13034,Long Tail / Low Value,241.34299822376218,80.44766607458739,160.89533214917478,124.00522340702149
13035,Mid Value,398.71437519574215,132.90479173191406,265.8095834638281,205.03173579496823
13037,Mid Value,303.0374661879127,101.01248872930422,202.02497745860845,155.81172299884832
13038,Long Tail / Low Value,228.66325089102273,76.22108363034091,152.44216726068183,117.53684508244132
13040,High Value,936.5984896275384,312.1994965425128,624.3989930850256,483.5970855087664
13043,Long Tail / Low Value,109.90127653499206,36.63375884499735,73.2675176899947,56.532644604116356
13044,Long Tail / Low Value,104.16311822856402,34.72103940952134,69.44207881904268,53.5722845762854
13045,Long Tail / Low Value,235.8672763614436,78.62242545381453,157.24485090762906,121.63141476206846
13046,Mid Value,289.52004759595155,96.50668253198386,193.0133650639677,148.87275809270503
13047,High Value,791.1485786452632,263.7161928817544,527.4323857635088,406.3457830560281
13048,Mid Value,480.47880744761693,160.159602482539,320.319204965078,246.88741947479326
13049,Mid Value,288.81284182084073,96.27094727361357,192.54189454722714,148.4465900457939
13050,Whales,1439.5710733592985,479.8570244530995,959.714048906199,739.3849240855102
13052,Long Tail / Low Value,135.1634236617382,45.05447455391273,90.10894910782547,69.57236093775694
13055,Mid Value,495.3319312475414,165.11064374918047,330.22128749836094,254.79234270823576
13058,Long Tail / Low Value,170.254890113062,56.751630037687335,113.50326007537467,87.64755288243407
13059,Long Tail / Low Value,118.55744380003406,39.51914793334469,79.03829586668938,60.999560742354625
13060,Long Tail / Low Value,117.02506669169189,39.0083555638973,78.0167111277946,60.20869969634322
13061,Mid Value,287.20026905087605,95.73342301695868,191.46684603391736,148.19982000452526
13062,Long Tail / Low Value,146.81775174718737,48.93925058239579,97.87850116479159,75.59133211878958
13064,Mid Value,323.5382650592367,107.84608835307891,215.69217670615782,166.2456395977733
13065,Long Tail / Low Value,84.15080606158782,28.05026868719594,56.10053737439188,43.25301484763496
13066,High Value,803.3269448258937,267.7756482752979,535.5512965505958,414.80168588508354
13067,Mid Value,265.59682807580475,88.53227602526825,177.0645520505365,137.01658541559405
13068,Long Tail / Low Value,104.34871690743832,34.782905635812774,69.56581127162555,53.633554532717234
13069,High Value,1049.482962865034,349.8276542883447,699.6553085766894,539.011838892872
13070,Long Tail / Low Value,146.18241173418275,48.72747057806092,97.45494115612183,75.26315753061819
13072,Long Tail / Low Value,112.21265934210373,37.40421978070125,74.8084395614025,57.72527726050111
13075,Long Tail / Low Value,196.6695866256171,65.5565288752057,131.1130577504114,101.35627519215998
13077,Long Tail / Low Value,135.50029111826979,45.16676370608993,90.33352741217986,69.60777509142422
13078,Whales,3107.0832212023192,1035.6944070674397,2071.3888141348793,1595.8114198807473
13079,Long Tail / Low Value,132.1002187088581,44.033406236286034,88.06681247257207,68.00622381700353
13080,Long Tail / Low Value,154.40734727916552,51.46911575972184,102.93823151944368,79.51202205704016
13081,Whales,6927.480517345213,2309.1601724484044,4618.320344896809,3558.073847384826
13082,High Value,887.957565779447,295.98585525981565,591.9717105196313,456.16935536277305
13083,Long Tail / Low Value,191.2204460369218,63.74014867897393,127.48029735794786,98.60774780446073
13085,Long Tail / Low Value,84.03105908251769,28.010353027505897,56.02070605501179,43.19859149900677
13089,Whales,14405.507408210404,4801.835802736801,9603.671605473603,7398.401263426508
13090,Whales,2282.174065158536,760.7246883861786,1521.4493767723573,1172.132644210884
13091,Mid Value,445.31407118912875,148.43802372970958,296.87604745941917,230.10997235492334
13092,Long Tail / Low Value,90.93530604513047,30.31176868171016,60.62353736342032,46.71404847346067
13093,Long Tail / Low Value,181.21805272111888,60.40601757370629,120.81203514741259,93.07869279470319
13094,Mid Value,454.22791184994674,151.40930394998225,302.8186078999645,233.30117693015197
13095,Mid Value,291.50372818423904,97.16790939474635,194.3358187894927,150.42785208402657
13097,Whales,1571.2915819780796,523.7638606593599,1047.5277213187198,807.1003138445784
13098,Whales,8183.215296922708,2727.7384323075694,5455.476864615139,4204.204656437038
13099,Long Tail / Low Value,236.03615970208057,78.67871990069352,157.35743980138705,121.71879591709295
13101,Long Tail / Low Value,124.81647312237274,41.605491040790916,83.21098208158183,64.23025796136446
13102,Whales,1576.2557486489266,525.4185828829756,1050.837165765951,809.5798307667213
13103,Mid Value,390.22739180067924,130.0757972668931,260.1515945337862,201.5626310074109
13104,Mid Value,301.22423449033397,100.40807816344466,200.8161563268893,154.7405155066559
13106,Long Tail / Low Value,192.6473520818675,64.21578402728916,128.43156805457832,99.2764983240019
13107,Mid Value,339.4488315970424,113.14961053234747,226.29922106469493,174.4139806170757
13108,Long Tail / Low Value,84.29667158547224,28.098890528490745,56.19778105698149,43.328197784449195
13109,Mid Value,420.64748366096967,140.2158278869899,280.4316557739798,216.57255006395133
13110,Mid Value,399.3176212305462,133.1058737435154,266.2117474870308,205.18469525548176
13113,Whales,3056.2447048435806,1018.7482349478602,2037.4964698957203,1569.7071024570778
13115,High Value,813.1374178183576,271.0458059394525,542.091611878905,418.37281201718883
13116,Long Tail / Low Value,187.56865337770836,62.52288445923612,125.04576891847223,96.65067379750796
13117,Long Tail / Low Value,216.39109726733489,72.1303657557783,144.2607315115566,111.14513784152712
13118,Mid Value,377.122324878749,125.70744162624966,251.41488325249932,193.82430457972424
13120,Long Tail / Low Value,123.02640076685272,41.00880025561757,82.01760051123514,63.30621812530759
13121,Long Tail / Low Value,111.29257989154006,37.09752663051335,74.1950532610267,57.25052092978634
13122,Long Tail / Low Value,15.984100002441911,5.328033334147304,10.656066668294608,8.221129793456905
13124,High Value,923.3836496852257,307.79454989507525,615.5890997901505,474.40705629100495
13126,Mid Value,530.7350055401772,176.9116685133924,353.8233370267848,272.6110959100125
13127,Mid Value,275.58219876824535,91.86073292274845,183.7214658454969,142.1852855887338
13130,Long Tail / Low Value,243.9534650463165,81.3178216821055,162.635643364211,125.81547602227155
13131,Mid Value,478.64491677496864,159.5483055916562,319.0966111833124,246.28443295027247
13132,Long Tail / Low Value,114.06454003507267,38.021513345024225,76.04302669004845,58.68088424417403
13133,Long Tail / Low Value,30.51882199361212,10.172940664537373,20.345881329074746,15.687982511226355
13134,Mid Value,590.9663425544092,196.98878085146973,393.97756170293945,303.8735855212212
13135,Long Tail / Low Value,143.76531694862496,47.92177231620832,95.84354463241664,74.01469593093066
13136,High Value,969.4780149919898,323.1593383306633,646.3186766613265,498.6189311476248
13137,High Value,1102.0293397540183,367.34311325133945,734.6862265026789,566.2659546760594
13138,Long Tail / Low Value,222.63765602278713,74.2125520075957,148.4251040151914,114.3581575808922
13139,Whales,1779.6728747357397,593.2242915785799,1186.4485831571599,914.836962137702
13140,Long Tail / Low Value,96.85593281633449,32.28531093877816,64.57062187755632,49.75958490735086
13141,High Value,744.9133397174934,248.3044465724978,496.6088931449956,382.7761472256263
13142,Mid Value,502.0994570690267,167.36648568967556,334.7329713793511,259.5457817546846
13144,Long Tail / Low Value,93.04313920039199,31.014379733463997,62.028759466927994,47.83725002227809
13145,Long Tail / Low Value,104.3109909102664,34.770330303422135,69.54066060684427,53.583698259120986
13146,Mid Value,456.6742560042134,152.22475200140448,304.44950400280896,235.99813939142604
13147,Mid Value,533.568653354926,177.85621778497534,355.7124355699507,274.9093788525655
13148,High Value,906.5611578108918,302.1870526036306,604.3741052072612,465.6401445355643
13149,Mid Value,516.8902566795134,172.29675222650448,344.59350445300896,265.67057195823264
13151,Long Tail / Low Value,102.93219386106068,34.310731287020225,68.62146257404045,52.93732310809586
13153,Mid Value,624.7114034278362,208.2371344759454,416.4742689518908,323.12538662650013
13155,Long Tail / Low Value,191.73283429067362,63.91094476355787,127.82188952711574,98.49374794443078
13157,Mid Value,595.7006948030598,198.5668982676866,397.1337965353732,306.15621189454316
13158,Mid Value,342.5489329993715,114.18297766645718,228.36595533291435,176.0247476580893
13159,High Value,788.1150557152474,262.7050185717491,525.4100371434982,405.9291371973989
13160,Mid Value,480.8216450226875,160.27388167422916,320.5477633484583,248.51515357221626
13161,Long Tail / Low Value,97.89532363296803,32.631774544322674,65.26354908864535,50.33941123018948
13162,Mid Value,322.7183136123675,107.5727712041225,215.145542408245,165.81640717443318
13165,Mid Value,351.8987354192792,117.29957847309306,234.59915694618613,180.830719722208
13166,Long Tail / Low Value,106.6393965371036,35.54646551236787,71.09293102473573,54.849739414371626
13167,Mid Value,381.5234334526995,127.17447781756651,254.34895563513302,196.41367928049806
13168,Mid Value,248.524195706882,82.84139856896067,165.68279713792134,127.70864286179878
13169,Long Tail / Low Value,146.2495665127567,48.74985550425223,97.49971100850446,75.21199330621549
13170,Mid Value,455.90015987648826,151.96671995882943,303.93343991765886,235.59690269431306
13171,Long Tail / Low Value,144.19282754866498,48.064275849554996,96.12855169910999,74.11245999205545
13173,Long Tail / Low Value,96.95927031901536,32.31975677300512,64.63951354601024,49.81956201665618
13174,Mid Value,499.95302280190384,166.6510076006346,333.3020152012692,256.8455646262519
13176,Mid Value,363.32990164016485,121.10996721338829,242.21993442677658,187.6270684073235
13177,Mid Value,306.3141712711323,102.1047237570441,204.2094475140882,158.09638736415275
13178,Whales,1371.0258258318536,457.00860861061784,914.0172172212357,704.2262093580155
13182,Mid Value,366.77157232766456,122.25719077588819,244.51438155177638,189.41005493746388
13183,High Value,994.2754262128742,331.4251420709581,662.8502841419162,510.80031449144406
13184,Mid Value,485.37815289005886,161.7927176300196,323.5854352600392,249.4333393753119
13185,Long Tail / Low Value,111.91696791389074,37.305655971296915,74.61131194259383,57.57270031985716
13186,Mid Value,495.9407216492467,165.31357388308223,330.62714776616446,255.4066349569202
13187,Long Tail / Low Value,91.92798343039858,30.642661143466196,61.28532228693239,47.26226052683352
13188,Mid Value,566.0743237986048,188.69144126620162,377.38288253240324,292.71636578773257
13189,Long Tail / Low Value,173.40827235196645,57.802757450655484,115.60551490131097,89.34376951173391
13192,Mid Value,364.8276617265871,121.60922057552904,243.21844115105807,187.71373702581963
13193,Mid Value,314.9525413039531,104.98418043465104,209.96836086930207,162.56964213985822
13194,Long Tail / Low Value,190.3328103864628,63.44427012882093,126.88854025764186,98.07978703533982
13196,Mid Value,555.4359643064472,185.1453214354824,370.2906428709648,285.5462762816227
13198,High Value,893.4931859761209,297.8310619920403,595.6621239840806,458.9727584602531
13199,Whales,2371.921793732525,790.6405979108417,1581.2811958216835,1218.215096983242
13200,Mid Value,419.653561068926,139.88452035630868,279.76904071261737,216.10534382823835
13203,Mid Value,325.4632473523536,108.4877491174512,216.9754982349024,167.3493790854674
13207,Long Tail / Low Value,58.950808030329696,19.65026934344323,39.30053868688646,30.354318466728152
13208,Mid Value,354.2635728894162,118.0878576298054,236.1757152596108,182.04145211272768
13209,Whales,1573.2720162830742,524.4240054276914,1048.8480108553829,808.1316490516674
13210,Long Tail / Low Value,245.12591346861754,81.70863782287252,163.41727564574504,126.42217677866618
13211,Mid Value,365.81378014570197,121.93792671523398,243.87585343046797,187.94199947350893
13212,High Value,770.0384358569567,256.67947861898557,513.3589572379711,397.1562231984258
13213,Mid Value,601.8338636287742,200.61128787625807,401.22257575251615,309.57862182274255
13216,Long Tail / Low Value,111.92230372467972,37.30743457489324,74.61486914978649,57.57545358724897
13217,Mid Value,302.545318717526,100.84843957250867,201.69687914501733,155.7392240407586
13218,Long Tail / Low Value,199.16469652321476,66.38823217440492,132.77646434880984,102.64649645724829
13220,Mid Value,342.3441023179941,114.1147007726647,228.2294015453294,176.03929748546315
13221,Long Tail / Low Value,172.08994479030414,57.36331493010138,114.72662986020276,88.42755718499805
13223,Long Tail / Low Value,43.9481928515499,14.649397617183299,29.298795234366597,22.605803089033444
13224,High Value,974.9536828712749,324.9845609570916,649.9691219141832,502.00573263239903
13225,Whales,1516.202900206644,505.400966735548,1010.801933471096,778.8307075839875
13226,Long Tail / Low Value,109.89730120534243,36.63243373511414,73.26486747022828,56.530593488111
13227,Long Tail / Low Value,140.95873007672498,46.986243358908325,93.97248671781665,72.56515652535873
13228,Mid Value,267.6585646387385,89.21952154624616,178.4390430924923,138.0837489496774
13229,Long Tail / Low Value,128.80626404405527,42.93542134801842,85.87084269603685,66.28998152488556
13230,High Value,707.6284899509615,235.87616331698715,471.7523266339743,363.45587910717217
13232,Mid Value,489.31152756737526,163.10384252245842,326.20768504491684,251.5661309591034
13233,Long Tail / Low Value,165.41949570420428,55.13983190140143,110.27966380280286,85.01289306171533
13235,Long Tail / Low Value,135.22753333995342,45.07584444665114,90.15168889330228,69.60546562787985
13236,Mid Value,411.5053036886511,137.1684345628837,274.3368691257674,212.05364059955818
13238,Long Tail / Low Value,201.47657921699553,67.15885973899852,134.31771947799703,103.50411270778986
13239,Long Tail / Low Value,114.02953098482352,38.00984366160784,76.01968732321568,58.66281831893752
13240,Long Tail / Low Value,142.4668822870713,47.488960762357095,94.97792152471419,73.18697249782271
13242,Long Tail / Low Value,129.62632396575862,43.208774655252874,86.41754931050575,66.67821196650502
13243,Long Tail / Low Value,139.89126376786658,46.630421255955525,93.26084251191105,72.01386273881506
13244,Mid Value,247.06733821065075,82.35577940355024,164.7115588071005,127.426815942544
13245,Mid Value,348.4956228005352,116.1652076001784,232.3304152003568,179.94254437611977
13246,Mid Value,522.024379796357,174.00812659878568,348.01625319757136,268.207598920644
13247,Long Tail / Low Value,200.30002017475132,66.76667339158378,133.53334678316756,103.23927822599482
13248,Long Tail / Low Value,69.07674505566536,23.025581685221784,46.05116337044357,35.548773504638085
13249,Long Tail / Low Value,203.5693868460108,67.85646228200359,135.71292456400718,104.66383262954807
13253,Mid Value,295.81105039263696,98.60368346421232,197.20736692842465,152.0210470462692
13255,Long Tail / Low Value,88.59709177938993,29.532363926463308,59.064727852926616,45.52121732256528
13258,Mid Value,283.36913818457555,94.45637939485852,188.91275878971703,145.77485429335775
13259,Mid Value,314.5238605418732,104.84128684729107,209.68257369458215,162.34764785638617
13260,Mid Value,314.81917700095306,104.93972566698436,209.87945133396872,162.5005787386212
13261,Long Tail / Low Value,51.83448555220113,17.27816185073371,34.55632370146742,26.649153304773613
13262,Long Tail / Low Value,113.37888000492156,37.792960001640516,75.58592000328103,58.32706302763998
13263,Whales,2057.616815733566,685.8722719111887,1371.7445438223774,1057.0566503068706
13265,High Value,694.550776084452,231.516925361484,463.033850722968,357.01141379601864
13266,Whales,1282.1332702155996,427.3777567385332,854.7555134770664,659.0513477286893
13267,High Value,1090.5202605280829,363.506753509361,727.013507018722,560.1038317364669
13268,High Value,892.3284834832583,297.44282782775275,594.8856556555055,458.64221139913514
13269,Whales,1306.6588183848266,435.5529394616089,871.1058789232178,671.1133804127842
13270,Long Tail / Low Value,85.53781440440713,28.512604801469042,57.025209602938084,43.96793577880739
13271,Mid Value,399.90151480026805,133.30050493342267,266.60100986684535,206.57536714958127
13272,Long Tail / Low Value,207.0040496420645,69.00134988068817,138.00269976137633,106.71113143792424
13273,Long Tail / Low Value,215.853936899447,71.95131229981567,143.90262459963134,111.27789923213791
13276,Mid Value,623.8902497505986,207.96341658353288,415.92683316706575,321.54538425464216
13277,Long Tail / Low Value,135.56102997277927,45.18700999092642,90.37401998185284,69.80004042815018
13278,Mid Value,386.3721231783943,128.79070772613144,257.5814154522629,199.56507100712253
13279,Mid Value,274.07928940349876,91.35976313449959,182.71952626899918,141.4073020662466
13280,Long Tail / Low Value,197.62387381082095,65.87462460360699,131.74924920721398,101.54760173488764
13282,Mid Value,443.17166571595953,147.72388857198652,295.44777714397304,227.94474152975204
13283,Long Tail / Low Value,63.50607635255656,21.168692117518855,42.33738423503771,32.68362495203386
13284,Long Tail / Low Value,93.50914222914582,31.16971407638194,62.33942815276388,48.07753550271432
13285,High Value,808.8855031354708,269.62850104515695,539.2570020903139,415.74708805952116
13291,Long Tail / Low Value,172.0843499532016,57.36144998440054,114.72289996880107,88.6464646549044
13292,Long Tail / Low Value,209.52349484283022,69.84116494761007,139.68232989522014,107.72130710589727
13294,Mid Value,257.7192335440968,85.90641118136561,171.81282236273123,132.5413827495378
13295,Long Tail / Low Value,86.95777394635783,28.985924648785943,57.971849297571886,44.69988759026561
13296,Long Tail / Low Value,188.52496746453943,62.84165582151314,125.68331164302629,97.1450950593455
13297,High Value,882.1841531425137,294.06138438083786,588.1227687616757,454.87212093276315
13298,Mid Value,672.7626021789353,224.25420072631175,448.5084014526235,348.0482047777096
13299,Long Tail / Low Value,111.58304179320601,37.194347264402005,74.38869452880401,57.40039614896874
13300,Long Tail / Low Value,161.31018446712721,53.770061489042405,107.54012297808481,83.07856844870497
13301,Long Tail / Low Value,173.1209034285944,57.70696780953147,115.41393561906294,88.97834882525608
13302,Long Tail / Low Value,172.33754628049513,57.44584876016504,114.89169752033008,88.77732765472749
13304,Long Tail / Low Value,88.70588736772633,29.568629122575445,59.13725824515089,45.601057675088114
13305,Mid Value,501.45837833277153,167.15279277759052,334.30558555518104,257.55820985400106
13307,Long Tail / Low Value,207.258920700875,69.08630690029166,138.17261380058332,106.83240072699395
13308,Mid Value,342.8542205075404,114.28474016918013,228.56948033836025,176.3801088203477
13309,Mid Value,377.51811720957846,125.83937240319283,251.67874480638565,193.99856223872527
13310,Mid Value,294.35645714881423,98.11881904960474,196.23763809920948,151.2662168828048
13311,Long Tail / Low Value,117.49197265233586,39.16399088411195,78.3279817682239,60.49781986550167
13313,Mid Value,406.2601342040008,135.42004473466693,270.84008946933386,208.7242152164886
13314,Mid Value,340.9122738227429,113.63742460758097,227.27484921516194,175.77193450310367
13316,Whales,1812.5722250345505,604.1907416781835,1208.381483356367,931.8985001874794
13317,Mid Value,613.2975154852085,204.43250516173615,408.8650103234723,315.04645688887706
13318,Mid Value,584.6484446931988,194.88281489773294,389.7656297954659,301.7657783867015
13319,Whales,2616.1329139219333,872.0443046406444,1744.0886092812889,1343.6651411078965
13320,Mid Value,609.9264266770496,203.30880889234984,406.6176177846997,313.7094891553945
13321,Mid Value,458.4795396532325,152.82651321774418,305.65302643548836,236.36454698712504
13322,Mid Value,516.1868054759642,172.06226849198808,344.12453698397616,266.8493224926561
13323,Mid Value,625.4437421031175,208.48124736770583,416.96249473541167,322.3324514306986
13324,Whales,1782.560626368705,594.186875456235,1188.37375091247,915.6183147265943
13325,Mid Value,267.3354322832015,89.11181076106716,178.22362152213432,137.9164926204723
13327,High Value,822.981193266208,274.3270644220693,548.6541288441387,422.7256646786991
13328,Long Tail / Low Value,97.11501934550682,32.37167311516894,64.74334623033788,49.93699273583465
13329,Mid Value,247.45996167666348,82.48665389222116,164.9733077844423,127.15039241558361
13330,Mid Value,332.95332987283183,110.98444329094394,221.9688865818879,171.11134614651
13332,Mid Value,539.4909598663943,179.83031995546477,359.66063991092955,278.9321357539731
13334,High Value,792.1630654197445,264.05435513991483,528.1087102798297,407.13842939237486
13336,Mid Value,275.90640694132884,91.96880231377628,183.93760462755256,142.35311415709123
13338,Long Tail / Low Value,170.39460005187834,56.79820001729278,113.59640003458556,87.77314557367528
13339,Long Tail / Low Value,141.43945368081006,47.14648456027002,94.29296912054004,72.8134317960274
13340,Whales,2546.9230053030933,848.9743351010311,1697.9486702020622,1309.052498715808
13341,Long Tail / Low Value,114.38439372914875,38.12813124304959,76.25626248609917,58.845941219682366
13343,Long Tail / Low Value,155.6775825140682,51.892527504689404,103.78505500937881,80.16828126322866
13344,Mid Value,395.65893928221,131.88631309407,263.77262618814,203.39692358174136
13345,Long Tail / Low Value,105.30569395747332,35.10189798582444,70.20379597164889,54.161698444159526
13347,Mid Value,291.6444935616519,97.21483118721731,194.42966237443463,150.50073224029128
13348,Mid Value,307.14292295164887,102.38097431721629,204.76194863443257,158.52552921665404
13349,Mid Value,572.4259754938344,190.80865849794478,381.61731699588955,296.010055825073
13350,Mid Value,540.6996339773012,180.2332113257671,360.4664226515342,278.7986446814434
13351,Mid Value,301.45397565168906,100.48465855056303,200.96931710112605,155.5797610587694
13352,Mid Value,317.69305421082305,105.89768473694102,211.79536947388203,163.9888489751392
13354,Mid Value,289.26012251663315,96.42004083887771,192.84008167775542,149.26625692051124
13355,Long Tail / Low Value,204.7642040176841,68.25473467256137,136.50946934512274,105.5422043287394
13356,Mid Value,269.68897114872874,89.89632371624292,179.79264743248584,139.13472036031078
13357,Long Tail / Low Value,115.55307405158497,38.517691350528324,77.03538270105665,59.44904108907543
13358,Long Tail / Low Value,111.56785599015141,37.189285330050474,74.37857066010095,57.39256040004834
13359,Mid Value,308.92185586347154,102.97395195449052,205.94790390898103,159.44670223453645
13362,High Value,910.5952621402646,303.5317540467549,607.0635080935098,468.033560200235
13363,High Value,866.630622932903,288.87687431096765,577.7537486219353,447.31362996823344
13364,Mid Value,289.7433428778878,96.58111429262927,193.16222858525853,149.51643523103954
13365,Whales,1199.2480514787621,399.7493504929207,799.4987009858414,616.9602729514655
13366,Mid Value,348.7731064279292,116.25770214264305,232.5154042852861,180.0862801234583
13368,Mid Value,296.0009738378226,98.6669912792742,197.3339825585484,152.12058528028382
13369,Long Tail / Low Value,85.71326185657365,28.571087285524552,57.142174571049104,44.0583717951341
13370,Long Tail / Low Value,84.49383588363365,28.164611961211218,56.329223922422436,43.429822261000965
13372,Mid Value,252.38051786972065,84.12683928990688,168.25367857981377,130.17638164428928
13373,High Value,1077.2456506247356,359.0818835415785,718.163767083157,553.7865511712643
13375,Mid Value,253.99314521187435,84.66438173729145,169.3287634745829,131.0109509978359
13376,Mid Value,338.7005667231793,112.90018890772643,225.80037781545286,174.18497350196702
13379,Mid Value,355.14327770568906,118.38109256856302,236.76218513712604,182.87222682700903
13381,High Value,1123.314333248949,374.43811108298297,748.8762221659659,577.2697376127086
13382,Long Tail / Low Value,107.52891306594377,35.842971021981256,71.68594204396251,55.30864892007389
13384,Whales,1533.400408084932,511.133469361644,1022.266938723288,788.9186317090932
13385,Long Tail / Low Value,93.75835793879018,31.252785979596727,62.50557195919345,48.20604069766098
13388,Long Tail / Low Value,60.64003599372793,20.213345331242643,40.426690662485285,31.23392772424875
13389,Mid Value,292.02276108127734,97.34092036042578,194.68184072085157,150.18275584390543
13390,Mid Value,281.9549449066005,93.98498163553349,187.96996327106697,145.48428815167208
13391,Long Tail / Low Value,139.83666708424497,46.612222361414986,93.22444472282997,71.98566666998566
13394,High Value,714.6123980089135,238.20413266963783,476.40826533927566,367.1931660903211
13395,Long Tail / Low Value,150.51602542193936,50.17200847397979,100.34401694795957,77.5017211290546
13396,Mid Value,557.7842144227329,185.92807147424432,371.85614294848864,286.69253420918244
13397,Mid Value,402.5291898748786,134.17639662495955,268.3527932499191,206.80758098222267
13398,Long Tail / Low Value,146.1708132197822,48.72360440659406,97.44720881318813,75.2571665560131
13402,Long Tail / Low Value,156.39968923181863,52.133229743939545,104.26645948787909,80.35880791287359
13403,Mid Value,514.3501384667742,171.4500461555914,342.9000923111828,265.89708579152716
13404,Long Tail / Low Value,30.759860638699486,10.253286879566495,20.50657375913299,15.825480771926022
13405,Long Tail / Low Value,170.91507269678155,56.971690898927186,113.94338179785437,87.83538194399364
13408,Whales,6698.346583327666,2232.7821944425555,4465.564388885111,3440.09031948301
13410,Mid Value,279.784577912311,93.26152597077034,186.52305194154067,143.79372502950542
13411,Long Tail / Low Value,223.96714650515614,74.65571550171872,149.31143100343743,115.47474548812883
13414,Mid Value,429.84093859187544,143.28031286395847,286.56062572791694,220.93528965289437
13416,High Value,690.6904272753111,230.2301424251037,460.4602848502074,356.12077310169946
13417,Mid Value,336.91149339431854,112.30383113143951,224.60766226287902,173.35023639110747
13418,Whales,1417.4750434098075,472.4916811366025,944.983362273205,728.009361670015
13419,Mid Value,309.2924344851591,103.0974781617197,206.1949563234394,159.63859838188924
13420,Long Tail / Low Value,93.43610226693595,31.14536742231198,62.29073484462396,48.0969017122815
13421,Mid Value,625.766742927652,208.58891430921733,417.17782861843466,321.70662509202214
13422,Mid Value,306.72798473204216,102.24266157734739,204.48532315469478,158.31066667179294
13425,Mid Value,532.4217804336597,177.4739268112199,354.9478536224398,273.66506695433634
13426,High Value,916.1165902938558,305.3721967646186,610.7443935292372,470.56948853525626
13427,Long Tail / Low Value,212.22881284064027,70.74293761354676,141.48587522709352,109.16570514847155
13428,Mid Value,574.8344489297186,191.6114829765729,383.2229659531458,297.2590025683703
13429,High Value,721.9191958889811,240.6397319629937,481.2794639259874,372.1593028311456
13430,Mid Value,529.3872435708475,176.46241452361585,352.9248290472317,272.9200748328385
13431,Mid Value,611.4046424812149,203.8015474937383,407.6030949874766,315.18773186255135
13434,Mid Value,639.374481414528,213.124827138176,426.249654276352,329.5472441952774
13435,Whales,1662.7801785958168,554.260059531939,1108.520119063878,855.3673103673289
13436,Mid Value,671.3593006070837,223.78643353569456,447.5728670713891,347.32030991502427
13437,High Value,966.8723840733326,322.2907946911109,644.5815893822218,497.37175858977463
13439,Long Tail / Low Value,116.30889210691949,38.76963070230649,77.53926140461299,59.83909521600552
13441,Mid Value,248.63515405872425,82.87838468624142,165.75676937248284,128.23814002679285
13447,Whales,1570.5575940648264,523.5191980216088,1047.0383960432175,810.6952102510992
13448,High Value,894.403536471841,298.1345121572803,596.2690243145606,459.40861773533555
13449,Mid Value,473.1646051426753,157.72153504755843,315.44307009511687,244.54591193398375
13450,High Value,815.495149574845,271.8317165249483,543.6634330498966,419.3812354987968
13451,High Value,836.1406307805681,278.71354359352273,557.4270871870455,429.5984588279698
13452,Long Tail / Low Value,155.12051076349792,51.70683692116597,103.41367384233195,79.76083945669853
13453,Long Tail / Low Value,105.45228036419809,35.150760121399365,70.30152024279873,54.213338676686774
13455,Long Tail / Low Value,187.13257674198337,62.37752558066112,124.75505116132224,96.1529242102351
13456,High Value,735.6604346860576,245.22014489535252,490.44028979070504,378.3694254259517
13458,Whales,2277.3835639300646,759.1278546433549,1518.2557092867098,1169.7603081816671
13460,Long Tail / Low Value,164.31327257328158,54.77109085776053,109.54218171552105,84.79427398098804
13461,Mid Value,614.5735495651826,204.85784985506086,409.7156997101217,316.32736287058805
13462,Long Tail / Low Value,117.40369350299392,39.134564500997975,78.26912900199595,60.40410556590984
13464,Mid Value,323.5978397627883,107.8659465875961,215.7318931751922,167.04682597058377
13466,Long Tail / Low Value,151.1933294103063,50.397776470102094,100.79555294020419,77.85161016071467
13467,High Value,731.314319206778,243.77143973559268,487.54287947118536,377.5632152907696
13468,Whales,1348.6742825628492,449.5580941876164,899.1161883752328,692.6509617779573
13470,Long Tail / Low Value,63.3935284998375,21.1311761666125,42.262352333225,32.661847289212304
13471,Whales,2132.966028123515,710.9886760411717,1421.9773520823435,1100.440466264945
13473,Long Tail / Low Value,101.65034966641637,33.88344988880546,67.76689977761092,52.241810143404884
13474,Long Tail / Low Value,123.94024570061451,41.31341523353817,82.62683046707635,63.777940707579546
13475,Mid Value,386.60702504739913,128.86900834913305,257.7380166982661,198.6938896183312
13476,Mid Value,313.40230596460685,104.46743532153562,208.93487064307124,161.13205938336964
13477,Mid Value,451.8155257195122,150.6051752398374,301.2103504796748,232.19987347639287
13479,Long Tail / Low Value,106.21741256610785,35.40580418870262,70.81160837740524,54.63424637400544
13481,Mid Value,468.580258551681,156.193419517227,312.386839034454,240.89375247338077
13482,Long Tail / Low Value,125.7364373173549,41.91214577245163,83.82429154490326,64.70516580048451
13483,Mid Value,303.91404010669476,101.30468003556491,202.60936007112983,156.85357677535995
13484,Long Tail / Low Value,121.87945803008408,40.626486010028025,81.25297202005605,62.714190764416585
13485,Long Tail / Low Value,125.24072206832899,41.746907356109666,83.49381471221933,64.4492638836162
13486,Mid Value,664.7844605865811,221.59482019552703,443.18964039105407,342.2128296013242
13487,Long Tail / Low Value,145.01005462172688,48.33668487390896,96.67336974781792,74.50462741582842
13488,Whales,2012.631150408753,670.877050136251,1341.754100272502,1033.7304201358772
13489,Long Tail / Low Value,144.35785019905165,48.11928339968389,96.23856679936777,74.19389584529829
13491,Mid Value,299.1518848348836,99.71729494496121,199.43458988992242,153.64997248790428
13492,Mid Value,519.8380556787515,173.27935189291716,346.5587037858343,267.3951668805573
13493,Long Tail / Low Value,215.4794770801039,71.82649236003463,143.65298472006927,110.78073756183596
13494,Long Tail / Low Value,98.40898319103036,32.80299439701012,65.60598879402023,50.60432256157218
13495,Mid Value,465.48745061425745,155.1624835380858,310.3249670761716,239.11134385307668
13496,Long Tail / Low Value,80.48807713362038,26.829359044540126,53.65871808908025,41.35836178494293
13497,Long Tail / Low Value,91.21772835038718,30.40590945012906,60.81181890025812,46.86912314756369
13499,Mid Value,396.8463106992984,132.2821035664328,264.5642071328656,203.99280066497002
13500,High Value,736.2320278121807,245.41067593739356,490.8213518747871,379.19669282890743
13501,Long Tail / Low Value,105.12525326735255,35.04175108911752,70.08350217823504,54.06861388958333
13502,Long Tail / Low Value,73.67539854881237,24.558466182937455,49.11693236587491,37.86109506181001
13503,Mid Value,289.26990144798737,96.42330048266246,192.8466009653249,149.2713197673713
13504,Mid Value,306.6876526637835,102.22921755459451,204.45843510918903,158.28978203817096
13505,Whales,1593.233198433314,531.0777328111047,1062.1554656222095,819.3011290366817
13506,Long Tail / Low Value,69.49584716764633,23.165282389215445,46.33056477843089,35.70786130013252
13507,High Value,850.6104841906281,283.5368280635427,567.0736561270854,437.8924402467338
13508,Long Tail / Low Value,120.97926056044547,40.326420186815156,80.65284037363031,62.24954317951874
13509,Mid Value,274.01914799118686,91.33971599706229,182.67943199412457,140.8298209697465
13510,High Value,695.817828898407,231.93927629946901,463.87855259893803,358.01318644911794
13512,Long Tail / Low Value,114.3876874903321,38.12922916344403,76.25845832688806,58.847640938230526
13513,Long Tail / Low Value,200.0398467708947,66.67994892363157,133.35989784726314,103.09904995932483
13514,Mid Value,284.29809784819554,94.76603261606517,189.53206523213035,146.69733251241962
13515,Mid Value,309.1997250777566,103.06657502591888,206.13315005183776,158.97908653303998
13516,Mid Value,655.1647715014082,218.38825716713606,436.7765143342721,336.92068080259116
13517,Mid Value,672.1991565927723,224.0663855309241,448.1327710618482,345.91191662032634
13518,Mid Value,259.5475024504062,86.5158341501354,173.0316683002708,133.88557614146586
13519,Mid Value,274.16706781275116,91.38902260425039,182.77804520850077,141.4527403537932
13520,High Value,955.8071945414604,318.6023981804868,637.2047963609735,490.9540442139023
13521,Whales,1966.4075568022797,655.4691856007599,1310.9383712015199,1016.0693538308776
13522,Mid Value,434.2573937813563,144.75246459378545,289.5049291875709,224.37943506760564
13523,High Value,1032.59869350703,344.1995645023433,688.3991290046866,530.4308174775232
13524,Long Tail / Low Value,244.4422323355063,81.48074411183543,162.96148822367087,125.71130535634146
13525,Long Tail / Low Value,246.8358811009836,82.27862703366121,164.55725406732242,126.94560459889591
13527,Mid Value,670.5363425525981,223.51211418419936,447.0242283683987,344.5113389383193
13529,Long Tail / Low Value,106.29925974182228,35.43308658060743,70.86617316121486,54.69441547177962
13531,Long Tail / Low Value,89.1784066808391,29.7261355602797,59.4522711205594,45.821891887914155
13532,Mid Value,418.3225552416725,139.44085174722417,278.88170349444835,216.1211867172174
13533,Long Tail / Low Value,64.34824667110242,21.44941555703414,42.89883111406828,33.08243677022539
13534,Whales,1472.273341037319,490.75778034577297,981.5155606915459,756.2030521034137
13536,Whales,2798.0183953084784,932.6727984361595,1865.345596872319,1442.2087161009445
13538,Mid Value,360.83430247700335,120.27810082566778,240.55620165133556,185.4050304679189
13539,Long Tail / Low Value,197.39571343127312,65.79857114375771,131.59714228751542,101.4501812150493
13544,Long Tail / Low Value,120.47314776259832,40.1577159208661,80.3154318417322,61.96310943157475
13546,Mid Value,267.642852937372,89.21428431245734,178.42856862491467,137.6926572050895
13548,Mid Value,283.44110747178865,94.48036915726288,188.96073831452577,145.77824818465308
13549,Mid Value,297.946442664532,99.31548088817733,198.63096177635467,153.18244331976183
13551,Long Tail / Low Value,96.32642196989477,32.10880732329826,64.21761464659652,49.53031016101951
13552,High Value,1027.2988398591276,342.4329466197092,684.8658932394184,527.8175011970902
13555,Whales,1643.3662238072654,547.7887412690885,1095.577482538177,845.3632257150723
13557,Long Tail / Low Value,221.13265473859153,73.71088491286385,147.4217698257277,113.69357976681506
13558,Mid Value,455.78208707886057,151.9273623596202,303.8547247192404,235.0037066236495
13560,Mid Value,603.7974675998352,201.2658225332784,402.5316450665568,312.2788859167885
13561,Long Tail / Low Value,133.6189885965553,44.53966286551844,89.07932573103687,68.77487022347854
13562,Mid Value,608.9544189803271,202.9848063267757,405.9696126535514,313.13577679819565
13563,Mid Value,504.649213745456,168.21640458181867,336.43280916363733,259.8913174188009
13564,Mid Value,425.6562571062213,141.8854190354071,283.7708380708142,218.67774632498242
13565,Long Tail / Low Value,73.41561518345353,24.47187172781784,48.94374345563568,37.73049303272106
13566,Mid Value,456.2525333077068,152.0841777692356,304.1683555384712,235.23815628777814
13568,Long Tail / Low Value,158.49995676722975,52.833318922409916,105.66663784481983,81.62651477975102
13569,Long Tail / Low Value,117.64286833209502,39.21428944403167,78.42857888806334,60.44716634665992
13570,Long Tail / Low Value,121.00704816823803,40.33568272274601,80.67136544549201,62.26388588206225
13571,High Value,713.2013386604864,237.73377955349545,475.4675591069909,366.6149163733571
13572,Long Tail / Low Value,138.77938599530302,46.25979533176767,92.51959066353534,71.43964967368608
13573,Long Tail / Low Value,181.22197562042092,60.40732520680697,120.81465041361395,93.19643882361963
13575,Mid Value,359.19901056070313,119.73300352023438,239.46600704046875,184.8218366406581
13576,Whales,1633.480616674869,544.493538891623,1088.987077783246,838.9455636960028
13577,Mid Value,614.6318031165506,204.87726770551686,409.7545354110337,316.0389648641689
13579,Long Tail / Low Value,154.22017309974953,51.40672436658318,102.81344873316635,79.2403902257376
13581,Long Tail / Low Value,98.98265170624379,32.994217235414595,65.98843447082919,50.9001888948206
13583,Long Tail / Low Value,172.0866483769513,57.362216125650434,114.72443225130087,88.64765257825582
13584,Long Tail / Low Value,99.78707507800856,33.26235835933618,66.52471671867237,51.315077034735204
13587,Mid Value,309.2588780728063,103.08629269093542,206.17258538187085,159.62122189083084
13588,High Value,886.8326847446745,295.6108949148915,591.221789829783,455.87515666792206
13589,Long Tail / Low Value,216.3061051616255,72.10203505387517,144.20407010775034,111.33148751916198
13590,Mid Value,576.8321026741477,192.27736755804924,384.55473511609847,296.4225841623491
13591,Mid Value,313.85178812517745,104.61726270839249,209.23452541678498,161.35747584578257
13592,Long Tail / Low Value,74.65817340122202,24.88605780040734,49.77211560081468,38.38064015919683
13593,Mid Value,468.4832253737229,156.1610751245743,312.3221502491486,240.6976610025342
13594,Mid Value,341.61792938701626,113.87264312900543,227.74528625801085,176.3800146968503
13596,High Value,953.4995938206233,317.83319794020775,635.6663958804155,492.7402804755634
13598,Mid Value,359.46763975807823,119.82254658602608,239.64509317205216,185.62624213363603
13599,Whales,1267.5709428652813,422.5236476217604,845.0472952435208,651.0360125925362
13600,Long Tail / Low Value,98.17880205101108,32.726267350337025,65.45253470067405,50.48560981631162
13601,Mid Value,259.45385641556595,86.48461880518865,172.9692376103773,133.4868977296176
13602,Mid Value,306.51727567309905,102.17242522436635,204.3448504487327,158.2015580087108
13603,Mid Value,456.7885569065632,152.26285230218772,304.52570460437545,236.05738502149094
13606,Long Tail / Low Value,88.35271838026517,29.450906126755058,58.901812253510116,45.40755983201432
13607,Mid Value,387.1551903536545,129.05173011788483,258.10346023576966,199.9708037285875
13610,Mid Value,300.6223428292175,100.20744760973916,200.41489521947832,154.50115899239003
13611,Mid Value,315.15914938426147,105.05304979475382,210.10609958950764,161.9192117739973
13614,Mid Value,489.6502128477395,163.21673761591316,326.4334752318263,251.59478584503225
13615,Long Tail / Low Value,96.51623648898776,32.17207882966259,64.34415765932518,49.62819702447197
13617,Mid Value,272.3704499756413,90.79014999188043,181.58029998376085,140.15960526921722
13618,Long Tail / Low Value,158.39624476632835,52.79874825544278,105.59749651088556,81.57292827417034
13621,Long Tail / Low Value,211.7193549093866,70.57311830312887,141.14623660625773,109.13934192594188
13623,Long Tail / Low Value,208.9947521399131,69.66491737997103,139.32983475994206,107.40671781837572
13626,Long Tail / Low Value,117.38367648978948,39.12789216326316,78.25578432652632,60.39377490511266
13627,Mid Value,411.42523489407586,137.14174496469195,274.2834899293839,211.35418024791406
13629,Whales,2059.227158279159,686.4090527597197,1372.8181055194393,1057.8617400183634
13630,Mid Value,612.9566951114754,204.31889837049178,408.63779674098356,315.0213641210855
13631,High Value,950.0285008770295,316.67616695900983,633.3523339180197,488.2997364383433
13632,High Value,800.6447148149183,266.88157160497275,533.7631432099455,411.655825649703
13634,Mid Value,407.1885738032756,135.72952460109187,271.45904920218373,209.21804970293005
13635,Mid Value,298.7168376140806,99.57227920469353,199.14455840938706,154.16251211530997
13636,Mid Value,300.0229615488289,100.00765384960964,200.01530769921928,154.2023565087437
13637,Long Tail / Low Value,213.5410291511812,71.18034305039373,142.36068610078746,109.8276323446851
13638,Mid Value,530.4465429800379,176.81551432667928,353.63102865335856,274.2426356832526
13639,Mid Value,282.4170498273645,94.1390166091215,188.278033218243,145.7235163528136
13642,Long Tail / Low Value,133.6172587908652,44.53908626362173,89.07817252724347,68.77397703379872
13643,Mid Value,278.9562761240557,92.98542537468524,185.97085074937047,143.5392898217612
13644,Whales,1523.5675743831782,507.8558581277261,1015.7117162554522,784.886915000961
13645,Long Tail / Low Value,207.20636016143945,69.06878672047982,138.13757344095964,106.80521736298023
13647,Mid Value,579.9113751645812,193.30379172152706,386.6075834430541,298.20626814772686
13649,Long Tail / Low Value,72.41137783624376,24.137125945414585,48.27425189082917,37.20660873039838
13650,Mid Value,561.4632712582154,187.15442375273847,374.30884750547693,288.60662486527895
13651,Long Tail / Low Value,42.35772737509284,14.119242458364281,28.238484916728563,21.866032378423
13652,Mid Value,286.51338664812096,95.50446221604032,191.00892443208065,147.19383284628566
13654,High Value,897.0877000150518,299.0292333383506,598.0584666767012,461.10313641964547
13655,Mid Value,391.24120131029275,130.4137337700976,260.8274675401952,201.22539288629739
13656,Long Tail / Low Value,117.3143599382989,39.10478664609963,78.20957329219927,60.29015700235677
13657,Long Tail / Low Value,195.3122683933776,65.1040894644592,130.2081789289184,100.49811458135684
13658,High Value,847.7288331289891,282.57627770966303,565.1525554193261,436.0410193478199
13659,Mid Value,288.7123418710514,96.23744729035047,192.47489458070095,148.39257027673122
13662,Mid Value,318.63986858276974,106.21328952758991,212.42657905517981,163.8293596352249
13663,Long Tail / Low Value,154.4281548360874,51.47605161202913,102.95210322405826,79.52277199101104
13666,Long Tail / Low Value,19.989129569426076,6.663043189808692,13.326086379617385,10.275006976721842
13667,Long Tail / Low Value,177.38347780857626,59.12782593619209,118.25565187238418,91.38543111356933
13668,Whales,1602.7212520896535,534.2404173632178,1068.4808347264357,823.191570055
13669,Long Tail / Low Value,181.36766051883538,60.45588683961179,120.91177367922359,93.38936291468113
13670,Mid Value,280.3647755354656,93.45492517848852,186.90985035697705,144.66107845243064
13672,Long Tail / Low Value,57.86436184167639,19.28812061389213,38.57624122778426,29.738643555463206
13673,Mid Value,467.33420461680873,155.77806820560292,311.55613641120584,241.30970941873773
13675,Long Tail / Low Value,111.55360038829026,37.18453346276342,74.36906692552684,57.352461153044786
13678,Long Tail / Low Value,175.44599639915765,58.481998799719214,116.96399759943843,90.38396798757074
13680,High Value,987.9571074924224,329.3190358308075,658.638071661615,507.60765482722405
13681,Mid Value,409.3368781825925,136.44562606086416,272.8912521217283,210.69412902218312
13682,Long Tail / Low Value,149.23648358441764,49.74549452813921,99.49098905627842,76.84073772773338
13684,Long Tail / Low Value,105.94323934990948,35.314413116636494,70.62882623327299,54.490596148553436
13685,Whales,1895.4675938439611,631.8225312813204,1263.6450625626408,977.3885997235323
13686,Long Tail / Low Value,152.27857917109938,50.75952639036646,101.51905278073292,78.41225250146016
13689,Mid Value,309.3521083966512,103.1173694655504,206.2347389311008,159.66949929040547
13690,Mid Value,320.6882950306311,106.8960983435437,213.7921966870874,165.54000832975706
13692,Mid Value,336.0514281547656,112.01714271825519,224.03428543651037,172.81912845063144
13694,Whales,15926.477273260298,5308.825757753432,10617.651515506865,8179.443891507247
13695,High Value,852.954534585683,284.31817819522763,568.6363563904553,438.4224150146471
13697,Mid Value,394.48584371145324,131.4952812371511,262.9905624743022,203.76915089494372
13699,Long Tail / Low Value,172.30009524345095,57.43336508115032,114.86673016230064,88.7579712672602
13700,Mid Value,641.9908515207447,213.9969505069149,427.9939010138298,329.8287583500974
13703,Long Tail / Low Value,96.56836388940326,32.189454629801084,64.37890925960217,49.6550791235596
13704,Whales,1822.2547847235571,607.4182615745191,1214.8365231490382,938.9324137698164
13705,Long Tail / Low Value,142.87951602093935,47.626505340313116,95.25301068062623,73.40099809424427
13706,Long Tail / Low Value,100.86868293596403,33.62289431198801,67.24578862397603,51.872945999194016
13707,Long Tail / Low Value,114.76024738268184,38.25341579422728,76.50683158845456,58.98673812856364
13708,Long Tail / Low Value,110.56330605633373,36.854435352111246,73.70887070422249,56.87423020998055
13709,Whales,1774.6517433300735,591.5505811100245,1183.101162220049,911.7963024455139
13710,Mid Value,427.5224659028603,142.50748863428677,285.01497726857355,220.88896560589302
13711,Long Tail / Low Value,52.003586661661004,17.334528887220333,34.66905777444067,26.753238705185453
13712,Long Tail / Low Value,119.77664186780768,39.925547289269225,79.85109457853845,61.628818271083716
13715,Long Tail / Low Value,130.17209142111534,43.39069714037178,86.78139428074356,66.86508456651599
13716,Long Tail / Low Value,111.24990807032353,37.08330269010784,74.16660538021569,57.22850285727471
13717,Mid Value,400.646569842036,133.548856614012,267.097713228024,205.89194182290416
13718,Long Tail / Low Value,106.56563083493081,35.52187694497694,71.04375388995388,54.78310242944946
13719,Mid Value,404.7096282311474,134.90320941038246,269.8064188207649,208.10163040927407
13720,Long Tail / Low Value,230.11064000465,76.70354666821667,153.40709333643335,118.30671053808535
13721,Mid Value,404.369738360096,134.78991278669866,269.57982557339733,208.89071646654784
13722,Mid Value,407.63913804657784,135.8797126821926,271.7594253643852,209.54703055390786
13723,Long Tail / Low Value,132.72038694018104,44.24012898006035,88.4802579601207,68.31088090941256
13725,Mid Value,334.1051583924573,111.3683861308191,222.7367722616382,171.67637206940154
13726,High Value,1088.235905860779,362.745301953593,725.490603907186,560.8520312879695
13727,Mid Value,278.928596089183,92.97619869639432,185.95239739278864,144.0197995862207
13728,Mid Value,289.81275368238187,96.60425122746062,193.20850245492124,148.921440437827
13730,Mid Value,413.98006898475876,137.99335632825293,275.98671265650586,213.12685095871876
13731,Long Tail / Low Value,189.249054605491,63.083018201830335,126.16603640366067,97.33086320468499
13732,Mid Value,445.29467448152485,148.43155816050827,296.86311632101655,230.0999190066896
13735,High Value,921.4430767758954,307.1476922586318,614.2953845172636,473.8319804582888
13736,Mid Value,255.44556903237023,85.14852301079007,170.29704602158014,131.35850169188234
13737,Long Tail / Low Value,141.626210687407,47.20873689580233,94.41747379160466,72.90988548095669
13739,Mid Value,508.5429363404402,169.51431211348006,339.0286242269601,262.88633325301595
13740,Long Tail / Low Value,122.19157577175702,40.73052525725234,81.46105051450468,62.875297148613086
13741,Mid Value,285.4595182865353,95.15317276217843,190.30634552435686,146.83057119128875
13742,High Value,797.6829456981051,265.8943152327017,531.7886304654033,409.82936340750973
13743,Mid Value,460.4922288621289,153.49740962070965,306.9948192414193,236.71526932131513
13744,Long Tail / Low Value,162.5842719108567,54.1947573036189,108.3895146072378,83.58315712077304
13745,Long Tail / Low Value,166.6790938743327,55.559697958110895,111.11939591622179,85.852959783501
13747,Long Tail / Low Value,84.09946887721085,28.033156292403618,56.066312584807235,43.22655442904048
13748,Long Tail / Low Value,221.13698801075233,73.71232933691745,147.4246586738349,113.59008804471353
13750,Mid Value,432.1068482904669,144.0356160968223,288.0712321936446,222.00789493945092
13751,Long Tail / Low Value,105.08611826953795,35.02870608984598,70.05741217969197,54.04842526711046
13752,Mid Value,340.2222129411392,113.40740431371307,226.81480862742615,174.9155505633398
13753,Long Tail / Low Value,105.35444633421051,35.11814877807017,70.23629755614034,54.1868486061714
13754,Long Tail / Low Value,73.11074357204294,24.370247857347646,48.74049571469529,37.57836692965984
13755,Whales,1646.41625613131,548.8054187104367,1097.6108374208734,848.8617860949876
13756,Whales,1230.3765711243213,410.1255237081071,820.2510474162142,631.9441228922219
13758,High Value,792.9507964558802,264.3169321519601,528.6338643039202,407.2885306890947
13759,Long Tail / Low Value,174.55480276523286,58.18493425507762,116.36986851015524,90.02342536020421
13760,Long Tail / Low Value,106.27052581314393,35.42350860438131,70.84701720876262,54.6498162358971
13761,Mid Value,529.3046243274249,176.4348747758083,352.8697495516166,272.42938639257164
13762,Long Tail / Low Value,132.07200306362415,44.02400102120805,88.0480020424161,67.97609802335657
13763,Mid Value,309.56114938463924,103.18704979487974,206.37409958975948,159.7777470013113
13764,Mid Value,399.47948056382387,133.15982685460796,266.3196537092159,205.26951918441634
13767,Whales,4172.98148452903,1390.9938281763434,2781.987656352687,2143.1540469839247
13769,Mid Value,673.1398560273776,224.37995200912587,448.75990401825175,345.7468677750037
13771,High Value,792.377593981836,264.12586466061197,528.2517293212239,407.41214488311374
13772,Mid Value,469.4668069187335,156.48893563957782,312.97787127915564,241.4226452775358
13774,Mid Value,267.4606922926633,89.15356409755442,178.30712819510885,137.98132829983442
13777,Whales,6120.104828017079,2040.0349426723596,4080.0698853447193,3143.1689185329874
13778,Long Tail / Low Value,229.818596888381,76.60619896279367,153.21239792558734,118.50193035925219
13780,Long Tail / Low Value,235.7789902622068,78.59299675406893,157.18599350813787,121.36893049884148
13781,Long Tail / Low Value,118.19054040049319,39.3968468001644,78.7936936003288,60.81019796377866
13782,Long Tail / Low Value,232.2053266380294,77.4017755460098,154.8035510920196,119.30560112802438
13784,High Value,690.6092344234297,230.20307814114324,460.4061562822865,354.7921478550178
13786,Long Tail / Low Value,85.32602740782994,28.442009135943312,56.884018271886625,43.85876916391911
13787,Long Tail / Low Value,104.58981879422825,34.86327293140942,69.72654586281884,53.74128801238278
13790,Mid Value,637.656718287242,212.5522394290807,425.1044788581614,329.83946373235955
13791,Mid Value,530.5677748308592,176.85592494361973,353.71184988723945,273.1220534664852
13792,Long Tail / Low Value,77.40214716811508,25.800715722705025,51.60143144541005,39.79339130830671
13798,Whales,9123.842738212612,3041.280912737537,6082.561825475074,4685.799506090342
13799,Long Tail / Low Value,211.53755481996924,70.51251827332308,141.02503654664616,108.74786890661869
13800,Long Tail / Low Value,98.95724894931388,32.98574964977129,65.97149929954259,50.88708742271298
13801,Mid Value,301.1709266693363,100.39030888977878,200.78061777955756,155.43320084001803
13802,Whales,1491.6835968040184,497.2278656013395,994.455731202679,766.6285840676901
13803,Long Tail / Low Value,116.28715235506597,38.76238411835532,77.52476823671064,59.827875869812246
13804,Mid Value,649.9032354243665,216.63441180812217,433.26882361624433,333.99879294824416
13805,Mid Value,494.2890350720954,164.76301169069845,329.5260233813969,254.60339391058287
13806,Mid Value,309.1694300585332,103.05647668617773,206.11295337235546,159.57490312063737
13807,Long Tail / Low Value,85.3422272306654,28.447409076888466,56.89481815377693,43.867119402658346
13808,High Value,1007.9595201417335,335.9865067139112,671.9730134278224,519.3279402808737
13809,Long Tail / Low Value,100.07040842624771,33.35680280874924,66.71360561749847,51.461211717694425
13810,Whales,1183.4357598742786,394.47858662475954,788.9571732495191,610.4571947428617
13811,Mid Value,258.98349223352096,86.32783074450698,172.65566148901397,133.18223186609083
13812,Mid Value,253.01193588972325,84.33731196324108,168.67462392648216,130.35650135231435
13813,High Value,708.993616277663,236.33120542588767,472.66241085177535,365.05305747781625
13814,High Value,1043.364919353233,347.7883064510777,695.5766129021554,537.3522745460666
13815,High Value,1103.22208877653,367.74069625884334,735.4813925176867,566.910305720019
13816,Mid Value,368.5494486601715,122.84981622005716,245.69963244011433,190.1081512002511
13817,Long Tail / Low Value,135.55129068392222,45.18376356130741,90.36752712261482,69.65589667343556
13819,Long Tail / Low Value,158.49512327980898,52.83170775993633,105.66341551987266,81.45148487901942
13821,Long Tail / Low Value,78.21750908313484,26.072503027711615,52.14500605542323,40.22161935247023
13822,Mid Value,384.38070442169294,128.12690147389765,256.2538029477953,198.4204400866795
13823,Mid Value,457.62317507545794,152.54105835848597,305.08211671697194,235.89491634743823
13824,Mid Value,441.1370825982068,147.04569419940228,294.09138839880455,226.6877805541171
13826,Long Tail / Low Value,156.39716182112807,52.132387273709355,104.26477454741871,80.5400563586225
13827,Long Tail / Low Value,231.87541497268074,77.29180499089358,154.58360998178716,119.38511772584063
13828,Mid Value,481.6151621625416,160.53838738751386,321.07677477502773,248.9265030212896
13831,Mid Value,520.6200177236312,173.5400059078771,347.0800118157542,267.42164482230476
13832,Mid Value,501.9463970101304,167.31546567004347,334.63093134008693,259.46643047440364
13833,Long Tail / Low Value,168.9319241965762,56.310641398858735,112.62128279771747,87.0172114230591
13835,Mid Value,257.6690138688942,85.8896712896314,171.7793425792628,132.52685959863754
13837,Long Tail / Low Value,87.79280818866155,29.264269396220516,58.52853879244103,45.12479910629559
13838,Long Tail / Low Value,144.05189595021446,48.01729865007149,96.03459730014298,73.99943391523138
13841,Long Tail / Low Value,117.41704197941603,39.139013993138676,78.27802798627735,60.41099463856801
13842,High Value,841.9001386283884,280.63337954279615,561.2667590855923,432.4345856211262
13844,Mid Value,565.2770044898365,188.42566816327883,376.85133632655766,292.3029154228426
13845,Mid Value,306.1478638545262,102.04928795150873,204.09857590301746,158.0102709223048
13846,Long Tail / Low Value,169.4879330279434,56.49597767598113,112.99195535196226,87.07734971150029
13848,Mid Value,340.33323367269185,113.44441122423062,226.88882244846124,174.84566824331895
13849,High Value,895.6131591296551,298.53771970988504,597.0754394197701,461.02290103356023
13850,Long Tail / Low Value,196.83873955047343,65.61291318349114,131.2258263669823,101.4437423740001
13851,High Value,1068.5523175166102,356.18410583887004,712.3682116777401,549.264038233518
13853,Mid Value,326.4756838381344,108.82522794604479,217.65045589208958,168.53726264760934
13854,Whales,2008.2177320778874,669.4059106926292,1338.8118213852583,1031.4371813027592
13856,Long Tail / Low Value,152.06078581869036,50.68692860623012,101.37385721246024,78.22711912457946
13858,Mid Value,326.72320489524935,108.90773496508312,217.81546993016624,168.66545558365416
13859,Long Tail / Low Value,94.56507415977435,31.521691386591453,63.043382773182906,48.62202369285398
13860,High Value,774.134234001422,258.04474466714066,516.0894893342813,398.9424396823797
13862,Mid Value,543.2184521550396,181.0728173850132,362.1456347700264,279.08158651912254
13863,Long Tail / Low Value,119.34115738463353,39.780385794877844,79.56077158975569,61.404051353103064
13865,Long Tail / Low Value,150.63941570034734,50.21313856678245,100.4262771335649,77.42540037423501
13866,Mid Value,282.53825478682137,94.17941826227378,188.35883652454757,145.78626342972933
13867,Mid Value,490.4459542088473,163.48198473628244,326.9639694725649,252.26624682697135
13868,Whales,6302.520379216269,2100.8401264054232,4201.6802528108465,3253.6204264976413
13869,High Value,899.1781902115973,299.7260634038658,599.4521268077316,461.9412755648816
13870,High Value,767.7450859233952,255.91502864113173,511.83005728226345,394.55881186499244
13871,Whales,1833.2569801874763,611.0856600624921,1222.1713201249843,941.9515212002564
13873,Long Tail / Low Value,112.91070684522592,37.636902281741975,75.27380456348395,58.029585363908524
13874,Long Tail / Low Value,87.23057704682502,29.07685901560834,58.15371803121668,44.84051574439726
13875,Mid Value,519.1518841785601,173.05062805952002,346.10125611904004,266.7950929036093
13876,Mid Value,309.0186043499601,103.0062014499867,206.0124028999734,159.49680128945485
13877,Mid Value,258.08755387585893,86.0291846252863,172.0583692505726,133.12996961205334
13878,Mid Value,335.448283394149,111.81609446471633,223.63218892943266,173.18440272761842
13880,High Value,828.5524765023433,276.18415883411444,552.3683176682289,425.56237849858707
13881,Whales,4814.772138452277,1604.924046150759,3209.848092301518,2473.771582482932
13882,High Value,1095.4865777525836,365.16219258419454,730.3243851683891,564.8639645744624
13883,High Value,706.9929815713087,235.66432719043624,471.3286543808725,363.470939701035
13884,Mid Value,247.65332887638118,82.5511096254604,165.1022192509208,127.28800247807408
13885,Long Tail / Low Value,80.00687150071735,26.668957166905784,53.33791433381157,41.16802963937135
13886,Mid Value,289.26012251663315,96.42004083887771,192.84008167775542,149.26625692051124
13887,Long Tail / Low Value,139.44060772627793,46.48020257542598,92.96040515085195,71.7811258902046
13888,Mid Value,282.17706555322263,94.0590218510742,188.1180437021484,145.16623702010315
13889,Long Tail / Low Value,246.88579750587346,82.29526583529115,164.5905316705823,127.33287206537278
13890,Mid Value,470.96806395861677,156.98935465287227,313.97870930574453,241.91716906120297
13892,Mid Value,263.64468771312465,87.88156257104156,175.7631251420831,135.55771920812063
13893,Long Tail / Low Value,102.33296758737626,34.11098919579209,68.22197839158417,52.628228247825774
13894,Long Tail / Low Value,171.69226395006314,57.23075465002105,114.4615093000421,88.2393527465541
13895,Whales,1379.2482521428603,459.74941738095345,919.4988347619069,709.8332015854951
13897,Mid Value,348.8989503388278,116.29965011294259,232.59930022588517,180.15146701761716
13898,Long Tail / Low Value,94.75476834256092,31.584922780853642,63.169845561707284,48.71984146006376
13899,Long Tail / Low Value,60.829563673202514,20.276521224400838,40.553042448801676,31.276609380850587
13900,Long Tail / Low Value,172.15979074234983,57.38659691411661,114.77319382823322,88.51384019510958
13901,High Value,904.1934625293845,301.39782084312816,602.7956416862563,464.61246257130364
13904,Long Tail / Low Value,82.57490852345283,27.524969507817612,55.049939015635225,42.45031733672157
13908,High Value,765.7226221344292,255.24087404480974,510.4817480896195,393.6060947063723
13911,High Value,712.6115493986819,237.53718313289394,475.0743662657879,366.16283268907614
13914,High Value,740.7149044823518,246.90496816078394,493.8099363215679,382.4162904956962
13917,Long Tail / Low Value,181.93643063661486,60.64547687887162,121.29095375774324,93.62705848292411
13918,High Value,704.4250236755105,234.80834122517015,469.6166824503403,362.2628485405566
13919,Long Tail / Low Value,210.61160041178303,70.20386680392768,140.40773360785536,108.49921048035804
13922,Long Tail / Low Value,88.6698217931167,29.556607264372232,59.113214528744464,45.582464806724275
13923,Mid Value,338.6703444196077,112.8901148065359,225.7802296130718,174.85327282555954
13924,Whales,1144.4823803402628,381.4941267800876,762.9882535601752,589.9758468509817
13925,Long Tail / Low Value,203.21074223692102,67.73691407897367,135.47382815794734,104.63110498481007
13926,Mid Value,474.4303085235191,158.14343617450638,316.28687234901275,245.20201562560626
13927,Mid Value,282.2680177954213,94.08933926514044,188.17867853028088,145.64636347734603
13928,Mid Value,265.69989641562273,88.56663213854091,177.13326427708182,136.8087869266901
13929,Long Tail / Low Value,236.3953171962855,78.7984390654285,157.596878130857,121.49750122373098
13930,Long Tail / Low Value,145.32119167933868,48.44039722644623,96.88079445289246,74.84421719383258
13931,Mid Value,543.967534156808,181.32251138560267,362.64502277120533,279.67619524669806
13932,Long Tail / Low Value,103.22279692903966,34.407598976346556,68.81519795269311,53.087225471001034
13933,Mid Value,314.4071420954248,104.80238069847492,209.60476139694984,161.89645035406446
13934,Long Tail / Low Value,113.28263170002461,37.76087723334154,75.52175446668308,58.27739667180518
13936,Long Tail / Low Value,154.2355532500734,51.411851083357796,102.82370216671559,79.42326727590192
13937,Long Tail / Low Value,161.41422208226388,53.80474069408796,107.60948138817592,83.1323268280166
13938,Mid Value,409.12916051308355,136.37638683769453,272.75277367538905,211.35702573967046
13939,Long Tail / Low Value,162.9104270917366,54.30347569724554,108.60695139449108,83.72537541119173
13940,Mid Value,429.609475223135,143.20315840771167,286.40631681542334,221.16612228060745
13941,Whales,1204.2898716677598,401.4299572225866,802.8599144451732,618.6039608049756
13946,Long Tail / Low Value,168.25830137491647,56.08610045830549,112.17220091661098,86.50412955803816
13947,Mid Value,304.21852570349745,101.40617523449914,202.8123504689983,157.01124075881768
13948,Long Tail / Low Value,86.73845899848546,28.91281966616182,57.82563933232364,44.58683345733599
13949,Whales,1580.0489778297615,526.6829926099205,1053.365985219841,814.0832756368316
13950,Mid Value,258.3075096063214,86.10250320210713,172.20500640421426,132.8134815121755
13951,Long Tail / Low Value,194.6923312038304,64.89744373461014,129.79488746922027,100.07217831639431
13952,High Value,758.6544428571398,252.88481428571325,505.7696285714265,390.2071188664482
13953,High Value,889.3577254760277,296.45257515867587,592.9051503173517,456.86266341297926
13954,Mid Value,374.38492268429894,124.79497422809965,249.5899484561993,193.08618479054454
13955,Long Tail / Low Value,70.27930684695018,23.42643561565006,46.85287123130012,36.126258240647296
13956,Mid Value,355.8547542743835,118.6182514247945,237.236502849589,182.91889322002532
13959,Long Tail / Low Value,140.41609219424203,46.805364064747344,93.61072812949469,72.14026920265049
13960,Long Tail / Low Value,180.6906039416648,60.230201313888266,120.46040262777653,93.18754547024693
13962,Long Tail / Low Value,39.59350248009916,13.197834160033054,26.395668320066108,20.363162622391645
13963,Long Tail / Low Value,86.1609452202225,28.7203150734075,57.440630146815,44.26136647007131
13967,Long Tail / Low Value,180.83242090981545,60.27747363660515,120.5549472732103,93.16824962780682
13969,Whales,2276.6648207151197,758.8882735717066,1517.7765471434132,1169.3342880066639
13971,High Value,839.9284160787852,279.9761386929284,559.9522773858567,431.66237715575403
13972,Long Tail / Low Value,39.69257761835742,13.23085920611914,26.46171841223828,20.423843436298558
13973,Long Tail / Low Value,105.38733138651583,35.129110462171944,70.25822092434389,54.20381322823784
13974,Mid Value,352.38003272792724,117.46001090930908,234.92002181861815,181.9546848959529
13975,Mid Value,666.162454472738,222.05415149091266,444.1083029818253,342.3990384428165
13976,Long Tail / Low Value,138.18249573214027,46.060831910713425,92.12166382142685,71.1314016341487
13978,Long Tail / Low Value,89.95927451078931,29.98642483692977,59.97284967385954,46.42994546837277
13979,Mid Value,284.6653369702018,94.88844565673394,189.77689131346787,146.88745395780606
13980,Mid Value,317.65174010302457,105.88391336767485,211.7678267353497,163.96745372627788
13982,Mid Value,468.82156811778407,156.27385603926135,312.5477120785227,240.83941660049868
13983,Mid Value,608.2956297239784,202.7652099079928,405.5304198159856,312.4372192754347
13984,Long Tail / Low Value,233.72413986310184,77.90804662103395,155.8160932420679,120.06071256638755
13985,Whales,2322.632988359549,774.2109961198497,1548.4219922396994,1193.7936366262306
13986,Mid Value,516.3905332373912,172.13017774579706,344.2603554915941,266.9549474117884
13988,Whales,1402.8978912236596,467.63263040788655,935.2652608157731,721.2072532528972
13989,Mid Value,269.4720764863428,89.8240254954476,179.6480509908952,138.59951383299997
13990,Long Tail / Low Value,134.67908805233185,44.89302935077728,89.78605870155457,69.32226366914432
13991,Mid Value,456.07666126982576,152.0255537566086,304.0511075132172,234.7705675785821
13992,Mid Value,434.3016568118895,144.7672189372965,289.534437874593,224.40237539955322
13993,High Value,943.6209806364374,314.54032687881244,629.0806537576249,484.7896114574919
13994,Whales,1214.595679727248,404.8652265757493,809.7304531514986,625.180450044004
13995,Mid Value,463.9546496295908,154.65154987653025,309.3030997530605,238.53967638107116
13999,High Value,975.8806372952672,325.29354576508905,650.5870915301781,501.25344612782465
14000,Long Tail / Low Value,135.73154527775523,45.24384842591841,90.48769685183682,69.86572731798833
14001,Mid Value,625.9409792636802,208.6469930878934,417.2939861757868,321.5626826570277
14002,Mid Value,289.93179210759035,96.64393070253011,193.28786140506023,149.27514762123525
14004,Whales,1283.2929081075124,427.76430270250415,855.5286054050083,659.5160826852652
14005,Whales,1278.4280791868014,426.14269306226714,852.2853861245343,657.4951346883523
14006,Mid Value,273.0815021623421,91.02716738744736,182.05433477489473,140.34528358161103
14009,Long Tail / Low Value,218.8607145873558,72.9535715291186,145.9071430582372,112.6096722456573
14012,Long Tail / Low Value,108.53732359913705,36.17910786637902,72.35821573275804,55.82891484186829
14013,Long Tail / Low Value,164.07000308637967,54.690001028793226,109.38000205758645,84.34505756699917
14014,Mid Value,275.83676346968963,91.94558782322987,183.89117564645974,142.317062689957
14015,Mid Value,341.57922995225096,113.85974331741699,227.71948663483397,176.35996956981776
14016,Whales,1148.3805510826594,382.79351702755315,765.5870340551063,589.9656635202696
14019,High Value,827.1607532401354,275.7202510800451,551.4405021600902,425.91276155397424
14020,Mid Value,474.9452814968969,158.31509383229897,316.63018766459794,244.84197162844129
14021,Long Tail / Low Value,205.41785959237367,68.47261986412455,136.9452397282491,105.61896703341964
14022,Long Tail / Low Value,128.85514116888558,42.95171372296186,85.90342744592373,66.3152158112169
14023,Long Tail / Low Value,220.8487027037171,73.61623423457236,147.23246846914472,113.57844147628752
14024,Long Tail / Low Value,74.57987129094502,24.859957096981674,49.71991419396335,38.41873864548902
14027,Mid Value,317.11563745580685,105.70521248526894,211.4104249705379,163.68982408999625
14029,Mid Value,325.7628235778267,108.58760785927556,217.17521571855113,167.75488154984902
14030,Mid Value,472.4629283588072,157.48764278626905,314.9752855725381,242.68000806752693
14031,Whales,3992.0524247923713,1330.684141597457,2661.368283194914,2050.2986117752503
14032,High Value,721.6903500303653,240.56345001012176,481.1269000202435,370.68260996794817
14034,Long Tail / Low Value,143.58551827381484,47.861839424604945,95.72367884920989,73.9115047411812
14035,Mid Value,410.5437391726323,136.8479130575441,273.6958261150882,210.98688112965326
14036,Long Tail / Low Value,106.24678004539163,35.41559334846388,70.83118669692776,54.64718981943399
14037,Long Tail / Low Value,19.408185823553026,6.469395274517676,12.938790549035351,9.97248181585261
14038,Mid Value,492.03198959186426,164.0106631972881,328.0213263945762,253.11253635338974
14039,Mid Value,418.60669874033647,139.5355662467788,279.0711324935576,216.26843820992104
14040,High Value,952.1184498137649,317.3728166045883,634.7456332091766,489.1387825218596
14041,Long Tail / Low Value,112.28902422692434,37.429674742308116,74.85934948461623,57.76468183849549
14044,Long Tail / Low Value,179.53009828806046,59.843366096020155,119.68673219204031,92.260644772161
14045,Mid Value,420.64395260498577,140.2146508683286,280.4293017366572,216.07974930554525
14046,Long Tail / Low Value,106.31719335661245,35.43906445220415,70.8781289044083,54.68351560693026
14047,Mid Value,307.32175133000675,102.44058377666892,204.88116755333783,157.86103581557828
14048,Long Tail / Low Value,100.08940633922889,33.36313544640963,66.72627089281926,51.47101031858184
14049,Whales,1669.4347971260881,556.4782657086961,1112.9565314173922,857.874607938225
14050,Mid Value,350.9743715138141,116.99145717127136,233.98291434254273,180.8620590692042
14051,Whales,3863.8473777583463,1287.9491259194488,2575.8982518388975,1984.5003902624098
14052,Mid Value,501.0300044825333,167.01000149417777,334.02000298835554,258.99134399238267
14053,Long Tail / Low Value,103.698788723534,34.56626290784467,69.13252581568933,53.38818170360162
14054,Mid Value,304.3394086569241,101.44646955230803,202.89293910461606,157.0738346087597
14055,Long Tail / Low Value,225.446242298189,75.14874743272966,150.29749486545933,116.2399154267265
14056,Whales,2427.712786605074,809.2375955350248,1618.4751910700495,1247.5697600961432
14057,Whales,1477.8250537945557,492.60835126485193,985.2167025297039,759.0594079339999
14059,Long Tail / Low Value,112.24046069806303,37.413486899354346,74.82697379870869,57.73962285634452
14060,Whales,1487.2117049317073,495.7372349772358,991.4744699544716,763.8238851260448
14062,Whales,2556.184126198311,852.061375399437,1704.122750798874,1312.9425909905242
14064,Mid Value,448.1286144445205,149.37620481484018,298.75240962968036,230.3443888763615
14066,Long Tail / Low Value,112.27340121284823,37.42446707094941,74.84893414189882,57.75662029387072
14067,Long Tail / Low Value,213.79534974437277,71.26511658145759,142.53023316291518,110.19482479969345
14068,Long Tail / Low Value,96.08211813606637,32.02737271202212,64.05474542404424,49.40432440555121
14071,Mid Value,448.92375324688805,149.641251082296,299.282502164592,230.75377778125306
14073,Mid Value,424.02388708162545,141.34129569387514,282.6825913877503,219.07582771953344
14075,Mid Value,311.41787255855684,103.80595751951894,207.61191503903788,160.11347551939338
14076,Long Tail / Low Value,196.89518875411878,65.63172958470626,131.26345916941253,101.4729317162662
14077,Long Tail / Low Value,149.85090601698067,49.95030200566023,99.90060401132045,77.025542640769
14078,Mid Value,259.8395863262689,86.61319544208963,173.22639088417927,133.46615671984108
14079,Long Tail / Low Value,202.31948795275116,67.43982931758372,134.87965863516743,104.27791917250838
14080,Mid Value,423.04184166735035,141.01394722245013,282.02789444490026,218.56688895540935
14081,Long Tail / Low Value,223.54256551038966,74.51418850346322,149.02837700692643,114.85915257256042
14082,Long Tail / Low Value,85.91441309059225,28.63813769686408,57.27627539372816,44.16205794601527
14083,Long Tail / Low Value,193.89838739653038,64.63279579884346,129.26559159768692,99.59140079421267
14085,High Value,1068.0123432000998,356.0041144000333,712.0082288000666,548.5393034015187
14087,Mid Value,659.9303284432068,219.9767761477356,439.9535522954712,341.39217273076827
14088,Whales,12761.822875058435,4253.940958352811,8507.881916705623,6556.567321609271
14089,Mid Value,329.03130747963496,109.67710249321165,219.3542049864233,169.86085117173226
14090,Long Tail / Low Value,95.00963982031448,31.669879940104824,63.33975988020965,48.851269776134224
14092,High Value,1033.339007270019,344.446335756673,688.892671513346,530.7701119551687
14093,Mid Value,557.5239250511164,185.84130835037215,371.6826167007443,288.28260756296004
14096,Whales,46360.98628447002,15453.66209482334,30907.32418964668,23879.46217355914
14098,Mid Value,403.6297491834458,134.54324972781527,269.08649945563053,208.50726380951724
14099,High Value,755.7901318593704,251.93004395312346,503.8600879062469,388.2245951379465
14100,Long Tail / Low Value,188.4111821887217,62.80372739624057,125.60745479248114,97.08626678726846
14101,Whales,1674.6260659777483,558.2086886592494,1116.417377318499,860.418331420759
14102,Whales,1180.690019248084,393.5633397493613,787.1266794987226,609.160233430563
14104,Long Tail / Low Value,94.00430810501764,31.334769368339213,62.669538736678426,48.39285667164712
14105,Long Tail / Low Value,122.73946550680985,40.91315516893662,81.82631033787324,63.15810625212629
14107,Mid Value,667.7117924422058,222.57059748073527,445.14119496147055,342.97901529293136
14108,Mid Value,425.58521238088196,141.861737460294,283.723474920588,219.33238530226578
14109,Mid Value,286.6454860331621,95.54849534438738,191.09699068877475,147.91259897998714
14110,Whales,1681.1835251837506,560.3945083945836,1120.7890167891671,864.0997985624017
14111,Mid Value,277.7918037592211,92.59726791974037,185.19453583948075,142.8384775520595
14112,High Value,835.7648910880946,278.58829702936487,557.1765940587297,429.5649937915839
14113,Mid Value,470.5959807173861,156.86532690579537,313.73065381159074,241.76691375550928
14114,Long Tail / Low Value,95.85081688326183,31.95027229442061,63.90054458884122,49.26194024019098
14116,High Value,778.89817462905,259.63272487635,519.2654497527,401.1122063065749
14117,Long Tail / Low Value,182.59295672116835,60.864318907056116,121.72863781411223,94.0783483045557
14121,Whales,3098.2747660911173,1032.7582553637058,2065.5165107274115,1597.8791646449185
14124,Mid Value,261.692800269818,87.23093342327267,174.46186684654535,134.99591373764582
14125,Whales,1672.477084403769,557.4923614679229,1114.9847229358459,862.2138659513819
14126,High Value,1063.8132288102413,354.6044096034138,709.2088192068276,549.6836693979745
14127,Long Tail / Low Value,165.09883828962475,55.032946096541586,110.06589219308317,84.85072196402706
14128,Long Tail / Low Value,230.03349385725699,76.67783128575233,153.35566257150467,118.29616647750078
14129,Mid Value,312.8023900397107,104.26746334657024,208.53492669314048,160.80375220725162
14130,Long Tail / Low Value,96.34060966214342,32.113536554047805,64.22707310809561,49.53762669170771
14132,Whales,1572.407579224894,524.1358597416314,1048.2717194832628,808.8848886394768
14133,Long Tail / Low Value,118.75136766630168,39.583789222100556,79.16757844420111,61.02871657261208
14135,High Value,1092.9359567248407,364.3119855749469,728.6239711498938,561.3334927372196
14138,Mid Value,638.738119544589,212.912706514863,425.825413029726,329.48629033656914
14139,Mid Value,362.9977896167663,120.99926320558876,241.99852641117752,187.45501722910376
14140,High Value,1011.6299901991455,337.2099967330485,674.419993466097,522.3745570759909
14141,Mid Value,545.282199138683,181.76073304622767,363.52146609245534,280.9103264090491
14142,Long Tail / Low Value,84.14820346815075,28.04940115605025,56.0988023121005,43.2516734069292
14143,Long Tail / Low Value,192.41415029212502,64.138050097375,128.27610019475,99.1559213052002
14145,Whales,1307.7285890818605,435.9095296939535,871.819059387907,672.5886017808325
14146,High Value,918.0306220070347,306.0102073356782,612.0204146713564,471.604281596851
14147,Long Tail / Low Value,189.695818958342,63.23193965278066,126.46387930556132,97.52647651867102
14148,Long Tail / Low Value,125.205485382578,41.73516179419267,83.47032358838534,64.43107388128105
14149,Long Tail / Low Value,131.11540983021985,43.70513661007328,87.41027322014656,67.48218760367571
14150,Long Tail / Low Value,183.397375512145,61.13245850404834,122.26491700809667,94.23774108987897
14152,Long Tail / Low Value,227.60396140097205,75.86798713365735,151.7359742673147,117.07114295210575
14154,Mid Value,513.7022265734388,171.2340755244796,342.4681510489592,264.2162009330045
14155,Long Tail / Low Value,112.30074434672235,37.433581448907454,74.86716289781491,57.77072947521914
14156,Whales,29064.75067322197,9688.250224407324,19376.500448814648,14927.072180567273
14157,Long Tail / Low Value,100.14847833556227,33.382826111854094,66.76565222370819,51.48839279400632
14158,Mid Value,386.95327492535876,128.9844249751196,257.9688499502392,199.866184548396
14159,Whales,1208.8560928862905,402.95203096209684,805.9040619241937,620.9204683499097
14161,Mid Value,281.10022455724095,93.70007485241365,187.4001497048273,144.4121491717247
14162,Long Tail / Low Value,68.43328425489756,22.81109475163252,45.62218950326504,35.18093603172727
14163,High Value,931.353708504739,310.45123616824634,620.9024723364927,478.9055402590837
14164,Mid Value,553.9794745014785,184.65982483382618,369.31964966765236,285.63870324818555
14165,Long Tail / Low Value,109.20117929807643,36.40039309935881,72.80078619871762,56.17142604617444
14167,Long Tail / Low Value,147.36520210677085,49.121734035590286,98.24346807118057,75.71956338177628
14171,Long Tail / Low Value,237.54406031986971,79.18135343995657,158.36270687991313,122.49900080283706
14173,Long Tail / Low Value,169.83825685076985,56.61275228358995,113.2255045671799,87.34907895638611
14174,Mid Value,418.50052745627147,139.50017581875716,279.0003516375143,216.213417110431
14175,Whales,1158.4553538676937,386.15178462256455,772.3035692451291,595.2952136162867
14176,Long Tail / Low Value,82.03648812786757,27.345496042622525,54.69099208524505,42.142634253343104
14177,Mid Value,252.6094322830496,84.20314409434987,168.40628818869973,129.9797509519675
14178,High Value,713.917313062083,237.972437687361,475.944875374722,367.28435282949295
14179,Mid Value,332.06844751954986,110.68948250651663,221.37896501303325,171.34979103272008
14180,Whales,1151.8008640387263,383.9336213462421,767.8672426924842,591.5514658402162
14184,Mid Value,301.43272844030344,100.47757614676782,200.95515229353563,155.56875943008157
14185,Long Tail / Low Value,93.31143067797753,31.103810225992508,62.207620451985015,47.975588780403086
14188,Mid Value,559.1495066252063,186.38316887506878,372.76633775013755,287.3213441189502
14189,Whales,1139.519483897297,379.83982796576566,759.6796559315313,585.2721889652017
14191,Whales,1852.7116874903795,617.5705624967932,1235.1411249935863,952.663556666685
14193,Mid Value,284.7030761234317,94.90102537447723,189.80205074895446,146.39171076529857
14194,Whales,3254.0557059911557,1084.6852353303852,2169.3704706607705,1671.9275194512454
14195,Long Tail / Low Value,119.57716306932878,39.859054356442925,79.71810871288585,61.4951939570122
14196,Long Tail / Low Value,225.1709310793689,75.0569770264563,150.1139540529126,116.09748940326251
14198,Long Tail / Low Value,242.29609014150074,80.76536338050025,161.5307267610005,124.58941706526082
14199,Long Tail / Low Value,132.1629831815789,44.05432772719297,88.10865545438594,68.02307380556559
14201,Long Tail / Low Value,196.86740966599052,65.6224698886635,131.244939777327,101.12652546738725
14204,Mid Value,660.4187158450092,220.1395719483364,440.2791438966728,341.64549294910546
14205,Long Tail / Low Value,165.8835983555106,55.2945327851702,110.5890655703404,85.29975106295308
14206,Long Tail / Low Value,122.7161252384346,40.9053750794782,81.8107501589564,63.14605839877576
14208,Long Tail / Low Value,243.76608525073217,81.25536175024406,162.51072350048813,125.71851443814359
14209,Mid Value,550.182290741064,183.394096913688,366.788193827376,282.67089828241905
14210,Mid Value,456.18040282925534,152.06013427641844,304.1202685528369,234.31893772677384
14211,High Value,690.617491710017,230.20583057000567,460.41166114001135,354.89537443712214
14212,Mid Value,252.3792786280555,84.12642620935183,168.25285241870367,130.17574031646484
14214,Long Tail / Low Value,142.25118187414768,47.417060624715894,94.83412124943179,73.1172832675043
14215,Mid Value,473.67349261544496,157.89116420514833,315.78232841029666,243.3086938254247
14216,Whales,2095.216294575027,698.405431525009,1396.810863050018,1081.3218201080613
14217,Mid Value,494.3299549791454,164.77665165971513,329.55330331943026,253.89539061789736
14218,Mid Value,377.8495976134864,125.94986587116215,251.8997317423243,195.14940262298418
14219,Mid Value,637.9364899903402,212.64549666344672,425.29099332689344,329.98456960128834
14220,Long Tail / Low Value,157.0429124187728,52.34763747292427,104.69527494584854,80.69633102568345
14221,High Value,915.7865148912897,305.2621716304299,610.5243432608598,470.4628838967284
14222,Long Tail / Low Value,155.79893382720638,51.932977942402125,103.86595588480425,80.23097772038277
14223,Mid Value,328.80766514313177,109.6025550477106,219.2051100954212,169.04978965121728
14224,Mid Value,275.1682674531028,91.72275581770094,183.44551163540189,141.39820486031454
14226,Mid Value,494.64071766655024,164.8802392221834,329.7604784443668,254.26312859814772
14227,High Value,883.8420671876472,294.6140223958824,589.2280447917648,454.22221526444844
14229,Mid Value,432.36419948505056,144.12139982835018,288.24279965670036,222.1728524167184
14231,Mid Value,260.843381405528,86.94779380184268,173.89558760368536,134.08012860375564
14232,Mid Value,543.597956855765,181.19931895192167,362.39863790384334,279.4405614058243
14233,Mid Value,498.91672635984753,166.3055754532825,332.611150906565,256.379075620153
14234,Mid Value,502.9502038842525,167.6500679614175,335.300135922835,259.40348000549864
14235,High Value,923.5018602480308,307.8339534160103,615.6679068320205,474.74962323727107
14236,Long Tail / Low Value,151.82954649354582,50.60984883118194,101.21969766236388,78.01068149406319
14237,Long Tail / Low Value,84.12177573106196,28.040591910353985,56.08118382070797,43.23805190994214
14238,Long Tail / Low Value,94.5488105103321,31.5162701701107,63.0325403402214,48.6136372094244
14239,Mid Value,677.8268309981244,225.9422769993748,451.8845539987496,348.2625236517384
14240,Mid Value,508.66678563202316,169.5555952106744,339.1111904213488,261.66379586389644
14241,Long Tail / Low Value,151.70343536467706,50.56781178822569,101.13562357645138,78.11513010967388
14242,Long Tail / Low Value,76.50309588872754,25.50103196290918,51.00206392581836,39.31966124664001
14243,Mid Value,648.8418938425284,216.2806312808428,432.5612625616856,333.2700648137262
14245,Mid Value,417.78939012515985,139.26313004171996,278.5262600834399,214.83494725031787
14246,Mid Value,515.9801653882358,171.9933884627453,343.9867769254906,265.3262203450229
14247,Long Tail / Low Value,108.24957881703104,36.083192939010345,72.16638587802069,55.68045769120647
14248,Long Tail / Low Value,96.5855115134555,32.19517050448517,64.39034100897034,49.66392216524031
14250,High Value,732.9231117294848,244.3077039098283,488.6154078196566,377.74565700550846
14251,Whales,1887.8847338222138,629.2949112740713,1258.5898225481426,973.6364769878394
14256,Long Tail / Low Value,213.17880065387826,71.05960021795941,142.11920043591883,109.53737656285907
14257,High Value,846.8040793652165,282.2680264550722,564.5360529101443,435.12362128556924
14258,Whales,2825.2151333933207,941.7383777977735,1883.476755595547,1451.402249446208
14259,Long Tail / Low Value,184.51238101548196,61.504127005160655,123.00825401032131,95.07061916670416
14261,Mid Value,355.21948103074317,118.4064936769144,236.8129873538288,183.16430713015706
14262,High Value,951.1791522803593,317.05971742678645,634.1194348535729,489.0264992177469
14264,Long Tail / Low Value,151.95542532761985,50.65180844253995,101.3036168850799,78.15156742551146
14265,Mid Value,284.2206959888722,94.74023199629073,189.48046399258146,146.35223577001898
14267,Mid Value,508.44314283595486,169.48104761198496,338.9620952239699,261.41459403852787
14270,Long Tail / Low Value,93.26781417495013,31.089271391650044,62.17854278330009,47.95309875848829
14271,Long Tail / Low Value,128.81912284179748,42.93970761393249,85.87941522786498,66.29662026254051
14272,Long Tail / Low Value,212.41305526568954,70.80435175522985,141.6087035104597,109.23590669622112
14273,Long Tail / Low Value,206.1398862363002,68.71329541210007,137.42659082420013,105.99465476250104
14276,Mid Value,345.39652152916807,115.13217384305602,230.26434768611205,177.54104192621975
14277,Whales,1479.6973648024807,493.2324549341602,986.4649098683204,761.1471687013161
14280,Long Tail / Low Value,143.75930752190763,47.91976917396921,95.83953834793842,74.01159208071411
14282,High Value,823.6260353432011,274.54201178106706,549.0840235621341,423.02762406765504
14284,Mid Value,526.921038453266,175.64034615108866,351.28069230217733,271.64828663417677
14285,High Value,1128.2644763008427,376.0881587669476,752.1763175338951,580.5697763873325
14286,Whales,1337.4638634416058,445.8212878138686,891.6425756277372,687.7676129581051
14287,Long Tail / Low Value,69.69587593367412,23.231958644558038,46.463917289116075,35.85686961260544
14288,Long Tail / Low Value,134.6379762893066,44.87932542976887,89.75865085953774,69.30103487116567
14289,Long Tail / Low Value,212.28329039637933,70.7610967987931,141.5221935975862,109.09964707845022
14290,Mid Value,473.9757679523931,157.9919226507977,315.9838453015954,243.48135211090735
14291,High Value,1000.490716729998,333.496905576666,666.993811153332,514.2022911017568
14292,Whales,1518.440859597962,506.14695319932065,1012.2939063986413,780.3743980870203
14293,Long Tail / Low Value,220.9892285178955,73.66307617263183,147.32615234526367,113.52278033569972
14295,Mid Value,387.07615474585987,129.02538491528662,258.05076983057324,199.92985270392154
14297,Mid Value,446.11712661876055,148.70570887292018,297.41141774584037,229.32210179904058
14298,Whales,12547.330124347392,4182.443374782464,8364.886749564928,6444.488940125811
14299,High Value,976.7291279028793,325.57637596762646,651.1527519352529,501.69117840876606
14300,Mid Value,507.13814396768134,169.0460479892271,338.0920959784542,262.1580267578274
14301,Long Tail / Low Value,210.84076443311864,70.28025481103954,140.56050962207908,108.68492084005685
14304,Long Tail / Low Value,130.20445922136426,43.40148640712142,86.80297281424284,67.01185638329898
14305,Mid Value,651.0438860040399,217.0146286680133,434.0292573360266,335.2449312710184
14306,Mid Value,595.5516850916687,198.51722836388956,397.0344567277791,307.03649249528127
14307,Mid Value,630.4980986894052,210.1660328964684,420.3320657929368,323.85417108798686
14309,Mid Value,619.8484821102631,206.61616070342106,413.2323214068421,318.3947481608302
14311,Long Tail / Low Value,121.35918410690033,40.45306136896678,80.90612273793356,62.445643585900996
14312,Mid Value,408.7848575581079,136.26161918603597,272.52323837207194,210.017555238568
14314,Long Tail / Low Value,225.18472989477948,75.06157663159316,150.1231532631863,116.10462789419786
14315,High Value,746.8570866875914,248.95236222919712,497.90472445839424,383.9071461450918
14317,Mid Value,306.4019670094163,102.13398900313877,204.26797800627753,158.14184935015876
14320,Long Tail / Low Value,68.06709331014717,22.68903110338239,45.37806220676478,34.9821583580726
14321,Mid Value,398.4616987348574,132.82056624495246,265.6411324899049,204.72569092064305
14323,Long Tail / Low Value,220.74380415420976,73.58126805140326,147.1625361028065,113.53770790488149
14326,Long Tail / Low Value,121.44196863177956,40.48065621059319,80.96131242118638,62.48837375990297
14327,Long Tail / Low Value,165.81853070879447,55.27284356959816,110.54568713919632,85.4082401575996
14329,High Value,1071.0292763729803,357.00975879099343,714.0195175819869,550.2678979921709
14331,Long Tail / Low Value,85.49473662426583,28.49824554142194,56.99649108284388,44.032905834633155
14332,Mid Value,553.3234192590289,184.44113975300965,368.8822795060193,284.8692982539627
14333,Mid Value,298.6872848158259,99.56242827194195,199.1248565438839,154.1472103225436
14334,Mid Value,636.6206032060454,212.20686773534848,424.41373547069696,327.01481705726576
14335,Long Tail / Low Value,158.1159218568242,52.705307285608065,105.41061457121613,81.49650589162108
14336,Mid Value,447.1237203459462,149.0412401153154,298.0824802306308,229.8363710669358
14338,Long Tail / Low Value,9.351386566265678,3.1171288554218926,6.234257710843785,4.812058699762467
14339,Long Tail / Low Value,121.37401990535282,40.458006635117606,80.91601327023521,62.45330124367402
14340,Long Tail / Low Value,132.08180529062645,44.027268430208814,88.05453686041763,67.98115920317306
14341,Mid Value,611.2048520994878,203.73495069982926,407.4699013996585,314.0392714139943
14342,Long Tail / Low Value,186.81830690709776,62.27276896903259,124.54553793806518,96.09142989490208
14344,Long Tail / Low Value,151.8738111561994,50.624603718733134,101.24920743746627,78.0088228443753
14345,Mid Value,394.5983698852894,131.53278996176314,263.0655799235263,203.8274571916753
14346,Mid Value,455.6497987395111,151.8832662465037,303.7665324930074,234.2361985828726
14348,Long Tail / Low Value,114.48405071461191,38.16135023820397,76.32270047640795,58.89736847726248
14349,Mid Value,575.347174393438,191.78239146447933,383.56478292895866,297.5248845637217
14350,Long Tail / Low Value,109.55672982654028,36.518909942180095,73.03781988436019,56.35487293523982
14351,Long Tail / Low Value,164.98953696856447,54.99651232285482,109.99302464570964,84.97984291809958
14352,Mid Value,331.23689129206736,110.41229709735579,220.82459419471158,170.27085754269652
14353,Long Tail / Low Value,133.69064197543415,44.56354732514472,89.12709465028944,68.81186867155564
14354,Long Tail / Low Value,204.92018568748824,68.30672856249608,136.61345712499215,105.81910002249248
14355,Long Tail / Low Value,85.71980007661578,28.573266692205262,57.146533384410525,44.06174199515071
14356,Mid Value,537.8126035640068,179.27086785466895,358.5417357093379,277.2967926030182
14357,Mid Value,374.9255223254978,124.97517410849927,249.95034821699855,193.63444473398792
14359,Mid Value,471.3665872185409,157.12219573951361,314.24439147902723,242.95047874614528
14360,High Value,913.5486446317389,304.5162148772463,609.0324297544926,470.73577612252313
14362,Mid Value,481.3700245361327,160.45667484537756,320.9133496907551,248.7994265644548
14364,Whales,1129.9144350639447,376.63814502131487,753.2762900426297,581.0901338862249
14367,Whales,2755.1740365235923,918.3913455078641,1836.7826910157282,1415.9660394281136
14368,Long Tail / Low Value,96.27365895717742,32.091219652392475,64.18243930478495,49.50310054361945
14371,Long Tail / Low Value,102.98266927073647,34.32755642357882,68.65511284715764,52.96335982119783
14373,Long Tail / Low Value,87.207030088648,29.069010029549332,58.138020059098665,44.82837737930586
14375,Long Tail / Low Value,150.48089296284581,50.16029765428194,100.32059530856388,77.48357218396997
14377,Long Tail / Low Value,193.59641621605178,64.53213873868393,129.06427747736785,99.55183525185275
14379,Long Tail / Low Value,146.6191420524744,48.8730473508248,97.7460947016496,75.37382975885075
14381,Mid Value,342.55623441371773,114.18541147123925,228.3708229424785,176.86602991935146
14382,Mid Value,456.87432035492736,152.2914401183091,304.5828802366182,236.10183884319915
14383,High Value,711.1418688041089,237.0472896013696,474.0945792027392,366.0320575228361
14385,Mid Value,304.76112066652115,101.58704022217371,203.17408044434742,157.38444055845932
14386,Long Tail / Low Value,102.60428917396261,34.201429724654204,68.40285944930841,52.7681813635302
14387,Whales,1212.7499472335148,404.24998241117163,808.4999648223433,624.782206265298
14388,High Value,799.4631641764346,266.48772139214486,532.9754427842897,410.62871694663465
14389,Mid Value,636.7268542436663,212.24228474788876,424.4845694957775,327.6726469622852
14390,Whales,1200.1498712057771,400.0499570685924,800.0999141371848,616.425548961276
14393,Long Tail / Low Value,132.25510578505265,44.08503526168422,88.17007052336844,68.07063961426596
14395,High Value,862.5338871477701,287.5112957159234,575.0225914318468,443.01859625602066
14396,Long Tail / Low Value,190.38577079453518,63.461923598178394,126.92384719635679,97.82154437659241
14397,High Value,1003.5581395829549,334.519379860985,669.03875972197,516.0527538634569
14400,Long Tail / Low Value,177.38836308851742,59.12945436283914,118.25890872567828,91.38795631186558
14401,High Value,1029.894535419901,343.29817847330037,686.5963569466007,528.9997938793953
14403,Mid Value,297.2673003513138,99.08910011710459,198.17820023420919,152.8441026216299
14404,Mid Value,383.7213670527705,127.9071223509235,255.814244701847,197.1024715015187
14406,Long Tail / Low Value,208.45075826158114,69.48358608719371,138.96717217438743,107.44880394728365
14407,Mid Value,649.1436004809441,216.3812001603147,432.7624003206294,333.65152587606116
14408,High Value,847.4373454330837,282.47911514436123,564.9582302887225,435.60491661188667
14409,Mid Value,552.5827154747876,184.19423849159588,368.38847698319177,283.8414311010295
14410,Mid Value,301.50564663682536,100.50188221227512,201.00376442455024,154.92642717190998
14411,Long Tail / Low Value,98.66793735008314,32.88931245002771,65.77862490005542,50.73787589091639
14412,Mid Value,520.9127709511932,173.63759031706442,347.27518063412884,268.64217299774896
14413,Long Tail / Low Value,86.349990791627,28.783330263875666,57.56666052775133,44.38658564050534
14414,Mid Value,367.1107211863441,122.37024039544804,244.74048079089607,188.5778438966012
14415,Whales,1351.7038427930736,450.5679475976912,901.1358951953824,694.2921028420245
14416,Mid Value,296.299164039617,98.76638801320566,197.5327760264113,152.94157895497088
14418,Whales,1706.9895020965369,568.9965006988456,1137.9930013976912,879.4232773244835
14419,Mid Value,273.56920564526723,91.18973521508907,182.37947043017815,140.525573299377
14420,Long Tail / Low Value,236.06541415974203,78.68847138658067,157.37694277316135,121.73393235247035
14421,Mid Value,288.78716569570463,96.26238856523487,192.52477713046974,148.57821903263908
14422,Whales,1481.7563504806576,493.91878349355255,987.8375669871051,761.6623364755592
14423,Long Tail / Low Value,132.1927734736812,44.0642578245604,88.1285156491208,68.0384554599825
14424,Mid Value,515.3891251519686,171.79637505065622,343.59275010131245,266.4357570617783
14426,Whales,1221.3252352153604,407.10841173845347,814.2168234769069,627.5305019607508
14427,Long Tail / Low Value,80.78476626330074,26.928255421100246,53.85651084220049,41.671943075426746
14428,Mid Value,345.35154322157285,115.11718107385762,230.23436214771525,177.44794484294096
14431,Long Tail / Low Value,100.88424276406724,33.628080921355746,67.25616184271149,51.88097157919417
14432,Whales,1729.3585897906569,576.4528632635523,1152.9057265271047,891.1118644439441
14434,High Value,1040.3102261267588,346.77007537558626,693.5401507511725,536.2757696968827
14436,Long Tail / Low Value,237.11688441237683,79.03896147079227,158.07792294158455,122.27797351409336
14437,Long Tail / Low Value,85.6957841298803,28.565261376626765,57.13052275325353,44.049362706657014
14438,Long Tail / Low Value,99.81155672649568,33.270518908831896,66.54103781766379,51.32770385696956
14439,Long Tail / Low Value,96.2928551196392,32.097618373213066,64.19523674642613,49.512999900267296
14440,Mid Value,519.6124237238085,173.20414124126953,346.40828248253905,266.9187511191535
14441,Mid Value,599.437019774613,199.812339924871,399.624679849742,308.18589240863685
14442,Mid Value,503.49892396268393,167.83297465422797,335.66594930845594,258.7960975872157
14443,Mid Value,359.8260828416995,119.94202761389982,239.88405522779965,184.84369179682446
14446,Mid Value,322.87376916404094,107.62458972134698,215.24917944269396,166.01143696016797
14447,Mid Value,344.59707989467734,114.86569329822578,229.73138659645156,177.1189118259113
14448,Long Tail / Low Value,141.17375293820274,47.05791764606758,94.11583529213516,72.5392268856163
14449,Long Tail / Low Value,216.83760442643683,72.27920147547894,144.55840295095788,111.38758816841425
14450,Long Tail / Low Value,127.72554396305793,42.57518132101931,85.15036264203862,65.63839445846179
14451,Long Tail / Low Value,245.14450354170924,81.71483451390309,163.42966902780617,126.1500913152537
14452,Long Tail / Low Value,196.93433962582142,65.64477987527381,131.28955975054762,101.51095217381268
14453,Long Tail / Low Value,147.39797485414329,49.13265828471443,98.26531656942886,75.89104165183458
14456,Whales,1719.039015558733,573.0130051862443,1146.0260103724886,884.8466025149256
14457,Long Tail / Low Value,98.65343148327845,32.88447716109282,65.76895432218564,50.73039458148386
14459,Long Tail / Low Value,172.18726473276712,57.39575491092237,114.79150982184474,88.69965545570162
14460,Long Tail / Low Value,169.5334021255846,56.51113404186153,113.02226808372306,87.12980324252796
14461,Mid Value,621.4555053883648,207.15183512945495,414.3036702589099,319.5167947544969
14462,Mid Value,533.6988126067599,177.8996042022533,355.7992084045066,274.16891561268284
14463,Long Tail / Low Value,241.77300563072882,80.5910018769096,161.1820037538192,124.37645997231957
14465,Long Tail / Low Value,155.50248371430027,51.83416123810009,103.66832247620017,79.92353880164349
14466,Mid Value,531.5690617750724,177.18968725835748,354.37937451671496,273.03495111802766
14467,Long Tail / Low Value,173.9789521241479,57.992984041382634,115.98596808276527,89.40599593193123
14470,Long Tail / Low Value,104.52504088084146,34.84168029361382,69.68336058722764,53.73756392822379
14472,Mid Value,450.6187433715371,150.20624779051238,300.41249558102476,231.4746189683525
14473,Long Tail / Low Value,96.31613556848271,32.10537852282757,64.21075704565514,49.51936229516239
14474,Mid Value,362.9772136169139,120.9924045389713,241.9848090779426,187.44435781178893
14475,Mid Value,265.25017033803266,88.41672344601089,176.83344689202178,136.3283656398592
14476,Long Tail / Low Value,115.57971324211623,38.52657108070541,77.05314216141082,59.462788575880566
14477,Mid Value,445.0098365960274,148.3366121986758,296.6732243973516,228.7115562375718
14479,Long Tail / Low Value,69.39958867035735,23.133196223452448,46.266392446904895,35.65928745531568
14480,Mid Value,566.495869559102,188.83195651970064,377.6639130394013,292.9349590008575
14481,Long Tail / Low Value,203.82172004088414,67.94057334696139,135.88114669392277,104.78723517937567
14482,High Value,749.7867162305582,249.92890541018608,499.85781082037215,385.50761820228695
14483,Long Tail / Low Value,107.2126581580318,35.73755271934393,71.47510543868786,55.14548848776937
14484,Mid Value,348.8538259909043,116.28460866363476,232.5692173272695,180.1280926885927
14485,Mid Value,395.06741622467143,131.68913874155714,263.3782774831143,204.0704975656105
14487,Mid Value,303.4699875320623,101.15666251068744,202.31332502137488,155.88131561549264
14488,Mid Value,298.56913233870296,99.52304411290099,199.04608822580198,154.08603359663152
14489,Long Tail / Low Value,137.77589219833888,45.92529739944629,91.85059479889259,70.92142500662814
14491,Long Tail / Low Value,106.17826294394428,35.392754314648094,70.78550862929619,54.554761840907915
14493,High Value,1088.4724339429206,362.8241446476402,725.6482892952804,560.2256124166988
14494,Mid Value,461.09181160991324,153.69727053663775,307.3945410732755,238.28791579477428
14495,Long Tail / Low Value,104.86456221063179,34.954854070210594,69.90970814042119,54.02246128463352
14496,Long Tail / Low Value,103.71825516172223,34.572751720574075,69.14550344114815,53.290524928367574
14497,Long Tail / Low Value,99.00920585866747,33.003068619555826,66.00613723911165,50.913884213210714
14498,Mid Value,550.7173335339702,183.5724445113234,367.1448890226468,282.90357035484294
14499,Mid Value,318.31468640446565,106.10489546815522,212.20979093631044,163.63517823452494
14500,Long Tail / Low Value,46.79408051563584,15.59802683854528,31.19605367709056,24.077056861568803
14501,Long Tail / Low Value,103.59748167855093,34.53249389285031,69.06498778570062,53.24747030231835
14502,High Value,703.7975779051983,234.5991926350661,469.1983852701322,361.6137241704462
14503,Whales,1564.3017662408733,521.4339220802912,1042.8678441605823,804.8389648633909
14504,Long Tail / Low Value,216.26647580061064,72.08882526687022,144.17765053374043,111.16620088098442
14505,Whales,1360.2851259473036,453.4283753157679,906.8567506315358,698.7250427726984
14506,Mid Value,515.264521285752,171.754840428584,343.509680857168,264.67921499897557
14507,Mid Value,383.9645478466965,127.9881826155655,255.976365231131,197.35323983823642
14508,Long Tail / Low Value,200.03942502965316,66.67980834321772,133.35961668643543,103.12078851635198
14511,High Value,807.8741568434427,269.29138561448093,538.5827712289619,415.9470142073707
14512,Long Tail / Low Value,104.46761181867022,34.822537272890074,69.64507454578015,53.735500956846515
14513,Long Tail / Low Value,194.95990228602452,64.9866340953415,129.973268190683,100.21426832816299
14514,Mid Value,293.205267941382,97.73508931379399,195.47017862758798,150.66740634372732
14515,High Value,747.2121194928043,249.07070649760144,498.14141299520287,384.2643279887423
14517,Long Tail / Low Value,88.97401551439393,29.65800517146464,59.31601034292928,45.8201511318217
14518,Mid Value,306.83987031752105,102.27995677250702,204.55991354501404,158.36860297897536
14520,Long Tail / Low Value,67.73661976668863,22.57887325556288,45.15774651112576,34.82331303492348
14522,Mid Value,377.5775208719931,125.8591736239977,251.7183472479954,194.23674300882328
14523,Long Tail / Low Value,222.5295377995632,74.1765125998544,148.3530251997088,114.73105379635031
14524,Mid Value,438.09124248451667,146.03041416150555,292.0608283230111,225.0295683888997
14525,High Value,1046.523948211001,348.8413160703337,697.6826321406674,537.554306972121
14527,Whales,2054.9427632232237,684.9809210744079,1369.9618421488158,1055.3894451824467
14528,Mid Value,400.3958601526687,133.46528671755624,266.9305734351125,206.83152459967084
14529,Mid Value,410.8727660405019,136.9575886801673,273.9151773603346,211.66847194758947
14530,High Value,771.8361293453821,257.278709781794,514.557419563588,396.6515805565954
14532,Long Tail / Low Value,204.9151162515068,68.30503875050226,136.61007750100453,105.2757130480373
14533,Mid Value,447.1140152708224,149.03800509027414,298.0760101805483,229.68230528827144
14534,Whales,1190.9401906710707,396.9800635570236,793.9601271140472,611.8652097553567
14535,High Value,1013.1205673329129,337.7068557776376,675.4137115552752,520.9507706735516
14536,Long Tail / Low Value,114.78891620980235,38.262972069934115,76.52594413986823,59.05469316670862
14537,Mid Value,326.05223758972227,108.68407919657409,217.36815839314818,168.31795740205214
14538,Long Tail / Low Value,194.96221159793433,64.98740386597811,129.97480773195622,100.2597625199853
14539,High Value,1026.8353670522583,342.2784556840861,684.5569113681722,529.9872448546921
14540,Mid Value,321.7945164336658,107.26483881122194,214.52967762244387,165.38408018803537
14541,Mid Value,404.0838756043209,134.6946252014403,269.3892504028806,207.6183602851819
14542,Long Tail / Low Value,150.33833628458987,50.11277876152996,100.22555752305992,77.40992952853924
14543,High Value,880.4880784679617,293.49602615598724,586.9920523119745,452.2387181250946
14544,Mid Value,465.02373569483416,155.00791189827805,310.0158237965561,238.94707095231678
14546,High Value,853.4516259968316,284.4838753322772,568.9677506645544,438.78583682178066
14547,Whales,3853.3386255059154,1284.4462085019718,2568.8924170039436,1987.2588281979506
14548,Long Tail / Low Value,185.20602206123488,61.73534068707829,123.47068137415658,95.19430421177597
14549,Long Tail / Low Value,98.42941690201044,32.80980563400348,65.61961126800696,50.61486101838577
14550,High Value,922.2255671479091,307.40852238263636,614.8170447652727,475.9944244848198
14551,Long Tail / Low Value,53.2789707392419,17.759656913080633,35.519313826161266,27.41384568185349
14552,Long Tail / Low Value,175.53863257949746,58.51287752649915,117.0257550529983,90.43184971834468
14553,Long Tail / Low Value,214.71514855828724,71.57171618609574,143.14343237219148,110.31434098548432
14554,Whales,2522.3383848391923,840.7794616130641,1681.5589232261282,1301.1229097485136
14555,Long Tail / Low Value,77.41559888664737,25.80519962888246,51.61039925776492,39.79557185638379
14557,Mid Value,259.96636670058206,86.65545556686068,173.31091113372136,134.10236467467368
14560,Mid Value,483.3908259751118,161.13027532503727,322.26055065007455,248.28624294856346
14561,Mid Value,548.1362556073659,182.7120852024553,365.4241704049106,282.05195927298394
14562,Whales,1452.5558478543035,484.18528261810116,968.3705652362023,746.3478299584285
14565,Mid Value,628.1199023731942,209.37330079106474,418.7466015821295,322.68059385288444
14566,Long Tail / Low Value,219.67166167201037,73.22388722400346,146.44777444800692,113.25268877628932
14567,High Value,840.4892622277214,280.16308740924046,560.3261748184809,432.9195579438883
14569,Mid Value,673.7162984632221,224.5720994877407,449.1441989754814,348.5428899861779
14570,Long Tail / Low Value,24.444932808880488,8.148310936293496,16.296621872586993,12.568159004427514
14572,High Value,784.5923707543427,261.53079025144757,523.0615805028951,403.11768000001996
14573,Mid Value,256.05997831855717,85.35332610618572,170.70665221237144,131.51874961554753
14576,Long Tail / Low Value,84.35664633048442,28.118882110161476,56.23776422032295,43.35911049519302
14577,Long Tail / Low Value,168.86972007751663,56.28990669250555,112.5798133850111,86.75195217220173
14578,Mid Value,650.1219169549714,216.70730565165715,433.4146113033143,336.3047405343067
14581,Mid Value,523.2699193402791,174.4233064467597,348.8466128935194,270.52168904781524
14582,Mid Value,386.3925359225113,128.79751197417042,257.59502394834084,199.5756474922703
14583,Mid Value,421.94807136264797,140.64935712088266,281.2987142417653,217.03176044000145
14584,Mid Value,305.85279433832693,101.95093144610898,203.90186289221796,157.33959534715677
14585,Mid Value,348.90607630832784,116.30202543610928,232.60405087221855,180.15515825739973
14586,Long Tail / Low Value,108.83417227830557,36.27805742610186,72.55611485220372,55.98207060906054
14587,Mid Value,412.96024817448364,137.6534160581612,275.3068321163224,212.1589853102231
14589,Long Tail / Low Value,84.50433305544672,28.16811101848224,56.33622203696448,43.435232848372145
14591,Mid Value,570.939394572668,190.31313152422265,380.6262630484453,293.6573941400614
14592,Mid Value,387.15369033598523,129.05123011199507,258.10246022399014,199.66306931423156
14593,Long Tail / Low Value,244.16558025068312,81.38852675022771,162.77705350045542,125.6173526148003
14594,Long Tail / Low Value,55.92248018409704,18.640826728032348,37.281653456064696,28.73300421250556
14595,Mid Value,528.5892259739301,176.1964086579767,352.3928173159534,271.6120251132036
14597,Mid Value,613.7308396670182,204.57694655567275,409.1538931113455,315.83452800273415
14598,Mid Value,370.5204936761882,123.50683122539607,247.01366245079214,191.35226325611958
14600,Long Tail / Low Value,100.03030391809021,33.3434346393634,66.6868692787268,51.44052693953079
14601,Mid Value,573.0761283219758,191.0253761073253,382.0507522146506,296.3472005107919
14603,Long Tail / Low Value,109.50400395371862,36.50133465123954,73.00266930247908,56.327668786013355
14606,Whales,2925.053015802166,975.0176719340553,1950.0353438681107,1502.2225669044262
14607,Whales,5544.580639765573,1848.1935465885244,3696.387093177049,2849.9090754194353
14608,Mid Value,518.6494738655114,172.88315795517045,345.7663159103409,266.44144557870914
14609,Long Tail / Low Value,177.84336246791466,59.28112082263822,118.56224164527644,91.40269003406024
14616,Long Tail / Low Value,61.13911884259133,20.379706280863775,40.75941256172755,31.420184101813593
14618,Long Tail / Low Value,135.59724064004862,45.19908021334954,90.39816042669908,69.67556385386119
14619,Long Tail / Low Value,120.09536364840397,40.031787882801325,80.06357576560265,61.79332238581722
14620,Long Tail / Low Value,107.17448324398106,35.724827747993686,71.44965549598737,55.10143730856841
14621,Mid Value,460.97893070103714,153.65964356701238,307.31928713402476,236.8092801933306
14622,Long Tail / Low Value,151.08835674537576,50.36278558179192,100.72557116358384,77.79738185790183
14623,Mid Value,307.65991359826313,102.55330453275438,205.10660906550876,158.1971248968997
14624,Long Tail / Low Value,35.18672647998703,11.728908826662343,23.457817653324685,18.15286156840903
14625,Long Tail / Low Value,158.0038124077621,52.667937469254035,105.33587493850807,81.18849132224125
14626,High Value,1045.9643515878545,348.65478386261816,697.3095677252363,537.8695594063983
14628,Long Tail / Low Value,244.5369233475784,81.51230778252614,163.02461556505227,125.77061824555395
14629,High Value,760.0658435872109,253.35528119573698,506.71056239147396,392.26194051867503
14631,Mid Value,304.50579825778357,101.50193275259453,203.00386550518905,156.51133932836095
14632,Long Tail / Low Value,113.64409720878012,37.881365736260044,75.76273147252009,58.46392210178374
14633,Long Tail / Low Value,112.34325033822634,37.44775011274211,74.89550022548423,57.79266278663888
14636,Long Tail / Low Value,206.8178055844288,68.93926852814293,137.87853705628586,106.34469262747872
14638,Mid Value,348.282475614956,116.09415853831867,232.18831707663733,179.83213492940018
14639,Mid Value,681.3116244571335,227.10387481904448,454.20774963808896,349.9789541838021
14640,High Value,748.8186187585549,249.60620625285162,499.21241250570324,385.0547173299178
14641,Mid Value,486.7567312339244,162.25224374464148,324.50448748928295,251.5918625128795
14642,Mid Value,323.12280848501536,107.70760282833845,215.4152056566769,166.8008105373549
14643,Long Tail / Low Value,171.53514242919283,57.178380809730946,114.35676161946189,88.14313804999503
14644,Mid Value,389.36822253962714,129.78940751320906,259.5788150264181,200.16122528369385
14645,Long Tail / Low Value,226.03297009750372,75.34432336583457,150.68864673166914,116.21790863939191
14646,Whales,72323.23983464367,24107.74661154789,48215.49322309578,37147.18940783574
14647,Long Tail / Low Value,141.00226178219702,47.00075392739901,94.00150785479802,72.58763884605345
14649,Mid Value,515.7861075631158,171.92870252103862,343.85740504207723,265.29277744187647
14651,Long Tail / Low Value,192.95744189760183,64.31914729920061,128.63829459840122,99.27501548464215
14652,Mid Value,275.93012341605447,91.9767078053515,183.953415610703,142.3653911749098
14653,Mid Value,484.0604183061838,161.35347276872793,322.70694553745585,248.68351804373447
14655,Mid Value,555.4804812679084,185.16016042263615,370.3203208452723,285.6788112805203
14656,Long Tail / Low Value,98.43528919732853,32.81176306577618,65.62352613155235,50.60845509744038
14657,Long Tail / Low Value,156.0086893484786,52.00289644949287,104.00579289898575,80.16347830484173
14658,Long Tail / Low Value,159.8397457347988,53.27991524493294,106.55983048986587,82.34998020221283
14659,Mid Value,608.1681024658517,202.72270082195055,405.4454016439011,312.48087388879037
14660,Long Tail / Low Value,211.55836266540186,70.51945422180061,141.03890844360123,109.03232595966915
14661,Mid Value,455.7863056358932,151.92876854529774,303.8575370905955,235.53788883048978
14662,Long Tail / Low Value,238.10930717003907,79.36976905667969,158.73953811335937,122.35862406550564
14664,Mid Value,623.1124539079883,207.70415130266278,415.40830260532556,321.73428435975376
14665,Mid Value,503.7148358534297,167.90494528447655,335.8098905689531,258.844397423538
14666,Mid Value,468.0874929819589,156.02916432731965,312.0583286546393,241.91412237131863
14667,Whales,2214.662138103248,738.2207127010826,1476.4414254021651,1137.4500641110799
14669,Mid Value,295.84163955762034,98.61387985254011,197.22775970508022,152.0209879616424
14670,Long Tail / Low Value,136.5402747619288,45.51342492064293,91.02684984128587,70.20112942366922
14672,Mid Value,248.38440496554324,82.79480165518108,165.58960331036215,127.6505087966579
14673,Mid Value,414.70437782094433,138.23479260698144,276.4695852139629,213.0262373974648
14675,Mid Value,523.3719103825462,174.45730346084872,348.91460692169744,270.5745688298876
14676,High Value,725.9416047141352,241.98053490471173,483.96106980942346,373.10400658357685
14680,Whales,7005.570495777569,2335.1901652591896,4670.380330518379,3598.0779616448744
14681,Long Tail / Low Value,62.24487470784719,20.748291569282397,41.496583138564795,32.01869664909937
14682,Long Tail / Low Value,25.227295654779088,8.40909855159303,16.81819710318606,12.980730843899721
14684,Mid Value,317.92147823814946,105.97382607938316,211.94765215876632,163.3153875761695
14687,Long Tail / Low Value,225.26361284444792,75.0878709481493,150.1757418962986,116.14543615107553
14688,Whales,1306.5805811816178,435.5268603938726,871.0537207877452,671.0452863338709
14689,Long Tail / Low Value,137.17192316296993,45.72397438765665,91.4479487753133,70.60953002308655
14690,Long Tail / Low Value,151.09262663192027,50.36420887730676,100.72841775461352,77.79780531931496
14691,High Value,803.8298687946858,267.9432895982286,535.8865791964572,413.42275052273686
14692,Long Tail / Low Value,118.0656727648554,39.3552242549518,78.7104485099036,60.6684839357889
14693,Long Tail / Low Value,112.98794471963369,37.662648239877896,75.32529647975579,58.12533238501606
14696,Mid Value,501.0647947808011,167.02159826026704,334.0431965205341,257.3654157137984
14697,Long Tail / Low Value,63.188469007738945,21.06282300257965,42.1256460051593,32.50737486606325
14698,High Value,889.4322420694814,296.47741402316046,592.9548280463209,458.7881618504002
14699,Long Tail / Low Value,134.16612092152846,44.72204030717615,89.4440806143523,69.05738565115448
14700,High Value,775.2370875194189,258.41236250647296,516.8247250129459,398.668626796017
14701,Mid Value,670.3906461551618,223.46354871838727,446.92709743677455,344.4488511401464
14702,High Value,772.4406769298079,257.4802256432693,514.9604512865386,396.7401125545627
14703,Mid Value,538.0850406176962,179.36168020589875,358.7233604117975,278.20316142632015
14704,High Value,691.1900501673528,230.39668338911758,460.79336677823517,355.5875680696877
14705,Long Tail / Low Value,142.66286863275178,47.554289544250594,95.10857908850119,73.44529306699799
14708,Mid Value,258.79779042556885,86.26593014185629,172.53186028371258,132.9552794209294
14709,Whales,1249.6213332214813,416.54044440716046,833.0808888143209,641.8657672280466
14710,Mid Value,521.3134717314445,173.77115724381483,347.54231448762965,268.85900803184137
14711,High Value,947.7495320726831,315.91651069089437,631.8330213817887,487.1483786322789
14712,High Value,743.4896227259817,247.8298742419939,495.6597484839878,383.0068840349544
14713,Mid Value,640.2370065798721,213.41233552662402,426.82467105324804,328.8481623993514
14714,Mid Value,468.13038607935215,156.04346202645073,312.08692405290145,241.936356335432
14715,Mid Value,258.82391679797996,86.27463893265998,172.54927786531997,132.9894793547256
14716,Long Tail / Low Value,135.86192800373152,45.287309334577174,90.57461866915435,69.95881504664573
14719,Mid Value,574.9324445620387,191.64414818734622,383.28829637469244,295.5879858836573
14720,Mid Value,437.8930000059842,145.96433333532806,291.9286666706561,225.52080962233694
14722,Long Tail / Low Value,179.1323888105579,59.710796270185966,119.42159254037193,92.28945812467973
14723,Mid Value,282.11854629824694,94.03951543274898,188.07903086549797,144.91140476766702
14725,Mid Value,468.02316815761486,156.00772271920496,312.0154454384099,241.88077911619555
14727,Long Tail / Low Value,109.5639342244022,36.52131140813407,73.04262281626814,56.35859008041899
14729,Long Tail / Low Value,84.11671117248528,28.03890372416176,56.07780744832352,43.23544151544371
14730,Mid Value,587.3359821583523,195.77866071945076,391.5573214389015,301.86982058648886
14731,Long Tail / Low Value,147.0719480433406,49.02398268111353,98.04796536222706,75.65289187853149
14732,High Value,747.4819880275003,249.16066267583344,498.32132535166687,384.0058032603618
14733,Whales,2070.5436987582143,690.1812329194048,1380.3624658388096,1063.4818416986043
14735,Whales,1511.6393581993877,503.8797860664626,1007.7595721329252,776.4159160519198
14737,Mid Value,277.1451012965203,92.38170043217343,184.76340086434686,142.3941720291925
14738,Mid Value,358.63724169833733,119.5457472327791,239.0914944655582,184.2750357726801
14739,High Value,907.2656817298131,302.4218939099377,604.8437878198754,466.0211089524655
14740,Mid Value,386.83462027139075,128.9448734237969,257.8897468475938,198.85062598737318
14741,Mid Value,351.3760980966882,117.12536603222941,234.25073206445882,180.48457545024826
14744,Mid Value,250.00498273567348,83.3349942452245,166.669988490449,128.41678586313628
14745,Mid Value,360.37439854325476,120.12479951441826,240.2495990288365,185.2211520697133
14747,Long Tail / Low Value,118.61436566744653,39.53812188914885,79.0762437782977,61.0289389329435
14748,Mid Value,304.28313501386157,101.42771167128718,202.85542334257437,156.30381148357574
14752,Mid Value,374.19134458616793,124.73044819538931,249.46089639077863,193.25407322883734
14753,Mid Value,256.15918182680747,85.38639394226915,170.7727878845383,132.13194758315598
14754,Mid Value,251.6805726846975,83.8935242282325,167.787048456465,129.3835943434625
14755,Whales,1321.4125696004664,440.4708565334888,880.9417130669776,678.8508729625358
14756,Mid Value,532.9683486366274,177.65611621220913,355.31223242441826,275.5501683167945
14757,Mid Value,280.2897937915152,93.4299312638384,186.8598625276768,144.6222617342747
14758,Mid Value,341.67034895804244,113.89011631934748,227.78023263869497,175.65517245386232
14759,Mid Value,568.1891055178958,189.39636850596526,378.7927370119305,292.21064544578303
14760,Long Tail / Low Value,102.39320461885394,34.131068206284645,68.26213641256929,52.65929959154828
14761,Long Tail / Low Value,88.621137492863,29.540379164287668,59.080758328575335,45.54503666826341
14762,Long Tail / Low Value,113.27791054757462,37.75930351585821,75.51860703171641,58.27496045196508
14764,Mid Value,362.7407580204492,120.9135860068164,241.8271720136328,187.32186186358348
14765,Long Tail / Low Value,118.2845948950814,39.42819829836046,78.85639659672093,60.871724133514796
14766,Mid Value,671.7963133121492,223.93210443738306,447.8642088747661,345.08111555469776
14768,Long Tail / Low Value,74.32627566075111,24.77542522025037,49.55085044050074,38.2860301621191
14769,Whales,2876.5018637273124,958.8339545757708,1917.6679091515416,1477.587952844852
14770,Mid Value,317.6275186822161,105.8758395607387,211.7516791214774,163.25101474226182
14772,Long Tail / Low Value,217.22252541603552,72.40750847201184,144.81501694402368,111.98581388718436
14775,Long Tail / Low Value,218.69853098694617,72.89951032898206,145.79902065796412,112.35206584677556
14776,Mid Value,609.2305781114251,203.07685937047503,406.15371874095007,313.0268063387059
14778,Long Tail / Low Value,231.69586800584077,77.23195600194693,154.46391200389385,119.09780394373433
14779,Long Tail / Low Value,37.10853831772678,12.369512772575595,24.73902554515119,19.069745913282283
14780,Long Tail / Low Value,186.74233316257983,62.247444387526606,124.49488877505321,96.28932021220835
14782,Long Tail / Low Value,96.28801050489903,32.096003501633014,64.19200700326603,49.51050155805001
14784,Long Tail / Low Value,101.02456144105712,33.67485381368571,67.34970762737142,51.92350672204964
14785,Long Tail / Low Value,130.6680536112966,43.55601787043221,87.11203574086441,67.5165830680824
14788,High Value,852.3204050854629,284.1068016951543,568.2136033903085,440.1985676230599
14789,Mid Value,443.7099065425952,147.90330218086507,295.80660436173014,229.27853420877835
14790,Mid Value,264.3156285892638,88.10520952975459,176.21041905950918,135.89387681221515
14792,Mid Value,308.901397635869,102.96713254528966,205.93426509057932,159.43610840140067
14793,Mid Value,487.9101911745006,162.6367303915002,325.2734607830004,252.1898174123964
14794,Mid Value,353.0905055979401,117.69683519931336,235.3936703986267,181.40320307796856
14795,Long Tail / Low Value,163.51790112023852,54.505967040079504,109.01193408015901,84.21936849697455
14796,Whales,1910.5505976447823,636.8501992149274,1273.7003984298549,981.2872218869996
14798,Long Tail / Low Value,42.7373854568622,14.2457951522874,28.4915903045748,21.96442673027833
14799,Mid Value,345.7589919047551,115.25299730158503,230.50599460317005,178.52499323188212
14800,High Value,999.0549497864444,333.01831659548145,666.0366331909629,513.1331682643576
14801,Mid Value,315.05699257938664,105.01899752646221,210.03799505292443,162.6237328354005
14803,Long Tail / Low Value,130.6081149815444,43.536038327181465,87.07207665436293,67.13379411600435
14804,Mid Value,592.895926195801,197.63197539860036,395.2639507972007,306.6253221657802
14805,Long Tail / Low Value,163.34137903571695,54.447126345238985,108.89425269047797,83.93880844098408
14806,Mid Value,280.37549050241927,93.45849683413975,186.9169936682795,144.66662540318282
14808,High Value,1058.7549027162902,352.91830090543004,705.8366018108601,544.7493810361929
14810,Mid Value,509.9062749972527,169.96875833241756,339.93751666483513,261.8993238101626
14813,Long Tail / Low Value,9.677946391150567,3.2259821303835223,6.451964260767045,4.972653052918089
14815,Mid Value,403.67880018608906,134.5596000620297,269.1192001240594,208.21109125844612
14816,Long Tail / Low Value,143.247953990219,47.74931799673967,95.49863599347934,73.74748137710688
14817,Mid Value,321.9769106717711,107.32563689059037,214.65127378118075,165.5461709260121
14818,Mid Value,269.1952711291459,89.73175704304863,179.46351408609726,138.4148382746558
14819,Long Tail / Low Value,164.0013844031125,54.667128134370834,109.33425626874167,84.39641872740333
14820,Long Tail / Low Value,222.51083370416546,74.17027790138849,148.34055580277698,114.50186062894542
14821,Long Tail / Low Value,85.48547584883968,28.495158616279895,56.99031723255979,43.94095752393703
14823,Long Tail / Low Value,118.46957883538118,39.489859611793726,78.97971922358745,60.952741654186184
14824,Mid Value,650.139425157065,216.71314171902168,433.42628343804336,335.0283969221983
14825,Mid Value,543.763642005177,181.254547335059,362.509094670118,279.28877193965025
14828,Mid Value,582.8434135546344,194.2811378515448,388.5622757030896,299.4912664545738
14829,Long Tail / Low Value,148.11246479771845,49.370821599239484,98.74164319847897,76.08412033329955
14830,Mid Value,338.93008141866676,112.97669380622226,225.95338761244452,174.987805739185
14834,Mid Value,618.4159071155773,206.13863570519243,412.27727141038486,317.95922540167663
14836,Long Tail / Low Value,55.626517227201056,18.542172409067017,37.084344818134035,28.71885122905184
14837,Mid Value,604.504348062471,201.501449354157,403.002898708314,310.96304766603015
14840,Long Tail / Low Value,111.91793802339068,37.305979341130225,74.61195868226045,57.573200894325645
14841,High Value,861.7712570285183,287.2570856761728,574.5141713523456,442.68572537778414
14842,High Value,943.9210940285384,314.64036467617944,629.2807293523589,485.0858193095191
14844,High Value,1060.8965056435484,353.63216854784946,707.2643370956989,545.505427887688
14847,Long Tail / Low Value,178.08851713188034,59.362839043960115,118.72567808792023,91.74986810910772
14849,Whales,1925.8771183082488,641.9590394360829,1283.9180788721658,989.1023268054369
14850,Long Tail / Low Value,98.40204890908164,32.80068296969388,65.60136593938776,50.60074628552431
14851,Long Tail / Low Value,212.24308216300162,70.74769405433388,141.49538810866775,109.14649108685771
14852,High Value,935.4129187031123,311.80430623437076,623.6086124687415,480.88968460774373
14853,Long Tail / Low Value,212.98267034160037,70.99422344720013,141.98844689440025,109.57776809984276
14854,High Value,817.8220081447575,272.60733604825253,545.2146720965051,420.3463101085862
14855,Mid Value,360.6280535251259,120.20935117504196,240.41870235008392,185.7393496795712
14856,Mid Value,430.9140989639055,143.6380329879685,287.276065975937,222.27951592496814
14857,Mid Value,683.4763252110124,227.82544173700413,455.65088347400825,351.94015309027753
14859,Mid Value,559.8649297466477,186.62164324888258,373.24328649776515,287.9904011105533
14860,Mid Value,501.5567648563089,167.1855882854363,334.3711765708726,259.2644327947816
14861,Mid Value,341.9711840511498,113.9903946837166,227.9807893674332,176.56299011717024
14862,Mid Value,569.8820124020992,189.96067080069975,379.9213416013995,293.4467003603926
14863,Mid Value,439.6080845736048,146.5360281912016,293.0720563824032,227.1525911040679
14865,Long Tail / Low Value,9.334737256350017,3.1115790854500056,6.223158170900011,4.796228086511954
14866,Whales,3825.2857650171427,1275.0952550057143,2550.1905100114286,1964.7730857886922
14867,Long Tail / Low Value,155.68439995570148,51.894799985233824,103.78959997046765,79.99782479689121
14868,High Value,1030.776903680909,343.5923012269697,687.1846024539394,529.9858090047779
14869,Mid Value,461.1418274423627,153.71394248078755,307.4278849615751,237.64808025029828
14870,Long Tail / Low Value,114.03607780298009,38.012025934326694,76.02405186865339,58.66619671020925
14871,Long Tail / Low Value,126.24297114520218,42.08099038173406,84.16198076346812,64.85448164402325
14873,Long Tail / Low Value,136.1836065958946,45.39453553196486,90.78907106392973,70.09916589673746
14875,High Value,734.7013762149661,244.90045873832204,489.8009174766441,377.8004944215599
14878,Mid Value,324.8190745714076,108.27302485713587,216.54604971427173,166.8482984118418
14880,Mid Value,251.51833322942048,83.83944440980683,167.67888881961366,129.2868397559662
14881,Mid Value,500.6172522495205,166.87241741650683,333.74483483301367,258.77736092428927
14882,High Value,845.8639976854047,281.9546658951349,563.9093317902698,436.7454407677005
14883,Long Tail / Low Value,210.58245029055362,70.1941500968512,140.3883001937024,108.30300474568685
14885,Long Tail / Low Value,194.60783340740747,64.86927780246916,129.7385556049383,100.29018565102743
14886,Long Tail / Low Value,117.36526687757029,39.121755625856764,78.24351125171353,60.384273820404786
14887,Mid Value,271.8282064481851,90.60940214939502,181.21880429879005,140.24204925682673
14888,Long Tail / Low Value,137.77846740937602,45.92615580312534,91.85231160625068,70.92275487972776
14889,Long Tail / Low Value,92.12823566421235,30.709411888070786,61.41882377614157,47.36551131233615
14890,Long Tail / Low Value,117.03037126478972,39.01012375492991,78.02024750985981,60.211437321512065
14891,Long Tail / Low Value,89.79151052743072,29.930503509143573,59.86100701828715,46.2102829732043
14893,Whales,1444.0238937177498,481.34129790591663,962.6825958118333,746.2609801733736
14894,Mid Value,259.81258182472993,86.60419394157664,173.20838788315328,134.02277122595945
14895,Whales,2784.8457719180687,928.2819239726896,1856.5638479453792,1431.0391508244045
14896,Long Tail / Low Value,105.68412098829315,35.228040329431046,70.45608065886209,54.30320199492739
14897,Mid Value,464.3461751552057,154.78205838506855,309.5641167701371,238.6506924352191
14898,Mid Value,339.129395985513,113.043131995171,226.086263990342,174.19531924822388
14901,Mid Value,331.24679735422853,110.41559911807617,220.83119823615235,170.13621736278472
14902,Mid Value,461.39576219462754,153.79858739820918,307.59717479641836,238.44546594411523
14903,High Value,872.1002818292434,290.70009394308113,581.4001878861623,448.2568747444569
14904,Whales,1732.1708717717395,577.3902905905799,1154.7805811811597,894.640861170877
14905,Long Tail / Low Value,220.41907165473265,73.47302388491089,146.94604776982177,113.37642491180593
14907,High Value,820.1290888738855,273.3763629579618,546.7527259159236,421.2625260410154
14908,Mid Value,282.3549339430946,94.11831131436486,188.23662262872972,145.6913593648003
14910,Mid Value,284.48368661001973,94.82789553667324,189.65579107334648,146.73884014373147
14911,Whales,35057.9967796534,11685.998926551132,23371.997853102264,18004.657164843633
14912,Mid Value,276.0849971174203,92.02833237247343,184.05666474494686,141.9906764098086
14913,Mid Value,305.905996861733,101.96866562057767,203.93733124115533,157.1533521134786
14915,Long Tail / Low Value,107.48141624286829,35.82713874762276,71.65427749524552,55.262068898338576
14916,Mid Value,349.59639899296764,116.53213299765588,233.06426599531176,179.63902016333077
14918,High Value,828.6571907279139,276.2190635759713,552.4381271519426,426.6572886030001
14920,Mid Value,364.62885338985683,121.54295112995227,243.08590225990454,187.5958757383492
14921,Mid Value,347.6606199049348,115.88687330164493,231.77374660328985,178.88912841731243
14923,Mid Value,348.5216921055185,116.17389736850618,232.34779473701235,179.95604819090764
14924,Long Tail / Low Value,120.12554059973495,40.04184686657832,80.08369373315664,61.808897915999566
14929,Mid Value,424.34756060040894,141.449186866803,282.898373733606,219.24357004257888
14930,Mid Value,580.8056143083699,193.60187143612328,387.20374287224655,298.5834934296799
14931,Mid Value,420.906719029517,140.30223967650565,280.6044793530113,216.41717469285055
14932,Long Tail / Low Value,85.71582017154529,28.571940057181763,57.143880114363526,44.059690507616956
14934,Mid Value,669.9696130484882,223.32320434949608,446.64640869899216,344.4536372181122
14935,Long Tail / Low Value,102.37230629032156,34.12410209677385,68.2482041935477,52.64851984990147
14936,Whales,2334.248043548449,778.0826811828164,1556.1653623656327,1199.7299027552997
14937,High Value,714.0461490024038,238.01538300080128,476.03076600160256,367.71826627499235
14944,Whales,1849.0945039824176,616.3648346608059,1232.7296693216117,950.179008160443
14946,Mid Value,539.5080812493512,179.83602708311707,359.67205416623415,278.9410132765025
14947,Long Tail / Low Value,131.714276976605,43.904758992201664,87.80951798440333,67.84323225233813
14948,Mid Value,371.91447847995835,123.97149282665278,247.94298565330556,191.26045193676546
14950,Mid Value,501.41388798171766,167.13796266057255,334.2759253211451,259.1903609653851
14951,Mid Value,271.8037545527523,90.6012515175841,181.2025030351682,140.22939211268584
14952,Whales,1993.3632546002718,664.4544182000906,1328.9088364001811,1023.8656031825997
14953,Mid Value,462.5025398367844,154.16751327892814,308.3350265578563,239.01915641025855
14954,Mid Value,556.8114525378481,185.60381751261605,371.2076350252321,287.913164794591
14957,Long Tail / Low Value,117.12646740274629,39.04215580091543,78.08431160183086,60.26103144430602
14958,Long Tail / Low Value,143.0812155616659,47.69373852055531,95.38747704111061,73.57500689072324
14959,Long Tail / Low Value,201.0147737332341,67.0049245777447,134.0098491554894,103.31167647763158
14960,Long Tail / Low Value,129.65385717461234,43.217952391537445,86.43590478307489,66.73939787941038
14961,Whales,1695.4099383325379,565.136646110846,1130.273292221692,870.8629326852777
14962,Long Tail / Low Value,110.8471066237278,36.9490355412426,73.8980710824852,57.020664480686094
14963,Mid Value,637.6840507232848,212.56135024109494,425.1227004821899,328.0833186336754
14964,Long Tail / Low Value,119.40546303254925,39.80182101084975,79.6036420216995,61.43724127279004
14965,Long Tail / Low Value,168.4697814615972,56.1565938205324,112.3131876410648,86.83312875353508
14966,Mid Value,539.0917711176737,179.69725703922458,359.39451407844916,278.7251545461961
14967,Mid Value,351.8598286590139,117.28660955300462,234.57321910600925,181.68521366800684
14968,Mid Value,433.9883223686011,144.66277412286703,289.32554824573407,224.23998274218062
14970,Mid Value,459.60287255652077,153.20095751884026,306.4019150376805,236.17845075170777
14971,High Value,775.5825613744129,258.52752045813764,517.0550409162753,400.2347327069447
14972,Long Tail / Low Value,197.96631835706376,65.98877278568791,131.97754557137583,102.02680808080905
14973,Mid Value,356.3259306391964,118.77531021306545,237.5506204261309,183.26608846045497
14974,Mid Value,399.620473913713,133.20682463790433,266.41364927580867,206.42973909683192
14975,Mid Value,326.4549009119675,108.81830030398918,217.63660060797835,168.52649903265842
14976,Long Tail / Low Value,199.707390492435,66.569130164145,133.13826032829,102.60660545218279
14978,Mid Value,535.4696100271996,178.48987000906652,356.97974001813304,275.12449785621504
14981,Long Tail / Low Value,119.79665128195651,39.93221709398551,79.86443418797101,61.639145820759225
14984,Long Tail / Low Value,94.49593101472497,31.498643671574992,62.997287343149985,48.635810297500385
14985,Long Tail / Low Value,88.0092085015556,29.336402833851867,58.672805667703734,45.22345534632182
14987,Long Tail / Low Value,84.85396424264512,28.284654747548373,56.569309495096746,43.600133104674114
14988,Long Tail / Low Value,135.62987145819847,45.20995715273282,90.41991430546564,69.81322469127596
14995,Long Tail / Low Value,74.03800111558553,24.679333705195177,49.35866741039035,38.06605752437314
14997,Mid Value,259.91237762416387,86.63745920805462,173.27491841610924,133.75257728231037
14998,Long Tail / Low Value,160.6774691811812,53.55915639372707,107.11831278745414,82.64077285320234
15000,Mid Value,359.0494588189601,119.68315293965337,239.36630587930674,185.40960877970696
15002,Mid Value,322.9295607925882,107.64318693086273,215.28637386172545,165.89090710903278
15004,Long Tail / Low Value,179.09938750043847,59.69979583347949,119.39959166695898,92.27239917108685
15005,Whales,1553.1287815108794,517.7095938369598,1035.4191876739196,797.6925340057672
15006,Mid Value,345.6004547023341,115.2001515674447,230.4003031348894,178.4428732292312
15007,Long Tail / Low Value,169.01667960210733,56.338893200702444,112.67778640140489,87.06101371428849
15009,Whales,1324.782328372044,441.594109457348,883.188218914696,684.0947286205085
15010,Mid Value,408.7532778264979,136.25109260883264,272.50218521766527,211.16224271290767
15012,Long Tail / Low Value,109.50601790789223,36.50200596929741,73.00401193859481,56.26424304257968
15014,Long Tail / Low Value,132.62295197979304,44.20765065993101,88.41530131986202,68.26328218710621
15016,Long Tail / Low Value,159.12804669916179,53.04268223305393,106.08536446610786,81.95104263327482
15017,Mid Value,417.93974694176404,139.313248980588,278.626497961176,215.92280459543844
15018,Long Tail / Low Value,141.39477853574587,47.131592845248626,94.26318569049725,72.64083262334424
15019,Long Tail / Low Value,112.27681837496004,37.42560612498668,74.85121224997336,57.75838356431744
15021,Mid Value,461.76347274417486,153.9211575813916,307.8423151627832,237.18083054798336
15022,High Value,732.2850226060552,244.09500753535175,488.1900150707035,377.80201819203785
15023,Whales,1686.342568801698,562.114189600566,1124.228379201132,866.1437909823075
15024,Mid Value,324.6646355264437,108.22154517548124,216.44309035096248,166.7584770674096
15025,Mid Value,418.92210686732705,139.64070228910902,279.28140457821803,216.43189221900437
15026,Long Tail / Low Value,167.10655779104275,55.70218593034758,111.40437186069516,85.90479127678296
15027,Mid Value,338.8628905097112,112.95429683657039,225.90859367314079,174.24601874188625
15028,Long Tail / Low Value,143.42922972913092,47.80974324304364,95.61948648608728,73.68003829752826
15030,Long Tail / Low Value,242.59467220410414,80.86489073470138,161.72978146940275,124.74124384377288
15031,Long Tail / Low Value,205.1133321143562,68.37111070478541,136.74222140957082,105.42978564077762
15032,High Value,726.0933962560408,242.03113208534694,484.0622641706939,373.0291437039189
15033,Mid Value,598.5399675774571,199.51332252581904,399.02664505163807,307.5014309835147
15034,High Value,995.8981139096381,331.9660379698794,663.9320759397588,511.5802784018461
15035,Mid Value,252.2591302357318,84.08637674524392,168.17275349048785,130.11356160579825
15036,Long Tail / Low Value,246.9111203864128,82.30370679547093,164.60741359094186,127.06006100764496
15038,Long Tail / Low Value,164.79202314610922,54.93067438203641,109.86134876407282,84.64703330100167
15039,Whales,4817.816318863479,1605.938772954493,3211.877545908986,2474.382511824585
15041,Long Tail / Low Value,160.68025866893757,53.56008622297919,107.12017244595837,82.75307555413745
15042,Long Tail / Low Value,142.1855412876575,47.39518042921916,94.79036085843832,73.19876373273073
15043,Mid Value,428.84899766191785,142.94966588730594,285.8993317746119,221.57644928091656
15044,Whales,1806.5202414173466,602.1734138057822,1204.3468276115643,927.8777926821476
15045,Long Tail / Low Value,231.9630423376932,77.3210141125644,154.6420282251288,119.28626270130722
15046,Whales,1293.2804924303603,431.09349747678675,862.1869949535735,664.3655271927475
15047,Long Tail / Low Value,111.20679011829462,37.06893003943154,74.13786007886308,57.20625462089873
15048,Long Tail / Low Value,91.7183269683016,30.572775656100532,61.145551312201064,47.11598169752183
15049,Long Tail / Low Value,109.86410676270955,36.62136892090319,73.24273784180637,56.513466453728945
15050,Mid Value,605.3541207910849,201.78470693036164,403.5694138607233,312.13336982487453
15051,High Value,759.7617627545924,253.25392091819745,506.5078418363949,391.13370364167196
15052,Long Tail / Low Value,96.33827469085537,32.112758230285124,64.22551646057025,49.53642255696269
15053,Long Tail / Low Value,217.83414467621338,72.61138155873779,145.22276311747558,111.97864528760996
15054,Mid Value,314.47980011500243,104.82660003833415,209.6532000766683,162.3367118986858
15057,Long Tail / Low Value,179.3914628120248,59.79715427067493,119.59430854134986,92.2070442755051
15058,Mid Value,613.7526546125474,204.58421820418246,409.1684364083649,315.3504909264707
15059,Mid Value,344.02414728021864,114.67471576007289,229.34943152014577,176.73945099502723
15060,Mid Value,349.0508260142399,116.35027533807995,232.7005506761599,180.34847942737565
15061,Whales,12560.801250141621,4186.9337500472075,8373.867500094415,6450.961711104277
15062,Mid Value,256.27608000133426,85.42536000044475,170.8507200008895,131.65696634530948
15063,Long Tail / Low Value,134.6390301227952,44.8796767075984,89.7593534151968,69.30157903672371
15065,High Value,939.5003968444777,313.1667989481592,626.3335978963185,482.8754564281427
15066,Mid Value,338.7867287594694,112.9289095864898,225.8578191729796,174.91355501717027
15067,Mid Value,407.74741393596094,135.91580464532032,271.83160929064064,209.6027219709683
15068,Long Tail / Low Value,217.20033500726385,72.40011166908795,144.8002233381759,111.6957465135284
15069,Long Tail / Low Value,154.38746975495863,51.46248991831954,102.92497983663908,79.50175261655465
15070,Long Tail / Low Value,84.30327012593368,28.101090041977894,56.20218008395579,43.33159885806863
15071,Mid Value,254.1695796452059,84.72319321506863,169.44638643013727,130.68474814394412
15073,Mid Value,394.44824591468074,131.48274863822692,262.96549727645385,202.96390085989492
15074,Long Tail / Low Value,226.85900607145587,75.61966869048528,151.23933738097057,116.97078577878645
15075,Mid Value,275.76123282791764,91.92041094263921,183.84082188527842,142.2779637157155
15076,Long Tail / Low Value,159.01860460285576,53.00620153428525,106.0124030685705,81.89449464208559
15078,Whales,2356.988884459217,785.6629614864056,1571.3259229728112,1210.5383813594324
15079,Long Tail / Low Value,226.36397439482795,75.45465813160932,150.90931626321864,116.28583287236445
15081,Long Tail / Low Value,120.45202456049344,40.15067485349781,80.30134970699562,61.874108102030554
15083,Long Tail / Low Value,115.90112659098418,38.63370886366139,77.26741772732278,59.62865891912526
15087,Long Tail / Low Value,107.21443841645724,35.73814613881908,71.47629227763817,55.14640694330489
15088,Mid Value,529.0082141501374,176.33607138337914,352.67214276675827,272.8547669547978
15089,High Value,814.2252442866309,271.40841476221027,542.8168295244205,419.23553179579716
15090,Long Tail / Low Value,99.24921831057706,33.08307277019235,66.1661455403847,51.0376714150863
15091,Mid Value,298.9116853415735,99.63722844719116,199.27445689438233,154.26340011681225
15092,Long Tail / Low Value,80.91824257483177,26.972747524943923,53.945495049887846,41.60241688153293
15093,Whales,1146.4395092668983,382.1465030889661,764.2930061779322,588.8708009999225
15095,Mid Value,308.3083008669261,102.76943362230871,205.53886724461742,158.59331992653944
15096,Mid Value,377.9248908287364,125.97496360957881,251.94992721915762,195.1884122800549
15097,Mid Value,636.8188833630818,212.27296112102727,424.54592224205453,329.4049144610257
15098,Whales,16289.118573332144,5429.706191110715,10859.41238222143,8382.040863632814
15099,Mid Value,261.66747989095893,87.22249329698631,174.44498659397263,134.9828085546226
15100,Long Tail / Low Value,117.7800718818265,39.260023960608834,78.52004792121767,60.506728048840856
15101,Long Tail / Low Value,113.01200918899127,37.67066972966376,75.34133945932751,58.0706478810492
15103,Mid Value,631.0151563355407,210.33838544518025,420.6767708903605,325.3131167084697
15104,Mid Value,372.90310105260954,124.30103368420318,248.60206736840635,191.72203918051198
15105,High Value,1125.848379837502,375.2827932791674,750.5655865583348,579.6087704912252
15106,Mid Value,401.37200148139885,133.79066716046628,267.58133432093257,206.31945356709107
15107,Long Tail / Low Value,6.446954665219668,2.148984888406556,4.297969776813112,3.31148666964735
15108,Mid Value,496.9721694672528,165.6573898224176,331.3147796448352,255.5748011090756
15109,Long Tail / Low Value,120.13476436637951,40.044921455459836,80.08984291091967,61.81365867349835
15110,Mid Value,303.28691578054486,101.09563859351495,202.1912771870299,155.84935306983766
15111,Mid Value,461.6174102585072,153.87247008616907,307.74494017233815,237.14657526647972
15113,Whales,1966.3602862588696,655.4534287529565,1310.906857505913,1014.3801295084227
15114,High Value,804.4699607982618,268.1566535994206,536.3133071988412,413.3779442695722
15115,Mid Value,508.9689476324894,169.65631587749647,339.31263175499294,263.1071971372485
15116,Mid Value,462.11548064984396,154.038493549948,308.076987099896,237.70813988620327
15117,Mid Value,590.3213955518363,196.77379851727878,393.54759703455755,303.6023803406281
15118,Long Tail / Low Value,191.60238580454828,63.86746193484942,127.73492386969885,98.73620236812003
15119,Long Tail / Low Value,120.12078951628102,40.040263172093674,80.08052634418735,61.80644569100962
15120,Long Tail / Low Value,192.41415029212502,64.138050097375,128.27610019475,99.1559213052002
15121,Long Tail / Low Value,103.17512473481862,34.391708244939544,68.78341648987909,53.04313362780059
15122,Mid Value,533.19379780223,177.73126593407667,355.46253186815335,274.0556351153509
15123,High Value,930.7674841494855,310.2558280498285,620.511656099657,478.89952777426276
15124,Long Tail / Low Value,84.351643864979,28.117214621659667,56.23442924331933,43.40846471593612
15125,Whales,2618.585454006872,872.8618180022908,1745.7236360045815,1345.838988961747
15127,Mid Value,303.764723932079,101.25490797735966,202.50981595471933,156.77626036601862
15128,Mid Value,489.75780686904056,163.2526022896802,326.5052045793604,251.8859142430107
15129,High Value,1007.5268245075824,335.8422748358608,671.6845496717216,517.752542775971
15130,Long Tail / Low Value,161.22241275268664,53.74080425089554,107.48160850179109,83.03321509520933
15132,Mid Value,269.76113940969606,89.92037980323202,179.84075960646405,138.67508316274245
15133,Mid Value,276.3529674161873,92.11765580539577,184.23531161079154,142.03801061419952
15134,Mid Value,511.3213688709085,170.44045629030282,340.88091258060564,262.88377961372
15135,Long Tail / Low Value,122.76223083687306,40.92074361229102,81.84148722458204,63.16985734056644
15136,Mid Value,646.0407337468233,215.3469112489411,430.6938224978822,332.88041589406527
15139,Long Tail / Low Value,30.904587247011438,10.301529082337145,20.60305816467429,15.88257052578825
15140,High Value,714.2346172388333,238.07820574627775,476.1564114925555,367.13522854011353
15142,Mid Value,362.88722117711103,120.962407059037,241.924814118074,187.3977371563238
15143,Long Tail / Low Value,128.80497830579287,42.934992768597624,85.86998553719525,66.28931772432044
15144,Whales,1861.8379952796774,620.6126650932258,1241.2253301864516,956.5928864980481
15145,Mid Value,350.18005749164814,116.72668583054939,233.45337166109877,180.04831455870573
15146,Mid Value,296.8595997429607,98.95319991432024,197.90639982864047,152.6141157633316
15147,Long Tail / Low Value,122.28563959059404,40.76187986353135,81.5237597270627,62.92385055496622
15148,Mid Value,572.5160070438185,190.83866901460615,381.6773380292123,296.0567427432828
15149,Long Tail / Low Value,192.46448541290147,64.15482847096716,128.30965694193432,99.1819470432112
15150,Whales,1696.1481148021285,565.3827049340429,1130.7654098680857,871.7867683118553
15152,Whales,1854.3383592613359,618.1127864204453,1236.2255728408907,953.8554431613304
15153,Mid Value,429.43601897250034,143.1453396575001,286.2906793150002,221.88067841231864
15154,Mid Value,280.42601499951206,93.47533833317068,186.95067666634137,144.69278105902396
15156,Whales,1160.2700019149124,386.7566673049708,773.5133346099416,598.9570498074108
15157,Mid Value,318.54510986755645,106.18170328918548,212.36340657837096,163.65995772165752
15158,Mid Value,366.789956534089,122.26331884469634,244.5266376893927,189.41957914455858
15159,Whales,4348.308839382234,1449.4362797940778,2898.8725595881556,2233.366206641103
15160,Long Tail / Low Value,87.40684694820615,29.13561564940205,58.2712312988041,44.93138259441394
15163,Long Tail / Low Value,132.71825102815896,44.23941700938632,88.47883401877264,68.29792372189016
15164,Mid Value,256.353784962566,85.45126165418867,170.90252330837734,131.72369686081427
15165,Long Tail / Low Value,84.12766233676952,28.042554112256507,56.085108224513014,43.24108600793617
15167,Long Tail / Low Value,96.04622224530209,32.0154074151007,64.0308148302014,49.38581325441862
15168,Mid Value,461.61252086096914,153.8708402869897,307.7416805739794,238.5578210544794
15171,Long Tail / Low Value,93.32895614027133,31.10965204675711,62.21930409351422,47.98462546393204
15172,Mid Value,564.6389538333792,188.21298461112642,376.42596922225283,290.3313364652341
15174,Long Tail / Low Value,95.49686922729472,31.832289742431573,63.66457948486315,49.10252078374231
15175,Mid Value,289.0874708321958,96.36249027739859,192.72498055479718,149.17687003330832
15178,Long Tail / Low Value,114.46603365041278,38.15534455013759,76.31068910027518,58.888070890286464
15179,Mid Value,316.5607207493508,105.52024024978361,211.04048049956722,162.66124983447492
15180,Long Tail / Low Value,85.3350422012893,28.445014067096434,56.89002813419287,43.86341586074238
15181,Long Tail / Low Value,185.55035307419087,61.85011769139695,123.7002353827939,95.39265050389074
15182,Long Tail / Low Value,163.91046705636063,54.63682235212021,109.27364470424043,84.28203982406598
15184,Long Tail / Low Value,148.76159751829445,49.58719917276482,99.17439834552964,76.55575849447864
15185,Mid Value,291.70746814555696,97.23582271518565,194.4716454303713,150.53333686407493
15186,Long Tail / Low Value,178.60672528731385,59.535575095771286,119.07115019154257,91.9418555265462
15187,Whales,1804.8156290253417,601.6052096751139,1203.2104193502278,928.099175841735
15189,Whales,4357.592137196054,1452.5307123986847,2905.0614247973695,2238.506074741243
15192,Mid Value,265.06553333796865,88.35517777932289,176.71035555864577,136.17781504405778
15193,Mid Value,317.04115921981247,105.68038640660416,211.3607728132083,163.65125440440121
15194,Whales,1891.8060194587447,630.6020064862482,1261.2040129724965,971.6572008165807
15195,Mid Value,659.7505795048959,219.9168598349653,439.8337196699306,341.29893936022813
15197,Long Tail / Low Value,196.4145614216289,65.4715204738763,130.9430409477526,100.91265948978369
15198,Long Tail / Low Value,103.34036419342203,34.44678806447401,68.89357612894803,53.23435988796787
15199,Mid Value,343.72482595575775,114.57494198525258,229.14988397050516,176.6418460041462
15201,Mid Value,390.81976540744853,130.27325513581619,260.54651027163237,200.9344830972668
15203,Mid Value,544.2228042405678,181.4076014135226,362.8152028270452,279.64909874723816
15204,Long Tail / Low Value,87.40300419504537,29.13433473168179,58.26866946336358,44.929401653769936
15205,Long Tail / Low Value,206.62463620396585,68.87487873465528,137.74975746931057,106.43413621265441
15206,Long Tail / Low Value,167.9799411753927,55.993313725130896,111.98662745026179,86.34772482272814
15208,Mid Value,253.80164135566812,84.60054711855604,169.20109423711207,130.38428490854847
15210,Long Tail / Low Value,128.88474275729504,42.961580919098346,85.92316183819669,66.33049853985783
15211,Mid Value,260.96646488133206,86.98882162711068,173.97764325422136,134.0913676807207
15212,Long Tail / Low Value,121.83200187931905,40.61066729310635,81.2213345862127,62.689695376630624
15213,Long Tail / Low Value,7.667516630685519,2.555838876895173,5.111677753790346,3.940700856822991
15214,Mid Value,456.30358405435476,152.10119468478493,304.20238936956986,234.59314117820367
15215,Mid Value,444.0820532924316,148.0273510974772,296.0547021949544,228.84239720659357
15216,Mid Value,255.91809695159134,85.30603231719711,170.61206463439422,132.0071766101721
15218,Whales,1576.7547238740299,525.5849079580099,1051.1698159160198,810.1132901792698
15219,Long Tail / Low Value,156.4868661653663,52.16228872178877,104.32457744357754,80.58640311019553
15220,Mid Value,536.1329133116906,178.71097110389687,357.42194220779373,275.55640539727455
15221,Long Tail / Low Value,85.5229550497799,28.507651683259965,57.01530336651993,43.96027641962117
15222,Long Tail / Low Value,96.5129916644319,32.1709972214773,64.3419944429546,49.626523670403856
15223,Mid Value,276.987143568258,92.32904785608599,184.65809571217198,142.4505792581308
15224,Long Tail / Low Value,105.69345622120647,35.231152073735494,70.46230414747099,54.30901618185266
15225,Long Tail / Low Value,124.82069833442424,41.60689944480808,83.21379888961616,64.23243908744442
15226,Long Tail / Low Value,98.676416783242,32.89213892774733,65.78427785549466,50.74224910714694
15227,Mid Value,310.8288854080863,103.60962846936211,207.21925693872421,159.71831095391053
15228,High Value,964.6958601061185,321.5652867020395,643.130573404079,495.81305483337053
15230,Long Tail / Low Value,34.96528505982022,11.655095019940072,23.310190039880144,17.98373202763175
15232,Mid Value,317.1966350900794,105.73221169669313,211.46442339338626,163.3538014203457
15234,Long Tail / Low Value,108.81789273899685,36.27263091299895,72.5452618259979,55.973671319867776
15235,Long Tail / Low Value,58.70543309825513,19.568477699418377,39.136955398836754,30.151565946418835
15236,Long Tail / Low Value,102.03425487837468,34.01141829279156,68.02283658558312,52.47414791995828
15237,Long Tail / Low Value,231.42432561881057,77.14144187293685,154.2828837458737,119.01336692533735
15238,Mid Value,499.74280625130837,166.58093541710278,333.16187083420556,257.15071513926875
15239,Mid Value,522.8550790663212,174.2850263554404,348.5700527108808,269.6031733223356
15240,Mid Value,486.99296119078315,162.3309870635944,324.6619741271888,250.24966698552467
15241,Mid Value,469.2381346011021,156.4127115337007,312.8254230674014,241.15809022040614
15243,Mid Value,282.4729775970288,94.15765919900959,188.31531839801917,145.7524698121598
15244,Long Tail / Low Value,236.4237795444553,78.80792651481843,157.61585302963687,121.59072928865154
15245,Mid Value,598.6216531550746,199.54055105169152,399.08110210338305,307.77710288206583
15246,Long Tail / Low Value,162.29911965424319,54.09970655141439,108.19941310282879,83.3970391468307
15247,Long Tail / Low Value,204.66976925133906,68.22325641711302,136.44651283422604,105.49336641220906
15249,Whales,2042.8859121142038,680.9619707047347,1361.9239414094693,1050.0923539307937
15251,Whales,2935.5779954231316,978.5259984743772,1957.0519969487543,1509.1853040324
15252,Mid Value,398.09296333774586,132.69765444591528,265.39530889183055,204.88545419234282
15253,Mid Value,428.6104833632904,142.8701611210968,285.7403222421936,220.55709809363015
15254,Long Tail / Low Value,199.07614144336293,66.3587138144543,132.7174276289086,102.6007036623475
15255,Mid Value,301.43272844030344,100.47757614676782,200.95515229353563,155.56875943008157
15256,Long Tail / Low Value,178.12237729532796,59.37412576510932,118.74825153021864,91.76737066274228
15257,Long Tail / Low Value,106.60902438742716,35.53634146247572,71.07268292495144,54.83407041511729
15258,Long Tail / Low Value,228.15581266259468,76.05193755419823,152.10387510839647,117.37623409262505
15260,Mid Value,400.73267244801946,133.57755748267314,267.1551149653463,205.83212236310186
15261,Long Tail / Low Value,190.5997613258874,63.533253775295805,127.06650755059161,98.21780882304799
15262,Long Tail / Low Value,95.27677841682096,31.75892613894032,63.51785227788064,48.989025293342955
15263,Long Tail / Low Value,225.17191665274981,75.05730555091661,150.11461110183322,116.09799926630309
15264,Mid Value,306.7408198978059,102.24693996593531,204.49387993187062,158.31731294141315
15265,Mid Value,564.2280391234697,188.07601304115656,376.1520260823131,290.2148308899294
15266,Long Tail / Low Value,91.6415826888799,30.54719422962663,61.09438845925326,47.114592777872524
15267,Mid Value,370.4643950440484,123.48813168134946,246.97626336269892,190.60315507107586
15269,Mid Value,473.4452851736722,157.81509505789072,315.63019011578143,244.6914079528397
15270,Mid Value,659.5064916797002,219.83549722656673,439.67099445313346,338.8819101535238
15271,Mid Value,629.7501187085657,209.91670623618856,419.8334124723771,323.45362222152505
15272,Mid Value,638.3446668501073,212.78155561670243,425.56311123340487,329.09263393811324
15274,High Value,1015.7589080928773,338.58630269762574,677.1726053952515,524.7786191046258
15275,Mid Value,399.30555612269853,133.1018520408995,266.203704081799,206.2665572056466
15276,Mid Value,301.8511433083496,100.61704776944987,201.23409553889974,155.78541156240536
15277,Mid Value,362.46870366218417,120.82290122072806,241.6458024414561,187.18092420877235
15279,Long Tail / Low Value,88.01903183048829,29.33967727682943,58.67935455365886,45.24696842752712
15280,Long Tail / Low Value,159.27945303631927,53.093151012106425,106.18630202421285,82.0292735020434
15281,Mid Value,461.33847542570237,153.77949180856746,307.5589836171349,237.0104626761341
15286,Mid Value,351.86466065382984,117.28822021794328,234.57644043588655,181.68771668785016
15287,Mid Value,257.12044610732136,85.70681536910712,171.41363073821424,132.60815793937354
15288,Mid Value,651.887234643703,217.29574488123433,434.59148976246865,334.8668512399504
15289,Mid Value,287.349001335921,95.783000445307,191.566000890614,147.75464372985005
15290,Whales,2048.8313622466403,682.9437874155468,1365.8875748310936,1052.3506631309306
15291,High Value,1122.6957949365685,374.2319316455228,748.4638632910456,576.6148536514763
15292,Long Tail / Low Value,141.03309698849708,47.011032329499024,94.02206465899805,72.60356396741732
15296,High Value,797.026413909492,265.675471303164,531.350942606328,409.5098727093302
15297,Mid Value,547.927269560493,182.642423186831,365.284846373662,282.5823508310877
15298,Whales,1179.9419121794965,393.31397072649884,786.6279414529977,606.0508087648074
15299,High Value,978.2317512769545,326.07725042565147,652.1545008513029,502.4590020422184
15300,Mid Value,307.1061572732708,102.36871909109027,204.73743818218054,158.50649124770447
15301,Whales,1159.7453242263587,386.58177474211953,773.1635494842391,595.670270771772
15303,Long Tail / Low Value,104.44933087859974,34.81644362619991,69.63288725239983,53.7199290620641
15304,Long Tail / Low Value,158.80526554465592,52.93508851488531,105.87017702977062,81.56910624851655
15306,Mid Value,624.8364826651697,208.27882755505655,416.5576551101131,321.6825986337763
15307,Long Tail / Low Value,242.03332151666723,80.67777383888908,161.35554767777816,124.82188948093957
15308,Long Tail / Low Value,109.54139459256764,36.51379819752255,73.0275963950451,56.346960647604334
15311,Whales,14810.207890466088,4936.735963488696,9873.471926977392,7606.083222660512
15312,Long Tail / Low Value,211.5659641926736,70.52198806422453,141.04397612844906,108.69123495688638
15313,Long Tail / Low Value,219.9505568090521,73.31685226968403,146.63370453936807,113.3969570271188
15314,Long Tail / Low Value,142.14401556862845,47.38133852287615,94.7626770457523,73.17731673824409
15315,Mid Value,420.1950917063101,140.06503056877003,280.13006113754005,216.48999459132438
15316,Long Tail / Low Value,94.5166457538712,31.505548584623735,63.01109716924747,48.59705120709348
15318,Mid Value,647.2437798531597,215.7479266177199,431.4958532354398,334.811930169838
15319,Long Tail / Low Value,106.60682418051063,35.53560806017021,71.07121612034042,54.8329353285227
15320,Mid Value,370.54193831513584,123.51397943837861,247.02795887675722,191.36337324912054
15321,High Value,703.5683513951278,234.52278379837594,469.0455675967519,361.6433112782172
15322,Mid Value,259.475421420891,86.491807140297,172.983614280594,133.84826979458313
15325,Long Tail / Low Value,229.6031651753824,76.53438839179414,153.06877678358828,118.39047454973075
15326,Long Tail / Low Value,92.80637772969615,30.93545924323205,61.8709184864641,47.715170328668
15327,Mid Value,341.8366328647204,113.94554428824013,227.89108857648026,176.49329654143264
15329,Mid Value,505.747367748775,168.58245591625834,337.1649118325167,260.28437466565504
15330,High Value,742.0023870277007,247.33412900923358,494.66825801846716,382.7877003934316
15332,Long Tail / Low Value,11.339055365168532,3.779685121722844,7.559370243445688,5.824872543534016
15333,Long Tail / Low Value,137.21752014533357,45.73917338177785,91.4783467635557,70.63307652749808
15334,Long Tail / Low Value,131.73053971935283,43.91017990645094,87.82035981290188,67.79379230064316
15335,Mid Value,338.70838430429137,112.90279476809712,225.80558953619425,174.87297587938775
15339,Long Tail / Low Value,182.2274215787955,60.7424738595985,121.484947719197,93.66277463119748
15341,Mid Value,269.27477281505503,89.75825760501834,179.5165152100367,138.9203226148522
15342,Long Tail / Low Value,196.6695866256171,65.5565288752057,131.1130577504114,101.35627519215998
15343,Mid Value,256.08897781627957,85.36299260542653,170.72598521085305,132.0956141890004
15344,Mid Value,313.2806825063512,104.42689416878373,208.85378833756747,161.5219336327906
15345,Mid Value,366.40951867173277,122.13650622391093,244.27301244782186,189.2224879897003
15346,Long Tail / Low Value,93.04364174321807,31.01454724773936,62.02909449547872,47.83750914627825
15347,Long Tail / Low Value,85.54234399778159,28.514114665927195,57.02822933185439,43.97027059069617
15348,Mid Value,286.9322290124041,95.64407633746804,191.28815267493607,148.06105071138506
15349,Long Tail / Low Value,90.36826813083856,30.122756043612853,60.245512087225705,46.5072246890698
15350,Long Tail / Low Value,84.12355531555042,28.041185105183473,56.082370210366946,43.23896915045145
15351,Mid Value,470.2183807941834,156.7394602647278,313.4789205294556,241.52683380247646
15353,Long Tail / Low Value,219.4264016529964,73.14213388433213,146.28426776866425,112.74548233210697
15355,Mid Value,307.46791904679134,102.48930634893044,204.97861269786088,158.65118819621233
15356,High Value,697.1466681939472,232.38222273131575,464.7644454626315,358.07556793964
15358,Whales,2024.793609679853,674.9312032266176,1349.8624064532353,1039.9561417950829
15360,Mid Value,390.21846776917596,130.07282258972532,260.14564517945064,201.55800707488882
15361,Long Tail / Low Value,86.52560770562268,28.841869235207557,57.683738470415115,44.47711231784402
15363,Long Tail / Low Value,84.31220729861,28.10406909953667,56.20813819907334,43.33620533024595
15364,Mid Value,399.49402025623385,133.16467341874463,266.32934683748925,205.44446444899975
15365,Mid Value,682.7945243181841,227.59817477272804,455.1963495454561,350.83590807726455
15366,Mid Value,257.52889698097744,85.84296566032582,171.68593132065163,132.33086457418406
15367,Mid Value,459.24476071221494,153.08158690407166,306.1631738081433,236.06870679273453
15368,Mid Value,487.8728969609143,162.62429898697144,325.2485979739429,252.17048400574504
15370,Mid Value,681.1453267740494,227.04844225801648,454.09688451603296,349.948228723841
15372,Long Tail / Low Value,188.64441776365825,62.88147258788609,125.76294517577217,97.20685234750107
15373,Mid Value,551.6953022038791,183.8984340679597,367.7968681359194,283.3579852183929
15374,Long Tail / Low Value,197.74204495662568,65.9140149855419,131.8280299710838,101.9108364357916
15376,Mid Value,323.20072440456113,107.73357480152038,215.46714960304075,166.23443514803523
15379,Mid Value,574.2364812517434,191.4121604172478,382.8243208344956,294.9745701452594
15380,Mid Value,446.2977640830814,148.76592136102713,297.53184272205425,229.2580017111127
15381,Long Tail / Low Value,192.61514402660782,64.20504800886927,128.41009601773854,99.04189613538512
15382,Whales,1737.953437027672,579.3178123425573,1158.6356246851146,893.1525979520425
15384,Long Tail / Low Value,172.57530563720482,57.52510187906827,115.05020375813655,88.676914569718
15385,Mid Value,386.9620494543501,128.9873498181167,257.9746996362334,199.8707309244723
15386,Long Tail / Low Value,149.85261496236237,49.95087165412079,99.90174330824158,77.15901510604405
15388,Long Tail / Low Value,110.90685220292859,36.96895073430953,73.93790146861906,57.051491950061084
15389,Long Tail / Low Value,159.25190312515187,53.08396770838396,106.16793541676792,82.01503858534244
15392,Mid Value,394.7174782276818,131.5724927425606,263.1449854851212,202.77738983228824
15393,Long Tail / Low Value,70.90596526219129,23.635321754063764,47.27064350812753,36.455485575774844
15394,Mid Value,528.2736697986451,176.09122326621502,352.18244653243005,271.3920094222347
15395,Long Tail / Low Value,94.7777080377969,31.5925693459323,63.1851386918646,48.73167060297139
15396,Long Tail / Low Value,216.99535416340018,72.33178472113339,144.66356944226678,111.86830648530362
15397,Long Tail / Low Value,104.69615563027932,34.89871854342644,69.79743708685288,53.84725633839014
15398,Whales,1158.148905364626,386.049635121542,772.099270243084,597.1869861355705
15399,Mid Value,598.6546047681213,199.5515349227071,399.1030698454142,308.6175513379803
15400,Long Tail / Low Value,141.2603986996667,47.08679956655556,94.17359913311113,72.6074029943317
15402,Long Tail / Low Value,152.1064073257149,50.702135775238304,101.40427155047661,78.27127752083668
15405,Long Tail / Low Value,148.01933541127798,49.33977847042599,98.67955694085198,76.21200534030041
15406,Long Tail / Low Value,157.1484270423559,52.382809014118635,104.76561802823727,80.78292112238256
15407,Mid Value,334.9268032054644,111.6422677351548,223.2845354703096,172.1242449742952
15408,Long Tail / Low Value,113.02058435150441,37.67352811716814,75.34705623433628,58.14217500188159
15410,High Value,1111.3593136399797,370.4531045466599,740.9062090933198,571.2703801700842
15411,High Value,688.8029615700867,229.60098719002892,459.20197438005783,354.40895667875026
15412,Long Tail / Low Value,159.93658439110757,53.31219479703586,106.62438959407172,82.36881305832551
15414,Mid Value,385.36102071204374,128.45367357068125,256.9073471413625,198.16566484959367
15415,Long Tail / Low Value,97.89717838292803,32.63239279430935,65.2647855886187,50.34036777672767
15416,High Value,1050.2203548580205,350.0734516193402,700.1469032386804,539.820006643147
15417,Mid Value,259.9374359328938,86.64581197763125,173.2916239552625,134.08739115227888
15419,Mid Value,467.1714718738603,155.72382395795344,311.4476479159069,241.4392968752715
15421,Long Tail / Low Value,245.0916537313853,81.69721791046176,163.39443582092352,125.95197404826419
15422,Long Tail / Low Value,17.264381520043774,5.7547938400145915,11.509587680029183,8.873372209060511
15423,Mid Value,395.36037640225356,131.78679213408452,263.57358426816904,204.2222977391953
15424,Long Tail / Low Value,99.32747859533383,33.10915953177794,66.21831906355588,51.08030258719759
15426,Mid Value,309.3318359390828,103.11061197969427,206.22122395938854,158.89643911132782
15427,Whales,1623.721187703719,541.2403959012396,1082.4807918024792,837.8043044647904
15428,Mid Value,532.5287672698045,177.50958908993482,355.01917817986964,275.32224863864616
15429,Mid Value,260.9606968677418,86.98689895591393,173.97379791182786,134.5715212850337
15432,Mid Value,475.2867467069025,158.42891556896748,316.85783113793497,245.64597026444486
15433,Long Tail / Low Value,99.65167675084147,33.217225583613825,66.43445116722765,51.24093807138034
15434,Mid Value,371.70370822547113,123.90123607515704,247.8024721503141,191.19943306867424
15435,Mid Value,481.78327187821105,160.59442395940368,321.18884791880737,249.01364919429955
15436,Mid Value,313.4159015107997,104.47196717026657,208.94393434053313,161.18197914583158
15437,Long Tail / Low Value,113.70965697932908,37.9032189931097,75.8064379862194,58.49775286515761
15438,Long Tail / Low Value,194.70643040121166,64.90214346707056,129.80428693414112,100.34116720295617
15440,Long Tail / Low Value,152.24522450603735,50.74840816867911,101.49681633735823,78.31744897204139
15442,Long Tail / Low Value,118.97925380862227,39.659751269540756,79.31950253908151,61.217264227311944
15443,High Value,889.5147311890166,296.50491039633886,593.0098207926777,457.0378921882521
15444,Whales,2476.311563041484,825.4371876804947,1650.8743753609895,1278.2926445642775
15445,Long Tail / Low Value,113.02157372622436,37.673857908741454,75.34771581748291,58.142685536715014
15447,Long Tail / Low Value,93.52995825313792,31.176652751045975,62.35330550209195,48.08826899339055
15448,Long Tail / Low Value,98.12566440806219,32.708554802687395,65.41710960537479,50.45820496493895
15449,Mid Value,307.71205737676365,102.57068579225455,205.1413715845091,158.2078095415731
15450,Mid Value,434.70043279050157,144.90014426350052,289.80028852700104,224.60905044315246
15452,Long Tail / Low Value,142.31582373995425,47.43860791331809,94.87721582663617,73.16877487397895
15453,Mid Value,587.4256042553227,195.80853475177423,391.61706950354846,302.1901512919731
15454,Long Tail / Low Value,86.35633812133443,28.78544604044481,57.57089208088962,44.38985753769659
15456,Long Tail / Low Value,63.10465386082952,21.034884620276507,42.069769240553015,32.42129902455485
15457,Long Tail / Low Value,113.74471999762461,37.914906665874874,75.82981333174975,58.51584644164012
15458,Mid Value,462.0382968489618,154.0127656163206,308.0255312326412,238.77851893994216
15460,Long Tail / Low Value,88.06702137137215,29.355673790457384,58.71134758091477,45.271707751495605
15462,Long Tail / Low Value,82.8315175480632,27.6105058493544,55.2210116987088,42.6206626980864
15463,Mid Value,439.1285287664984,146.37617625549947,292.75235251099895,226.9040438397868
15464,Long Tail / Low Value,91.66368760733691,30.55456253577897,61.10912507155794,47.12598997336417
15465,Whales,1762.6592758903982,587.553091963466,1175.106183926932,905.3096531995957
15466,Mid Value,259.83491529058017,86.6116384301934,173.2232768603868,134.03433020515175
15467,Long Tail / Low Value,179.385647814341,59.79521593811367,119.59043187622734,92.3468367790629
15468,Long Tail / Low Value,46.54302274912999,15.514340916376662,31.028681832753325,24.01727091825586
15469,Mid Value,289.1043742574997,96.36812475249991,192.73624950499982,148.9392828775489
15471,Mid Value,660.7103813168646,220.23679377228822,440.47358754457645,341.79677619310337
15472,Long Tail / Low Value,215.9218645511464,71.97395485038213,143.94790970076426,111.31303506290776
15473,Whales,1293.9857142573524,431.32857141911745,862.6571428382349,667.2360028856165
15475,Mid Value,276.0176133173425,92.00587110578084,184.01174221156168,142.41068103090385
15478,High Value,1105.6670589639552,368.55568632131843,737.1113726426369,570.4619743489628
15480,Long Tail / Low Value,212.03860218091202,70.67953406030401,141.35906812060801,109.30446331992319
15482,Whales,2871.4482042948207,957.1494014316069,1914.2988028632137,1474.922311115505
15483,Long Tail / Low Value,46.2489212365469,15.416307078848966,30.832614157697932,23.775446863906293
15484,Whales,2037.7347769359562,679.2449256453187,1358.4898512906375,1050.3994208490435
15485,Mid Value,584.7893961914249,194.92979873047497,389.85959746094994,300.42204038771274
15488,Long Tail / Low Value,246.95458532641678,82.3181951088056,164.6363902176112,127.3684684342417
15489,Mid Value,457.2294736811806,152.40982456039353,304.81964912078706,235.1985850650281
15491,High Value,929.5881778757212,309.8627259585737,619.7254519171474,477.9708953828026
15492,Mid Value,291.8180275617301,97.27267585391003,194.54535170782006,150.4878329252484
15493,Mid Value,567.1878022386088,189.06260074620295,378.1252014924059,291.55208540250925
15494,Long Tail / Low Value,200.36010027242827,66.78670009080942,133.57340018161884,103.2184383111164
15497,Long Tail / Low Value,168.61013580524158,56.2033786017472,112.4067572034944,86.66292987718312
15498,Whales,3296.840816135369,1098.9469387117897,2197.8938774235794,1693.2706931625441
15500,High Value,739.3988955442193,246.46629851473975,492.9325970294795,381.11331177838713
15502,Whales,2608.985568927525,869.661856309175,1739.32371261835,1340.024842541839
15503,Long Tail / Low Value,86.32691746767495,28.77563915589165,57.5512783117833,44.37469189975491
15504,Mid Value,267.5986145193211,89.19953817310703,178.39907634621406,138.05271816075725
15505,Whales,1613.0211940058643,537.6737313352882,1075.3474626705763,830.2037374490278
15506,Mid Value,613.1597771405661,204.38659238018872,408.77318476037743,315.7208249061823
15507,Long Tail / Low Value,159.81512563531075,53.271708545103586,106.54341709020717,82.30605496833692
15508,Long Tail / Low Value,98.16804445611075,32.72268148537025,65.4453629707405,50.47565488204687
15510,Long Tail / Low Value,93.53740689010372,31.179135630034576,62.35827126006915,48.092109780783765
15511,Mid Value,647.7618730771815,215.9206243590605,431.841248718121,333.82722434610275
15512,Long Tail / Low Value,11.855639020128974,3.951879673376325,7.90375934675265,6.091958576469939
15513,Whales,3667.4760167007717,1222.4920055669238,2444.9840111338476,1883.5850158352698
15514,High Value,799.5717202710417,266.5239067570139,533.0478135140278,410.6899146865598
15516,Long Tail / Low Value,27.8934282420321,9.2978094140107,18.5956188280214,14.39279165170287
15517,Long Tail / Low Value,125.24193748098838,41.7473124936628,83.4946249873256,64.44989130844615
15518,Mid Value,473.7637522567528,157.92125075225093,315.84250150450185,243.398685306485
15520,Mid Value,671.5809493516725,223.86031645055752,447.72063290111504,347.4352793295584
15521,High Value,958.2497741127337,319.41659137091125,638.8331827418225,492.59776038809423
15522,Long Tail / Low Value,214.89437579046168,71.63145859682056,143.26291719364113,110.78375803747504
15523,Mid Value,261.92891623659324,87.30963874553107,174.61927749106215,135.11812153445265
15524,Mid Value,467.88171611756746,155.96057203918915,311.9211440783783,241.80745642449097
15525,Long Tail / Low Value,166.60966698223197,55.53655566074399,111.07311132148799,85.59186470787334
15526,Long Tail / Low Value,57.32670923058284,19.108903076860948,38.217806153721895,29.599745562017073
15527,Mid Value,635.3820347833018,211.79401159443395,423.5880231888679,326.3861234369863
15528,Long Tail / Low Value,116.71743228175616,38.90581076058539,77.81162152117078,60.04993417477753
15529,High Value,988.7616539748483,329.5872179916161,659.1744359832322,507.8589219794579
15530,Mid Value,431.7925752533337,143.9308584177779,287.8617168355558,222.01394931259154
15531,Whales,1239.9745425773842,413.3248475257947,826.6496950515894,640.3148423260199
15532,Mid Value,400.8323475363525,133.61078251211748,267.22156502423496,205.92130955453268
15533,Mid Value,389.3319211095296,129.77730703650988,259.55461407301976,200.66049382248562
15535,Long Tail / Low Value,91.15157646515712,30.38385882171904,60.76771764343808,46.836955790471066
15537,Long Tail / Low Value,165.79293146425823,55.264310488086075,110.52862097617215,85.39501117527936
15539,Mid Value,603.9764911266565,201.3254970422188,402.6509940844376,312.371729400248
15540,Mid Value,565.4651436642839,188.48838122142797,376.97676244285594,292.40047499941403
15541,Long Tail / Low Value,214.608099430912,71.53603314363734,143.07206628727468,110.63349177334085
15543,Long Tail / Low Value,105.07970548089561,35.02656849363187,70.05313698726374,54.04511709625483
15544,High Value,867.3922224185205,289.1307408061735,578.261481612347,445.5133848342704
15545,Long Tail / Low Value,78.63888652435236,26.21296217478412,52.42592434956824,40.40523346218195
15547,High Value,1107.8237881111563,369.2745960370521,738.5491920741042,569.015306645337
15549,Mid Value,310.9724029958224,103.65746766527413,207.31493533054825,159.81402494016257
15550,Long Tail / Low Value,169.2777735854109,56.4259245284703,112.8518490569406,86.99712990130841
15551,Mid Value,404.088731906088,134.696243968696,269.392487937392,208.74510242348612
15552,Long Tail / Low Value,132.67364299692906,44.22454766564302,88.44909533128605,68.28674519383218
15553,Mid Value,317.7068279795904,105.9022759931968,211.8045519863936,163.9959819690932
15554,Long Tail / Low Value,108.49036113036793,36.163453710122646,72.32690742024529,55.80468522942195
15555,Whales,1197.8576146153341,399.2858715384447,798.5717430768894,615.2298662018081
15556,Mid Value,468.9081201551507,156.30270671838358,312.60541343676715,242.33950147126893
15557,Mid Value,444.58592238536727,148.1953074617891,296.3906149235782,229.73257218867766
15561,Mid Value,272.5107590801172,90.83691969337241,181.67383938674482,140.16017562589053
15562,Long Tail / Low Value,88.66328139767995,29.554427132559983,59.108854265119966,45.5790930429508
15563,Mid Value,374.09425545573254,124.69808515191085,249.3961703038217,192.1847778768054
15565,Long Tail / Low Value,148.70505743621152,49.568352478737175,99.13670495747435,76.69349447486488
15567,Mid Value,507.69811283563524,169.23270427854507,338.46540855709014,262.44833890494033
15568,Mid Value,650.5804672814783,216.86015576049275,433.7203115209855,335.43617552916294
15569,Mid Value,355.11299177435797,118.37099725811932,236.74199451623863,182.45484772507686
15570,High Value,966.117393189086,322.03913106302866,644.0782621260573,496.2160364208191
15571,Mid Value,468.1048665743875,156.03495552479583,312.06991104959167,241.2958507807945
15572,High Value,833.6786163768105,277.8928721256035,555.785744251207,428.48273429174907
15573,Mid Value,291.7226324906588,97.24087749688626,194.4817549937725,150.39777382526722
15574,Long Tail / Low Value,101.22174314299673,33.74058104766558,67.48116209533116,51.99674781743607
15576,Mid Value,399.4395690137947,133.14652300459824,266.2930460091965,206.33599902779426
15577,Long Tail / Low Value,96.52400731561575,32.17466910520525,64.3493382104105,49.6093000282465
15578,Long Tail / Low Value,166.56060563582616,55.520201878608724,111.04040375721745,85.7917272339976
15579,Long Tail / Low Value,78.44539901770871,26.148466339236236,52.29693267847247,40.32149807642207
15581,High Value,801.4431883587341,267.1477294529114,534.2954589058228,411.6408744502707
15582,Long Tail / Low Value,214.40629177555837,71.46876392518612,142.93752785037225,110.27965983238532
15584,Mid Value,361.7163334900861,120.57211116336202,241.14422232672405,186.16408569259556
15585,Long Tail / Low Value,156.25025079337445,52.083416931124816,104.16683386224963,80.46415334904358
15587,Long Tail / Low Value,191.58334371846996,63.86111457282332,127.72222914564664,98.42699174476378
15589,Long Tail / Low Value,99.78145548984398,33.260485163281324,66.52097032656265,51.281549356314514
15592,Mid Value,362.2918319570659,120.76394398568863,241.52788797137725,187.08929603472092
15593,Mid Value,291.4755914858646,97.15853049528819,194.31706099057638,150.41328454414946
15594,Mid Value,668.2772064062473,222.75906880208242,445.51813760416485,343.6275040730623
15596,Mid Value,303.40234426650335,101.13411475550112,202.26822951100223,155.8543204369862
15597,Mid Value,408.89701176316777,136.2990039210559,272.5980078421118,211.2367258259712
15598,Mid Value,339.14309544913993,113.04769848304664,226.0953969660933,175.09813831147576
15599,Mid Value,261.2030366014461,87.0676788671487,174.1353577342974,134.39751340441796
15601,Whales,1567.4143311745304,522.4714437248434,1044.9428874496869,805.0300593652435
15602,Mid Value,331.35544386347755,110.45181462115919,220.90362924231837,170.19605297576115
15603,Mid Value,273.4373017810384,91.14576726034613,182.29153452069227,141.07498001084755
15604,Mid Value,342.2291811675959,114.07639372253198,228.15278744506395,176.69662527334617
15605,Mid Value,300.58575920181147,100.19525306727049,200.39050613454097,154.40022403954745
15606,High Value,793.772805053402,264.59093501780063,529.1818700356013,407.8207687612528
15607,Long Tail / Low Value,92.10278704640008,30.700929015466695,61.40185803093339,47.35238986321868
15608,Mid Value,633.2440889043777,211.0813629681259,422.1627259362518,326.13007183708953
15609,Long Tail / Low Value,151.09632422408558,50.36544140802852,100.73088281605705,77.80149780873
15610,Mid Value,344.9677642414907,114.98925474716357,229.97850949432714,178.1151496068498
15611,Mid Value,429.2063563087177,143.06878543623924,286.1375708724785,220.49341579369963
15612,Long Tail / Low Value,237.9106162046246,79.30353873487486,158.60707746974973,122.73101288317586
15615,Whales,2451.2618120424095,817.0872706808032,1634.1745413616063,1259.0377756875005
15618,Mid Value,398.0052157630089,132.6684052543363,265.3368105086726,204.92167151181954
15619,Mid Value,572.4709877064895,190.82366256882983,381.64732513765966,296.03339743523355
15620,Mid Value,420.40153262642923,140.13384420880973,280.26768841761947,215.99110975523422
15621,Whales,1354.8980122097976,451.6326707365992,903.2653414731984,699.6767325855155
15622,High Value,1074.329131014633,358.109710338211,716.219420676422,552.1324029454615
15623,Long Tail / Low Value,184.7784367025895,61.592812234196494,123.18562446839299,95.20816295879773
15624,Long Tail / Low Value,173.71818736899024,57.90606245633008,115.81212491266017,89.31220537674018
15625,Mid Value,386.4777390986212,128.82591303287373,257.65182606574746,198.7357869979536
15626,Long Tail / Low Value,219.7604967634105,73.25349892113682,146.50699784227365,112.9453233850299
15628,High Value,703.3093287006634,234.43644290022112,468.87288580044225,361.24856843777076
15630,Mid Value,652.0747487437166,217.35824958123885,434.7164991624777,335.5133408313271
15632,High Value,1034.4853290000062,344.8284430000021,689.6568860000042,531.696567129125
15634,Mid Value,516.8508215970459,172.28360719901528,344.56721439803056,267.19358932120633
15636,Mid Value,264.79297504291884,88.26432501430628,176.52865002861256,136.13901055215794
15637,Mid Value,341.36540379860725,113.78846793286908,227.57693586573816,176.24921425124302
15639,Long Tail / Low Value,191.58527985305517,63.86175995101839,127.72351990203678,98.72735788504983
15640,Whales,3139.643161741242,1046.5477205804139,2093.0954411608277,1612.5272390372286
15641,Mid Value,514.9852993590812,171.66176645302707,343.32353290605414,264.56385397814006
15643,Long Tail / Low Value,139.10372317461284,46.367907724870946,92.73581544974189,71.50638332170766
15644,Long Tail / Low Value,236.93437102082171,78.97812367360724,157.9562473472145,121.80765544655804
15645,Mid Value,508.03671456915174,169.34557152305058,338.69114304610116,262.62388503742017
15646,Long Tail / Low Value,92.1324485272483,30.710816175749432,61.421632351498864,47.33123612928109
15648,Long Tail / Low Value,211.7847096020661,70.5949032006887,141.1898064013774,108.89998906469312
15649,Long Tail / Low Value,124.49092221556997,41.496974071856656,82.99394814371331,63.9657889158092
15651,Long Tail / Low Value,206.03760899663575,68.67920299887858,137.35840599775716,105.93354319080278
15652,Mid Value,248.9771627095478,82.99238756984927,165.98477513969854,128.41512715723115
15653,High Value,1004.0328451189346,334.6776150396449,669.3552300792898,517.2984884704641
15654,High Value,895.7981353210823,298.5993784403608,597.1987568807216,462.65308159775805
15655,Long Tail / Low Value,121.03796982363973,40.34598994121324,80.69197988242648,62.27984625284132
15656,Long Tail / Low Value,204.30994379961191,68.10331459987064,136.2066291997413,105.01517523610096
15657,Mid Value,480.6044540540035,160.20148468466783,320.40296936933566,248.40256471140904
15658,Long Tail / Low Value,200.52792277329033,66.84264092443011,133.68528184886023,103.00459047683813
15659,Mid Value,373.77622830228944,124.59207610076315,249.1841522015263,193.0390056856566
15660,Mid Value,384.39359795392284,128.13119931797428,256.26239863594856,197.44148090839377
15661,Long Tail / Low Value,83.31081289290744,27.77027096430248,55.54054192860496,42.81473479128894
15663,Long Tail / Low Value,225.4916990156531,75.16389967188437,150.32779934376873,116.26343148520452
15664,Mid Value,348.3937531126907,116.13125103756357,232.26250207512714,179.88977623598538
15665,Mid Value,524.2889980268126,174.76299934227086,349.5259986845417,269.6505266010347
15667,Mid Value,390.45956073458774,130.15318691152925,260.3063738230585,201.68292801501906
15668,Long Tail / Low Value,132.58911011567005,44.19637003855669,88.39274007711337,68.24309766311453
15669,Long Tail / Low Value,209.2234477691929,69.74114925639763,139.48229851279527,107.55936671729108
15670,Long Tail / Low Value,102.61753638947621,34.20584546315874,68.41169092631748,52.77501458004622
15671,High Value,849.9302823480477,283.31009411601593,566.6201882320319,436.86343715999914
15673,Mid Value,654.0978194721432,218.03260649071441,436.06521298142883,336.09933092485693
15674,High Value,858.0800096690061,286.0266698896687,572.0533397793374,441.1407249450031
15675,Long Tail / Low Value,128.56759484610208,42.85586494870069,85.71172989740138,66.09135950948786
15676,Whales,1157.1257842913,385.7085947637667,771.4171895275334,594.8157426562029
15677,Mid Value,352.5133565942821,117.50445219809403,235.00890439618806,182.02374823944444
15678,Mid Value,341.49503222077607,113.83167740692535,227.6633548138507,176.31635773333065
15679,Mid Value,349.23597321273706,116.41199107091235,232.8239821418247,179.69157210452533
15680,Mid Value,313.90821331117905,104.63607110372635,209.2721422074527,161.26983708463172
15681,Mid Value,414.0946678648255,138.03155595494184,276.0631119098837,212.84007912990768
15683,Long Tail / Low Value,210.70525044401055,70.23508348133684,140.4701669626737,108.61483140260506
15687,High Value,796.2467788143422,265.41559293811406,530.8311858762281,409.07594050925263
15689,Long Tail / Low Value,78.22529531910159,26.07509843970053,52.15019687940106,40.19513338170345
15690,Long Tail / Low Value,184.1083307619179,61.369443587305966,122.73888717461193,94.88529319232366
15691,Long Tail / Low Value,117.46592335236417,39.15530778412139,78.31061556824278,60.43622206277663
15692,Mid Value,444.918714332277,148.30623811075898,296.61247622151797,229.90505837930775
15694,Whales,1611.0570543855376,537.0190181285126,1074.0380362570252,827.4445850927967
15695,Long Tail / Low Value,26.113406675957137,8.704468891985712,17.408937783971425,13.427617379259356
15696,High Value,684.1175226600292,228.03917422000973,456.07834844001945,351.48280917976723
15699,Mid Value,514.3397698826868,171.4465899608956,342.8931799217912,265.89171012381496
15700,Long Tail / Low Value,5.961679541982821,1.9872265139942735,3.974453027988547,3.0686964261636405
15701,Mid Value,565.8474421033213,188.61581403444043,377.23162806888087,291.4754035380142
15703,Long Tail / Low Value,112.95853578339401,37.65284526113134,75.30569052226268,58.11015687945946
15704,Mid Value,625.8902476941471,208.6300825647157,417.2601651294314,321.913635884433
15705,Long Tail / Low Value,141.04736284435535,47.01578761478512,94.03157522957024,72.6109317022721
15706,Mid Value,478.7923258200185,159.59744194000618,319.19488388001236,246.60425520712408
15707,High Value,736.1860026195818,245.39533420652728,490.79066841305456,379.4128029802207
15708,High Value,823.6144462533022,274.5381487511007,549.0762975022014,423.0480311693832
15709,Long Tail / Low Value,106.57822976799748,35.5260765893325,71.052153178665,54.81818348143345
15712,Mid Value,290.7515352469336,96.91717841564453,193.83435683128906,149.4346353065545
15713,Long Tail / Low Value,94.44981482465171,31.483271608217237,62.966543216434474,48.53046389021609
15714,Mid Value,328.8129124108973,109.60430413696577,219.20860827393153,169.55243194113126
15716,Long Tail / Low Value,180.61214009700603,60.204046699002014,120.40809339800403,92.78046301267256
15717,Long Tail / Low Value,124.79354125825873,41.59784708608624,83.19569417217248,64.21842014939159
15719,Whales,1310.6871998594256,436.8957332864752,873.7914665729504,673.3181970645321
15720,Mid Value,468.5640499904791,156.18801666349302,312.37603332698603,242.16114957266518
15721,Mid Value,564.8572815432744,188.28576051442482,376.57152102884965,292.08526828475624
15722,High Value,700.2620260149032,233.42067533830107,466.84135067660213,359.89829317646274
15723,Long Tail / Low Value,85.91584104622537,28.63861368207512,57.27722736415024,44.16279400861221
15724,Long Tail / Low Value,70.13163744966766,23.377212483222554,46.75442496644511,36.056387337454645
15725,Mid Value,531.8458061836357,177.28193539454523,354.56387078909046,274.9681390946852
15727,High Value,1055.5407687867505,351.84692292891685,703.6938458578337,542.2087537959943
15729,Long Tail / Low Value,135.1294454613525,45.0431484871175,90.086296974235,69.55481543976805
15730,Mid Value,384.4009437543647,128.13364791812157,256.26729583624314,197.74678683029188
15732,Long Tail / Low Value,76.99626085577395,25.665420285257984,51.33084057051597,39.56097566764844
15733,Long Tail / Low Value,106.87525929769177,35.625086432563926,71.25017286512785,54.97142166216283
15734,Mid Value,623.8974005521382,207.96580018404606,415.9316003680921,321.03124304774775
15737,Mid Value,283.6581205871978,94.55270686239926,189.10541372479852,145.8332968712211
15738,Whales,1159.099260413619,386.36642013787304,772.7328402757461,595.3129628661602
15739,Mid Value,301.5372228760268,100.51240762534228,201.02481525068455,155.62286579789057
15740,Mid Value,352.3509573523735,117.45031911745782,234.90063823491565,181.93962351567663
15743,Mid Value,261.29560640667523,87.09853546889174,174.19707093778348,134.44053718140407
15744,Mid Value,275.5319336876066,91.84397789586887,183.68795579173775,142.1592655804193
15745,Mid Value,373.05620233822617,124.3520674460754,248.7041348921508,191.83215765323496
15746,Long Tail / Low Value,191.62163366354872,63.873877887849574,127.74775577569915,98.74615430911183
15747,Mid Value,481.18361008712486,160.3945366957083,320.7890733914166,247.63931494365255
15748,Mid Value,386.5529972473528,128.85099908245093,257.70199816490185,199.65878760199402
15749,Whales,10476.006371870024,3492.0021239566745,6984.004247913349,5383.19429221405
15750,Mid Value,604.929286745548,201.64309558184934,403.2861911636987,310.7207749943543
15752,Mid Value,663.5738938463703,221.1912979487901,442.3825958975802,340.83755541080546
15753,Long Tail / Low Value,100.34366391244295,33.447887970814314,66.89577594162863,51.602150079476814
15754,Long Tail / Low Value,188.64772933403938,62.88257644467979,125.76515288935958,97.00526169331735
15755,High Value,724.6808147576187,241.5602715858729,483.1205431717458,372.4239170246745
15756,Long Tail / Low Value,181.93327913064724,60.644426376882414,121.28885275376483,93.54175934100498
15757,Mid Value,356.18866137871584,118.72955379290528,237.45910758581056,183.24334119574303
15758,Mid Value,467.5348799963616,155.8449599987872,311.6899199975744,241.62767160217194
15759,Long Tail / Low Value,55.814821697288814,18.604940565762938,37.209881131525876,28.67617547348735
15762,Mid Value,429.2833111690702,143.09443705635672,286.18887411271345,221.36090047709268
15763,High Value,921.7492245652974,307.24974152176577,614.4994830435315,475.3005089712312
15764,High Value,789.3305157276643,263.11017190922144,526.2203438184429,405.70545247051865
15766,Mid Value,307.0969672352613,102.3656557450871,204.7313114901742,158.50173247188238
15768,Long Tail / Low Value,144.8083284774782,48.26944282582607,96.53888565165214,74.47793885108833
15769,Whales,14236.470663554424,4745.490221184808,9490.980442369617,7311.718180070957
15773,Mid Value,624.9721821717377,208.32406072391257,416.64812144782513,323.26063704700704
15774,Mid Value,296.35220785253733,98.78406928417911,197.56813856835822,152.9381722954344
15775,Long Tail / Low Value,120.18454129261148,40.06151376420383,80.12302752840766,61.83935057465756
15776,Long Tail / Low Value,192.58539757058733,64.19513252352911,128.39026504705822,99.24446468505803
15777,Long Tail / Low Value,192.68627669076028,64.2287588969201,128.4575177938402,98.98774428469872
15780,Long Tail / Low Value,108.64142140450214,36.21380713483405,72.4276142696681,55.817372375982906
15781,Long Tail / Low Value,113.48591225528511,37.82863741842837,75.65727483685674,58.326931454898
15782,High Value,1057.8023604727302,352.6007868242434,705.2015736484868,545.1875163902579
15783,Mid Value,573.0890176428873,191.02967254762908,382.05934509525815,296.35388443245483
15785,Mid Value,512.8542510972053,170.95141703240176,341.9028340648035,263.57047502483323
15786,Whales,1608.6907236547945,536.2302412182648,1072.4604824365297,828.6812562905575
15787,Mid Value,611.2875885728973,203.7625295242991,407.5250590485982,315.27804016043945
15789,Long Tail / Low Value,87.19746777310615,29.065822591035385,58.13164518207077,44.82344804657235
15790,Mid Value,575.0485135013419,191.6828378337806,383.3656756675612,297.3700091263853
15791,Mid Value,323.5466914214699,107.84889714048997,215.69779428097993,166.47554216318366
15793,Mid Value,315.8666666305918,105.28888887686394,210.57777775372787,162.39044798347803
15795,Long Tail / Low Value,177.2010838286813,59.067027942893766,118.13405588578753,91.29115195334117
15796,High Value,781.4139284302261,260.471309476742,520.942618953484,401.53900521311823
15797,High Value,787.1236260523015,262.37454201743384,524.7490840348677,404.47506660842083
15799,Long Tail / Low Value,223.14179513904804,74.38059837968268,148.76119675936536,114.66203672450226
15800,Mid Value,318.3593149842507,106.1197716614169,212.2395433228338,163.73248604961958
15801,High Value,867.8513739738601,289.28379132462004,578.5675826492401,447.096422841428
15802,Long Tail / Low Value,183.6009483948282,61.200316131609405,122.40063226321881,94.59943783789929
15803,Mid Value,345.5724927142736,115.19083090475787,230.38166180951575,178.4283893297149
15804,Whales,1636.2993248737898,545.4331082912632,1090.8662165825265,841.5861307399621
15805,Whales,1342.3371724594194,447.4457241531398,894.8914483062796,689.4520392577053
15806,Long Tail / Low Value,226.06673526505358,75.35557842168453,150.71115684336905,116.2153598613213
15807,Mid Value,312.96831602942694,104.32277200980899,208.64554401961797,161.34871587836852
15808,Mid Value,472.719619739771,157.57320657992366,315.1464131598473,242.83612449629294
15809,Long Tail / Low Value,114.71685036288088,38.23895012096029,76.47790024192058,58.953122300746145
15810,Mid Value,391.99869647216065,130.66623215738687,261.33246431477374,201.46774584926956
15811,Mid Value,566.0376063918326,188.67920213061086,377.3584042612217,290.75780768625583
15812,Mid Value,526.6106042986563,175.5368680995521,351.0737361991042,270.59671426408096
15813,Mid Value,346.57076130281274,115.52358710093758,231.04717420187515,178.25375039127448
15814,Whales,1773.2576448120913,591.0858816040304,1182.1717632080608,914.7685860833708
15815,Mid Value,678.2656921540525,226.08856405135086,452.1771281027017,348.68220316747767
15819,Mid Value,520.9631639167749,173.6543879722583,347.3087759445166,267.79163468650233
15820,Long Tail / Low Value,96.29662349093624,32.098874496978745,64.19774899395749,49.51494322976845
15821,Mid Value,586.4740400046089,195.49134666820297,390.98269333640593,302.54475094811585
15822,Long Tail / Low Value,231.87638508980785,77.29212836326928,154.58425672653857,119.14852775858901
15823,Long Tail / Low Value,84.33421457939377,28.111404859797926,56.22280971959585,43.347548514740005
15825,Long Tail / Low Value,159.1678366192313,53.05594553974377,106.11189107948753,81.97160185174597
15826,Mid Value,541.6353635066272,180.54512116887574,361.0902423377515,278.61976404678376
15827,Mid Value,445.485152347927,148.49505078264232,296.99010156528465,228.80302678794882
15829,Mid Value,332.4958857778379,110.83196192594596,221.66392385189192,171.2325648249204
15830,Mid Value,399.18097410754774,133.0603247025159,266.1206494050318,206.20200225571762
15831,Long Tail / Low Value,197.49271250816108,65.83090416938703,131.66180833877405,101.4891131023218
15832,Long Tail / Low Value,116.70556153797308,38.90185384599103,77.80370769198205,60.043807893940155
15834,Mid Value,491.9600131529581,163.98667105098602,327.97334210197204,252.88171050074297
15835,Long Tail / Low Value,231.9033317910808,77.30111059702693,154.60222119405387,119.15778734054379
15836,Mid Value,349.28655232869085,116.42885077623028,232.85770155246055,180.35224445800682
15837,Mid Value,306.2136341063214,102.0712113687738,204.1424227375476,158.04432771636647
15838,Whales,8470.4821153296,2823.4940384431998,5646.9880768863995,4350.515164739587
15839,Mid Value,571.2654493646995,190.42181645489984,380.8436329097997,294.1030238793773
15840,Long Tail / Low Value,109.80904502931155,36.603015009770516,73.20603001954103,56.52342116370846
15841,Mid Value,308.89570610288183,102.96523536762727,205.93047073525454,158.7100549123838
15843,Long Tail / Low Value,100.59726009045231,33.53242003015077,67.06484006030153,51.73295000298758
15844,Mid Value,363.268067116471,121.08935570549033,242.17871141098067,187.59503490069125
15845,High Value,1023.7122610137783,341.2374203379261,682.4748406758522,525.9213500139248
15847,Long Tail / Low Value,132.00333122323565,44.001110407745216,88.00222081549043,67.86403343274857
15850,Long Tail / Low Value,117.51830061401031,39.17276687133677,78.34553374267354,60.495183281572814
15852,Long Tail / Low Value,44.60138786122206,14.86712928707402,29.73425857414804,22.950806399511055
15853,Mid Value,344.97240788130625,114.99080262710208,229.98160525420417,178.11755493287018
15854,High Value,743.1153095486164,247.70510318287214,495.4102063657443,381.69539559471974
15855,Long Tail / Low Value,233.99133666073539,77.99711222024513,155.99422444049026,120.28601372278423
15856,Whales,3742.997884404051,1247.665961468017,2495.331922936034,1922.4301634222234
15857,Mid Value,508.153055773638,169.384351924546,338.768703849092,262.6842015232197
15858,Mid Value,317.62209037502475,105.87403012500825,211.7480602500165,163.15686640819072
15860,Long Tail / Low Value,240.05938148427924,80.01979382809309,160.03958765618617,123.3046575356397
15861,High Value,981.5738388432846,327.1912796144282,654.3825592288564,504.53289698975954
15862,Long Tail / Low Value,153.6734694871364,51.22448982904547,102.44897965809093,78.94021319844305
15863,Long Tail / Low Value,54.75748106508881,18.252493688362936,36.50498737672587,28.178603110672025
15864,Mid Value,563.1901151016497,187.73003836721657,375.46007673443313,289.38563806437884
15865,Mid Value,335.104276801013,111.70142560033766,223.40285120067531,172.3735280650495
15866,Long Tail / Low Value,232.734502504346,77.57816750144868,155.15633500289735,120.01053753900061
15867,High Value,968.3570275347374,322.7856758449125,645.571351689825,497.35839284892296
15869,Long Tail / Low Value,42.29476317448512,14.09825439149504,28.19650878299008,21.746108289338867
15870,Mid Value,423.00335467947224,141.00111822649075,282.0022364529815,218.54694337458417
15872,Long Tail / Low Value,18.236453248349907,6.078817749449969,12.157635498899937,9.423214739932655
15874,Whales,1340.8798806155016,446.9599602051672,893.9199204103344,689.1338650799273
15877,High Value,780.1604435842992,260.0534811947664,520.1069623895328,403.07474014990976
15880,Long Tail / Low Value,84.91493310895859,28.304977702986196,56.60995540597239,43.64687164707508
15881,Long Tail / Low Value,25.73337825193275,8.57779275064425,17.1555855012885,13.219011843825015
15882,Long Tail / Low Value,75.59898115358537,25.199660384528457,50.399320769056914,38.835432323056956
15883,Mid Value,638.1666147460479,212.7222049153493,425.4444098306986,329.5072129862688
15885,Long Tail / Low Value,154.04705584947445,51.349018616491485,102.69803723298297,79.17143619630579
15886,Mid Value,317.75209309831035,105.91736436610346,211.8347287322069,164.01942333118419
15888,Mid Value,269.514936930261,89.838312310087,179.676624620174,139.04463647671886
15889,Long Tail / Low Value,74.96175292096963,24.987250973656543,49.97450194731309,38.516343031628985
15891,Long Tail / Low Value,128.3539911620413,42.784663720680435,85.56932744136087,66.05648379616365
15894,Long Tail / Low Value,52.302334775973605,17.4341115919912,34.8682231839824,26.873625871905933
15895,Long Tail / Low Value,177.1913342203974,59.063778073465805,118.12755614693161,91.28611240606244
15897,Long Tail / Low Value,64.56170882284397,21.520569607614657,43.041139215229315,33.223137127094546
15898,Mid Value,305.70563134748693,101.90187711582898,203.80375423165796,157.0345443691338
15899,Long Tail / Low Value,85.09609248050725,28.365364160169083,56.730728320338166,43.74024929907077
15900,Mid Value,474.1792643960256,158.0597547986752,316.1195095973504,245.07188138490764
15901,Long Tail / Low Value,180.8978979623074,60.29929932076914,120.59859864153827,93.12238482061427
15903,Whales,1703.5428716980005,567.8476238993335,1135.695247798667,875.447473519121
15904,Mid Value,594.3487106203571,198.11623687345238,396.23247374690476,307.3787290588346
15906,Mid Value,475.61682505687713,158.5389416856257,317.0778833712514,244.49854912835121
15907,Mid Value,386.39894539127283,128.79964846375762,257.59929692751524,198.7656367118249
15909,Long Tail / Low Value,158.3811618758157,52.7937206252719,105.5874412505438,81.56513517150918
15910,Mid Value,343.64811698933164,114.54937232977721,229.09874465955443,176.56998116444137
15912,Long Tail / Low Value,87.80086435470622,29.266954784902072,58.533909569804145,45.16204198799638
15916,Mid Value,380.70461494959517,126.90153831653173,253.80307663306345,195.54831796686472
15917,Long Tail / Low Value,119.34667445939837,39.78222481979946,79.56444963959892,61.406898864930554
15918,Long Tail / Low Value,121.26826746068465,40.42275582022822,80.84551164045644,62.35402933459811
15919,Long Tail / Low Value,159.13515870804872,53.045052902682905,106.09010580536581,81.76617786785029
15920,Long Tail / Low Value,40.96674588666996,13.655581962223321,27.311163924446642,21.08674043176896
15921,Long Tail / Low Value,159.09711277292791,53.032370924309305,106.06474184861861,81.93505926809777
15922,Long Tail / Low Value,84.12601948009232,28.04200649336411,56.08401298672822,43.2402392400563
15923,Long Tail / Low Value,84.31055721621759,28.10351907207253,56.20703814414506,43.33535483085697
15925,Long Tail / Low Value,145.04385636740687,48.34795212246896,96.69590424493792,74.67506872083607
15930,Mid Value,299.1294510643544,99.70981702145146,199.4196340429029,154.37615479081325
15932,High Value,746.9873225464397,248.99577418214656,497.9915483642931,383.88577786082567
15933,High Value,767.9099529823122,255.9699843274374,511.9399686548748,395.80434151695283
15935,Long Tail / Low Value,62.13323097631087,20.711076992103624,41.42215398420725,31.95671165546187
15937,Mid Value,306.9591829412698,102.31972764708992,204.63945529417984,158.43038520173928
15938,Long Tail / Low Value,110.5329668526467,36.844322284215565,73.68864456843113,56.794530172599714
15939,Whales,1437.7189063435749,479.2396354478583,958.4792708957166,738.5968198562721
15940,Long Tail / Low Value,98.45773820118178,32.8192460670606,65.6384921341212,50.6294674243063
15942,Long Tail / Low Value,192.38036867307497,64.12678955769165,128.2535791153833,99.13845455676267
15944,Long Tail / Low Value,108.84082307143795,36.280274357145984,72.56054871429197,55.98550203035662
15945,Long Tail / Low Value,85.72804534320031,28.576015114400104,57.15203022880021,44.06599211317655
15947,Mid Value,265.3608805505182,88.45362685017272,176.90725370034545,136.89445959015478
15948,High Value,697.2453789542209,232.41512631807362,464.83025263614724,359.8839201871782
15949,Long Tail / Low Value,225.12566836001378,75.04188945333793,150.08377890667586,116.10465870574257
15950,Mid Value,433.98370342159205,144.66123447386403,289.32246894772805,222.9506740294197
15951,Long Tail / Low Value,211.79655007689362,70.59885002563121,141.19770005126242,108.88892104869205
15952,Mid Value,269.02194412142666,89.67398137380889,179.34796274761777,138.35121580028812
15953,Mid Value,402.967602745367,134.32253424845567,268.64506849691134,206.98020924278373
15955,High Value,1001.9102982640024,333.97009942133417,667.9401988426683,514.585087943264
15957,Mid Value,428.37479973340163,142.7915999111339,285.5831998222678,221.33069258017184
15958,Mid Value,282.4248162429802,94.14160541432675,188.2832108286535,145.72753697697692
15963,Mid Value,420.524840891061,140.174946963687,280.349893927374,217.04146901323665
15965,Long Tail / Low Value,212.0228426600934,70.6742808866978,141.3485617733956,108.9174428563531
15967,Long Tail / Low Value,137.0559844603836,45.6853281534612,91.3706563069224,70.44515355634685
15969,Long Tail / Low Value,232.42007996511342,77.47335998837114,154.9467199767423,119.59374119067287
15970,Long Tail / Low Value,100.61861437162173,33.53953812387391,67.07907624774782,51.74396418032493
15971,High Value,1059.7956453564127,353.26521511880424,706.5304302376085,544.5302541798749
15973,Long Tail / Low Value,85.51078838162405,28.503596127208016,57.00719225441603,43.95400502851104
15974,High Value,932.5366491896701,310.84554972989,621.69109945978,479.2538420228958
15975,Mid Value,261.6941330576421,87.2313776858807,174.4627553717614,134.99660355477675
15976,Long Tail / Low Value,161.6255112907769,53.87517043025897,107.75034086051794,83.1466509911115
15977,Whales,1624.1186960236823,541.3728986745608,1082.7457973491216,838.412444883103
15978,Mid Value,276.0190966772326,92.00636555907754,184.01273111815507,142.41144890453546
15980,High Value,808.3890461835293,269.4630153945098,538.9260307890196,415.6541083002421
15981,High Value,1008.8057405314158,336.26858017713863,672.5371603542773,518.353278721483
15983,Mid Value,330.3854129300399,110.12847097667996,220.25694195335993,169.71505010192664
15984,High Value,721.320104691678,240.440034897226,480.880069794452,370.49170993975594
15985,Long Tail / Low Value,176.6461271966488,58.88204239888293,117.76408479776586,90.85825762716041
15986,Mid Value,434.27952416244216,144.75984138748072,289.51968277496144,224.39090464510997
15987,Mid Value,374.690211313267,124.89673710442234,249.79347420884469,192.4599138061328
15988,Mid Value,501.29078397304704,167.0969279910157,334.1938559820314,259.12654004052536
15990,Long Tail / Low Value,245.80466089420906,81.93488696473635,163.8697739294727,126.37125148742871
15992,Mid Value,646.9968652097984,215.6656217365995,431.331243473199,334.6838628513703
15993,Whales,2377.8065470214106,792.6021823404702,1585.2043646809404,1226.7081408166857
15994,Mid Value,335.4680378817022,111.82267929390072,223.64535858780144,173.1946344566351
15996,Long Tail / Low Value,223.5914873532623,74.53049578442076,149.06099156884153,114.85208605120947
15998,Mid Value,680.2747357107183,226.7582452369061,453.5164904738122,349.45532684141125
16000,Whales,11448.963708728397,3816.321236242799,7632.642472485598,5918.1272077863705
16003,Mid Value,481.0220276440542,160.34067588135142,320.68135176270283,247.10407442462173
16005,Long Tail / Low Value,179.50583246537474,59.835277488458246,119.67055497691649,92.27640869100607
16006,Long Tail / Low Value,135.65375999387842,45.21791999795948,90.43583999591895,69.8255603102135
16007,Mid Value,671.102680755889,223.7008935852963,447.4017871705926,345.1678406575532
16008,Long Tail / Low Value,204.06595449302552,68.02198483100851,136.04396966201702,104.97965677046196
16009,Mid Value,341.0391062845677,113.6797020948559,227.3594041897118,175.52916933138903
16010,Long Tail / Low Value,95.99400122468187,31.998000408227288,63.996000816454575,49.31792443465252
16011,High Value,818.3116433278276,272.77054777594253,545.5410955518851,420.2991524896634
16012,High Value,772.6648402241166,257.5549467413722,515.1098934827444,397.74687120275775
16013,Whales,9133.654603443723,3044.551534481241,6089.103068962482,4690.877437610659
16014,Long Tail / Low Value,176.29162087197597,58.76387362399199,117.52774724798398,90.6163878374033
16015,Mid Value,614.1223112140929,204.7074370713643,409.4148741427286,316.8527969139705
16016,Mid Value,309.08765786288467,103.02921928762822,206.05843857525645,158.76236253417278
16017,Mid Value,359.2357559657506,119.74525198858355,239.4905039771671,185.5061175840533
16018,Long Tail / Low Value,227.5152307935508,75.83841026451694,151.67682052903388,117.09927231987298
16019,High Value,983.6471669072406,327.8823889690802,655.7647779381604,505.24774969285204
16020,Mid Value,435.46909382581657,145.15636460860551,290.31272921721103,224.57306890466756
16022,Long Tail / Low Value,114.43660954280392,38.145536514267974,76.29107302853595,58.87288678617343
16023,Mid Value,260.83708840388397,86.945696134628,173.891392269256,134.10161957358108
16024,Mid Value,556.422498763408,185.47416625446934,370.9483325089387,287.7114785613797
16025,Mid Value,438.85712165586875,146.28570721862292,292.57141443724583,226.76337748607193
16026,Mid Value,374.514245513523,124.838081837841,249.676163675682,193.4213653401245
16027,Long Tail / Low Value,209.41810948388255,69.80603649462752,139.61207298925504,107.61656915156573
16029,Whales,17612.76246874223,5870.920822914076,11741.841645828152,9045.436481625014
16030,Long Tail / Low Value,98.946068294257,32.98202276475234,65.96404552950467,50.88132100393537
16031,Long Tail / Low Value,171.8983962435321,57.2994654145107,114.5989308290214,88.40670377211148
16033,Whales,2220.142557082944,740.047519027648,1480.095038055296,1140.2689654747971
16034,Long Tail / Low Value,108.36913517046827,36.123045056822754,72.24609011364551,55.68648224641414
16036,Mid Value,381.6434923067492,127.21449743558306,254.4289948711661,196.2482384752401
16037,Long Tail / Low Value,178.49344170969962,59.49781390323321,118.99562780646642,91.70507553664436
16038,Long Tail / Low Value,95.52139073258098,31.840463577526993,63.680927155053986,49.14173736599385
16040,Mid Value,423.5872692169038,141.1957564056346,282.3915128112692,217.77070588837006
16041,Whales,1962.3395846035914,654.1131948678639,1308.2263897357277,1010.377957270636
16042,Mid Value,382.2094562891051,127.40315209636837,254.80630419273675,196.37684185570797
16043,Long Tail / Low Value,171.85747288088103,57.28582429362701,114.57164858725402,88.3126151742773
16045,Mid Value,262.4507524525186,87.48358415083953,174.96716830167907,134.89307678216596
16048,Long Tail / Low Value,2.6604651015436627,0.8868217005145542,1.7736434010291084,1.3669491145834392
16049,High Value,701.3519420097217,233.78398066990724,467.5679613398145,361.5953113866942
16050,Long Tail / Low Value,158.4132772988581,52.80442576628604,105.60885153257207,81.58172873085296
16052,Mid Value,335.8306182825346,111.94353942751154,223.88707885502308,173.3824312822288
16053,Mid Value,473.0267948120004,157.6755982706668,315.3511965413336,243.68207501067957
16054,Long Tail / Low Value,180.87432054412122,60.29144018137374,120.58288036274747,93.18990903107024
16055,Long Tail / Low Value,131.109414427525,43.70313814250833,87.40627628501666,67.47909208718696
16056,Mid Value,367.0159709170559,122.33865697235196,244.6773139447039,189.53666930053632
16057,Mid Value,559.7262396367281,186.5754132122427,373.1508264244854,287.6662912648798
16059,Mid Value,388.0142310140402,129.33807700468006,258.6761540093601,199.30958807147954
16062,Mid Value,296.10694016869917,98.70231338956638,197.40462677913277,152.11461359298823
16063,Long Tail / Low Value,114.46172054858941,38.153906849529804,76.30781369905961,58.88584514342541
16065,Long Tail / Low Value,85.72648146368186,28.575493821227287,57.150987642454574,44.06518599326934
16066,High Value,868.6360788050034,289.5453596016678,579.0907192033357,447.301448633477
16070,Mid Value,421.29081349446943,140.43027116482315,280.8605423296463,217.53534765567278
16071,Mid Value,370.1857449488925,123.3952483162975,246.790496632595,191.17883755533578
16072,Long Tail / Low Value,105.06816443705723,35.022721479019076,70.04544295803815,54.03916340991847
16073,Long Tail / Low Value,102.38387032859049,34.12795677619683,68.25591355239366,52.65448479214657
16076,High Value,844.7813067627541,281.593768920918,563.187537841836,434.45385931929945
16078,Long Tail / Low Value,106.5670161566317,35.52233871887723,71.04467743775446,54.81239838760273
16079,Whales,1394.579196095741,464.85973203191367,929.7194640638273,719.7360842339492
16080,Long Tail / Low Value,58.30747574236764,19.43582524745588,38.87165049491176,29.979889416591355
16081,High Value,800.8048922855945,266.93496409519815,533.8699281903963,411.36142759248554
16083,Mid Value,501.5062333166077,167.16874443886923,334.33748887773845,257.69473621733107
16084,Long Tail / Low Value,101.80765269993236,33.93588423331079,67.87176846662157,52.35726442097865
16085,Mid Value,274.1828786573192,91.39429288577305,182.7885857715461,140.884818396746
16086,Mid Value,286.1772076649288,95.39240255497627,190.78480510995254,147.0041573237066
16091,Long Tail / Low Value,127.65065660579823,42.55021886859941,85.10043773719882,65.68503452288026
16092,Mid Value,248.9249099863715,82.97496999545716,165.94993999091432,127.99119903046117
16093,Long Tail / Low Value,225.21430450179457,75.07143483393152,150.14286966786304,116.11992762283171
16094,Mid Value,413.90616595297814,137.96872198432604,275.9374439686521,212.87501084259952
16096,Long Tail / Low Value,112.99981149087895,37.666603830292985,75.33320766058597,58.13145584286095
16097,Long Tail / Low Value,122.24799665242534,40.749332217475114,81.49866443495023,62.90442018808838
16098,Mid Value,436.7106977965719,145.5702325988573,291.1404651977146,224.31046099881792
16099,Long Tail / Low Value,228.30381691372193,76.10127230457398,152.20254460914796,117.42136808209779
16101,Mid Value,291.3300298685564,97.11000995618546,194.22001991237093,150.33792130143644
16102,High Value,843.7274170701672,281.24247235672243,562.4849447134449,434.51595942337633
16103,Mid Value,526.316072732134,175.43869091071133,350.87738182142266,270.6240743909454
16104,Mid Value,314.4756591177613,104.82521970592045,209.6504394118409,162.32268658212416
16105,Long Tail / Low Value,118.94334878939641,39.6477829297988,79.2955658595976,61.19873290509288
16106,Mid Value,303.7773111710746,101.25910372369152,202.51820744738305,156.7827780758642
16107,Whales,1351.480029851826,450.493343283942,900.986686567884,695.2804402175578
16108,Mid Value,261.55426472619854,87.18475490873284,174.36950981746568,134.9242113174202
16109,Long Tail / Low Value,166.00151863264813,55.33383954421604,110.66767908843208,85.32919521854309
16110,Mid Value,386.0824593437809,128.69415311459363,257.38830622918726,198.42145280656683
16112,Long Tail / Low Value,42.968992006120416,14.322997335373472,28.645994670746944,22.077392547178405
16113,Long Tail / Low Value,151.82401483937258,50.60800494645753,101.21600989291505,78.17742176682609
16114,Long Tail / Low Value,160.49868682712793,53.49956227570931,106.99912455141862,82.65925531003705
16115,Mid Value,517.4406226311007,172.48020754370023,344.96041508740046,265.9126480440192
16116,Long Tail / Low Value,135.62844554374024,45.209481847913416,90.41896369582683,69.81248837443597
16117,Long Tail / Low Value,147.94206778011997,49.31402259337332,98.62804518674665,76.17209248147013
16119,Long Tail / Low Value,199.87484696811956,66.62494898937318,133.24989797874636,103.07848124919244
16120,Mid Value,346.60614033290983,115.53538011096994,231.07076022193988,178.75659663175978
16121,Mid Value,450.478160003427,150.159386667809,300.318773335618,231.75631466554552
16122,Long Tail / Low Value,187.4607953471486,62.48693178238287,124.97386356476574,96.30029704245132
16123,Mid Value,344.78676023097444,114.92892007699147,229.85784015398295,178.02139269072154
16124,Long Tail / Low Value,96.84618241235422,32.282060804118075,64.56412160823615,49.798351083900286
16125,Long Tail / Low Value,85.3422272306654,28.447409076888466,56.89481815377693,43.867119402658346
16126,Whales,2095.690561001633,698.5635203338776,1397.1270406677552,1077.0809733221881
16127,Mid Value,391.00236981126034,130.33412327042012,260.66824654084024,201.96418211330138
16128,Mid Value,568.2076142255756,189.40253807519187,378.80507615038374,292.04759298048936
16131,High Value,1020.9969623066995,340.3323207688998,680.6646415377996,524.950386862465
16133,Whales,4104.0123397649095,1368.0041132549698,2736.0082265099395,2108.450371509954
16134,Long Tail / Low Value,174.45528713208742,58.15176237736247,116.30352475472495,89.64299069539655
16135,Long Tail / Low Value,113.69939262411407,37.899797541371356,75.79959508274271,58.492456151960205
16136,Mid Value,255.3236144875787,85.10787149585957,170.21574299171914,131.2545268415168
16139,Mid Value,294.6812956957372,98.22709856524574,196.45419713049148,151.5922776087998
16140,Mid Value,301.91306273569745,100.63768757856582,201.27537515713163,155.1250236813824
16141,Mid Value,254.20922399998707,84.73640799999569,169.47281599999138,131.12277768189935
16142,Long Tail / Low Value,118.55091082174118,39.51697027391373,79.03394054782746,60.996188982250175
16143,Mid Value,602.1953935493449,200.73179784978163,401.46359569956326,309.3238757675434
16144,Long Tail / Low Value,119.73664312780966,39.91221437593655,79.8244287518731,61.60817356010213
16145,High Value,959.7154903882035,319.9051634627345,639.810326925469,492.9595178668474
16146,Long Tail / Low Value,175.98476831689686,58.66158943896562,117.32317887793124,90.5063471136293
16147,Long Tail / Low Value,192.4206204707062,64.14020682356873,128.28041364713746,99.15926670504523
16148,Long Tail / Low Value,102.65648265942227,34.218827553140756,68.43765510628151,52.79510397614369
16149,Long Tail / Low Value,131.47513035352193,43.825043451173975,87.65008690234795,67.70656324550191
16150,Mid Value,497.56419633655287,165.85473211218428,331.70946422436856,255.58280461772148
16152,Long Tail / Low Value,111.53773768580342,37.179245895267805,74.35849179053561,57.37701961614336
16153,Mid Value,502.85341120970435,167.6178037365681,335.2356074731362,258.3266211056574
16156,High Value,887.003586661369,295.66786222045636,591.3357244409127,455.76426665278393
16157,Mid Value,601.9526245180809,200.6508748393603,401.3017496787206,310.3709287988903
16159,Long Tail / Low Value,107.23959089546005,35.74653029848668,71.49306059697336,55.1593833991854
16160,Mid Value,338.81826719196505,112.93942239732168,225.87884479464336,174.67771877599188
16161,Whales,1389.7731804619016,463.2577268206339,926.5154536412678,713.7956332773081
16162,Long Tail / Low Value,117.46325118570893,39.154417061902976,78.30883412380595,60.43484297030584
16163,Long Tail / Low Value,202.80580277863163,67.60193425954388,135.20386851908776,104.20691341794576
16164,High Value,933.4804170391168,311.16013901303893,622.3202780260779,481.73004855790106
16168,High Value,893.5546492888793,297.8515497629598,595.7030995259196,458.925406385277
16169,Whales,1314.7646307701027,438.2548769233676,876.5097538467352,677.7761559939939
16170,Mid Value,635.6805936302515,211.8935312100838,423.7870624201676,326.81121699226816
16171,Mid Value,320.66423625154755,106.88807875051585,213.7761575010317,165.52754873806833
16172,Mid Value,398.54747519229676,132.84915839743226,265.6983167948645,204.91899061511776
16173,High Value,804.7013638556263,268.2337879518754,536.4675759037508,414.5693545686513
16174,Mid Value,460.8875646408811,153.62918821362703,307.25837642725406,237.26542932746648
16175,Mid Value,348.72408939225903,116.24136313075302,232.48272626150603,179.3132764740468
16177,Mid Value,348.6781902852579,116.22606342841931,232.45212685683862,180.03711379194337
16178,Long Tail / Low Value,187.63151238834433,62.54383746278145,125.0876749255629,96.68317208466527
16179,Mid Value,317.19407358950536,105.73135786316845,211.4627157263369,163.73044346011454
16180,Whales,3556.885959242036,1185.6286530806785,2371.257306161357,1828.4858229352085
16181,Mid Value,284.6748063573387,94.8916021191129,189.7832042382258,146.89235631425547
16182,Whales,2247.279195895326,749.0930652984421,1498.1861305968841,1155.0073013094418
16183,Mid Value,299.14165536957876,99.71388512319292,199.42777024638585,154.38247393945713
16184,Mid Value,463.51148055995293,154.50382685331763,309.00765370663527,238.3853510642604
16185,Long Tail / Low Value,147.5819387986257,49.193979599541905,98.38795919908381,75.91218884201176
16186,High Value,976.2097066452604,325.4032355484201,650.8064710968403,501.3913693992281
16187,Whales,2190.871161320404,730.2903871068014,1460.5807742136028,1125.8877053131016
16188,Mid Value,381.6043531972505,127.20145106575016,254.40290213150033,196.21609042095463
16189,Long Tail / Low Value,114.90775947379535,38.30258649126512,76.60517298253023,59.24094193808938
16190,Mid Value,387.10249634379875,129.0341654479329,258.0683308958658,199.94350117552278
16191,Whales,1318.1384307149572,439.3794769049857,878.7589538099714,677.0513461892398
16193,Long Tail / Low Value,123.902169862345,41.300723287448335,82.60144657489667,63.75828586385727
16198,Mid Value,280.32345408102526,93.44115136034175,186.8823027206835,144.63968706497863
16200,Mid Value,511.86128345553095,170.6204278185103,341.2408556370206,263.5074021518649
16201,Whales,1310.5484676211854,436.8494892070618,873.6989784141236,675.0928307218192
16202,Long Tail / Low Value,86.74209789064781,28.91403263021594,57.82806526043188,44.58870925203757
16203,Long Tail / Low Value,135.47684814528867,45.15894938176289,90.31789876352578,69.59330170735319
16204,Mid Value,474.53609132310754,158.1786971077025,316.357394215405,245.2568505077667
16205,Mid Value,378.1091177148558,126.0363725716186,252.0727451432372,194.5554395517012
16206,Long Tail / Low Value,134.88345890245435,44.961152967484786,89.92230593496957,69.30793988822361
16207,Mid Value,462.2180274561929,154.07267581873097,308.14535163746194,238.8716811230173
16208,Long Tail / Low Value,105.50349793999702,35.16783264666567,70.33566529333135,54.23974149863166
16209,High Value,818.043456177959,272.6811520593197,545.3623041186394,420.5891789269815
16210,Whales,4772.7211444238155,1590.9070481412718,3181.8140962825437,2451.237317348957
16211,Mid Value,254.13380576589827,84.71126858863276,169.42253717726553,131.08374664881808
16212,Long Tail / Low Value,123.80389273263943,41.26796424421314,82.53592848842628,63.65118422283545
16213,Mid Value,273.4358461582452,91.14528205274841,182.29056410549683,141.0742265168058
16214,Long Tail / Low Value,233.9236096689089,77.97453655630297,155.94907311260593,120.2617158712286
16215,Mid Value,269.32841924970154,89.77613974990051,179.55227949980102,138.9480910783442
16216,Long Tail / Low Value,111.96986345972678,37.32328781990893,74.64657563981785,57.59999433534142
16217,Long Tail / Low Value,70.77417134832457,23.591390449441523,47.182780898883045,36.38739961059728
16218,High Value,731.7254369909477,243.90847899698258,487.81695799396516,375.8408893072197
16221,Mid Value,253.989403705658,84.66313456855266,169.32626913710533,130.48581520888712
16222,Long Tail / Low Value,96.57341729205824,32.191139097352746,64.38227819470549,49.657685166195314
16224,Mid Value,504.8089197099941,168.26963990333135,336.5392798066627,259.5494249117146
16225,Mid Value,297.10638240433497,99.03546080144498,198.07092160288997,152.71303989768637
16226,Long Tail / Low Value,53.80928836836585,17.93642945612195,35.8728589122439,27.672452269921855
16227,Long Tail / Low Value,128.83391364071971,42.9446378802399,85.8892757604798,66.30425645655968
16229,Mid Value,517.9414016718638,172.64713389062126,345.2942677812425,266.4727707735327
16230,Long Tail / Low Value,188.56587539046984,62.85529179682328,125.71058359364656,97.0057671748203
16232,Mid Value,413.7900657636381,137.9300219212127,275.8600438424254,212.82445003969522
16233,Long Tail / Low Value,142.84845952346632,47.61615317448877,95.23230634897754,73.38813089122367
16235,Mid Value,251.59595524324158,83.86531841441386,167.73063682882773,129.26851845569732
16236,Mid Value,273.79585846388403,91.26528615462801,182.53057230925603,141.2605850041679
16239,Long Tail / Low Value,60.866155885565306,20.288718628521767,40.577437257043535,31.323321431638345
16240,Whales,3090.305402785974,1030.101800928658,2060.203601857316,1593.5203273149853
16241,Mid Value,611.5800868902526,203.86002896341753,407.72005792683507,314.1169097744373
16242,Whales,1219.6621476223945,406.55404920746486,813.1080984149297,626.8708331284232
16243,Mid Value,388.5311060887128,129.5103686962376,259.0207373924752,200.47234897274933
16244,Long Tail / Low Value,226.55909691146658,75.51969897048886,151.03939794097772,116.40684001721237
16245,Mid Value,476.48329327510135,158.8277644250338,317.6555288500676,244.99118546217161
16247,Long Tail / Low Value,160.6236921586902,53.5412307195634,107.0824614391268,82.72384695019423
16248,Mid Value,314.60873111438815,104.86957703812938,209.73915407625876,162.3915984018737
16249,Mid Value,428.3848545603899,142.79495152012996,285.5899030402599,220.26469411700572
16250,Long Tail / Low Value,77.9317874578371,25.9772624859457,51.9545249718914,40.04136019706898
16253,Whales,1361.0818977259826,453.69396590866086,907.3879318173217,699.9456475636314
16255,Mid Value,629.5863077054897,209.86210256849657,419.72420513699313,323.38797156803514
16256,Long Tail / Low Value,112.2726689909391,37.4242229969797,74.8484459939594,57.756242464222105
16257,Long Tail / Low Value,156.29429503421255,52.098098344737515,104.19619668947503,80.48690920599655
16258,Whales,1943.536531244593,647.8455104148644,1295.6910208297288,999.5193528658808
16260,Mid Value,348.2114847693211,116.07049492310703,232.14098984621407,179.7953619754077
16261,Long Tail / Low Value,217.69874908084725,72.56624969361575,145.1324993872315,111.9340856238166
16265,Whales,1327.1077051879795,442.3692350626598,884.7384701253196,681.66499041701
16266,Mid Value,330.7149476445614,110.23831588152046,220.47663176304093,170.09248014165894
16268,Mid Value,288.93147926269586,96.31049308756529,192.62098617513058,149.01155073992896
16270,Long Tail / Low Value,88.26824662247023,29.422748874156742,58.845497748313484,45.37544293865919
16271,Mid Value,395.5795843957194,131.8598614652398,263.7197229304796,203.21319465936568
16272,Long Tail / Low Value,211.84746117963962,70.61582039321321,141.23164078642642,109.20560107827802
16274,Long Tail / Low Value,84.14025970633803,28.04675323544601,56.09350647089202,43.24757899759102
16275,Long Tail / Low Value,143.80900058243196,47.93633352747732,95.87266705495465,74.03725840677566
16276,Long Tail / Low Value,156.27676907459954,52.09225635819985,104.1845127163997,80.47785425696077
16278,Long Tail / Low Value,234.45646641723306,78.15215547241102,156.30431094482205,120.90146198701396
16279,High Value,765.5939317536787,255.19797725122623,510.39595450245247,393.9888895638474
16281,Mid Value,287.09267163308203,95.69755721102734,191.3951144220547,148.14411478256852
16282,Long Tail / Low Value,91.38911107766745,30.46303702588915,60.9260740517783,46.98442032254711
16283,Mid Value,633.0433313689215,211.0144437896405,422.028887579281,325.599368209601
16284,High Value,870.9816116447407,290.32720388158026,580.6544077631605,449.46060241457616
16287,Long Tail / Low Value,161.18864113523557,53.729547045078526,107.45909409015705,83.01576466738685
16292,Long Tail / Low Value,205.82524535036706,68.60841511678902,137.21683023357804,106.09093813612608
16293,Mid Value,508.42034016593703,169.473446721979,338.946893443958,261.1415802773062
16295,Whales,1132.964450916559,377.6548169721863,755.3096339443726,584.224170485676
16297,Long Tail / Low Value,111.51895211792197,37.17298403930732,74.34596807861465,57.36732643429153
16298,Mid Value,311.5971914213891,103.86573047379636,207.73146094759272,160.3327838433515
16302,Long Tail / Low Value,199.9419681395378,66.64732271317926,133.29464542635853,103.04843508924554
16303,Whales,1798.383334182191,599.4611113940637,1198.9222227881273,924.1102851905463
16305,Long Tail / Low Value,187.47649106440903,62.492163688136344,124.98432737627269,96.60302568933585
16306,Long Tail / Low Value,133.87088057576202,44.623626858587336,89.24725371717467,68.7649529251498
16308,High Value,966.7871542552978,322.2623847517659,644.5247695035318,497.0238775734156
16309,Mid Value,267.7386725761808,89.24622419206027,178.49244838412054,137.70635468881542
16311,Mid Value,454.3483254907157,151.44944183023856,302.8988836604771,234.46862024587418
16313,Long Tail / Low Value,230.11536958872256,76.70512319624085,153.4102463924817,118.75149161541864
16315,Long Tail / Low Value,93.53520603277796,31.17840201092599,62.35680402185198,48.09097493879395
16316,High Value,744.6901656552495,248.2300552184165,496.460110436833,382.52693276689024
16317,Mid Value,332.54561357267266,110.84853785755756,221.69707571511512,170.92496569474906
16318,Mid Value,408.8283987992515,136.27613293308383,272.55226586616766,211.20117049112224
16319,Long Tail / Low Value,132.6054628909449,44.201820963648295,88.40364192729659,68.25154121247954
16320,Long Tail / Low Value,139.54443845734383,46.51481281911461,93.02962563822922,71.79279967802407
16321,Long Tail / Low Value,97.297162134988,32.43238737832933,64.86477475665866,49.9936798064519
16322,Mid Value,282.09887958960127,94.03295986320042,188.06591972640084,145.64159933561766
16323,Long Tail / Low Value,143.85993160862816,47.953310536209386,95.90662107241877,74.0635641735437
16324,Long Tail / Low Value,158.54180583100035,52.84726861033345,105.6945372206669,81.58759910960121
16325,Long Tail / Low Value,208.08072216661606,69.36024072220535,138.7204814444107,106.99886427135017
16326,High Value,795.5156585422119,265.1718861807373,530.3437723614746,408.6728961269754
16327,High Value,954.398413821356,318.13280460711866,636.2656092142373,490.23628661712894
16330,Long Tail / Low Value,216.9930066038964,72.3310022012988,144.6620044025976,111.78374678949763
16332,Mid Value,487.04306585289675,162.34768861763226,324.6953772352645,250.27205139967265
16333,Whales,7657.53428459415,2552.51142819805,5105.0228563961,3934.385026713521
16337,Mid Value,403.59791430699806,134.5326381023327,269.0652762046654,208.4907674325206
16338,Long Tail / Low Value,170.55812482786266,56.85270827595422,113.70541655190844,87.85765925515423
16339,Long Tail / Low Value,106.30253443701514,35.434178145671716,70.86835629134343,54.675953154107255
16340,Long Tail / Low Value,224.02176102161195,74.67392034053732,149.34784068107464,115.5029985247737
16341,Mid Value,627.9602244962847,209.3200748320949,418.6401496641898,323.0290643788955
16342,Long Tail / Low Value,108.27612142904259,36.09204047634753,72.18408095269506,55.71326283010289
16343,Mid Value,527.7544863877043,175.9181621292348,351.8363242584696,272.6824957039858
16344,Long Tail / Low Value,169.81298160013878,56.604327200046264,113.20865440009253,87.47255305599269
16345,Mid Value,370.960608050063,123.65353601668767,247.30707203337533,191.58027709864393
16347,High Value,991.506965198721,330.502321732907,661.004643465814,511.89262192875094
16348,Mid Value,462.964790511528,154.321596837176,308.643193674352,238.027608913173
16349,Long Tail / Low Value,104.43264992696234,34.81088330898745,69.6217666179749,53.71132405119668
16350,Mid Value,261.0833920264672,87.02779734215574,174.05559468431147,134.1485226206827
16351,Long Tail / Low Value,93.03493177050665,31.011643923502216,62.02328784700443,47.83301806121055
16352,High Value,690.1358200986133,230.04527336620444,460.0905467324089,356.2868086634276
16353,Whales,1656.7825364654482,552.2608454884827,1104.5216909769654,850.9211356756078
16354,Long Tail / Low Value,54.2923982340564,18.0974660780188,36.1949321560376,27.998874534751813
16356,Long Tail / Low Value,47.62931112663482,15.876437042211606,31.752874084423212,24.48488155635249
16357,Mid Value,300.90696056349555,100.30232018783185,200.6046403756637,154.78276620550434
16358,High Value,899.4216266428973,299.8072088809658,599.6144177619316,462.76719724911106
16359,Mid Value,499.21474339528197,166.40491446509398,332.80982893018796,256.47219896210424
16360,Whales,2828.2583192437646,942.7527730812549,1885.5055461625097,1457.390485481787
16361,Mid Value,613.4767883165403,204.49226277218008,408.98452554436017,316.28711490712703
16362,Mid Value,346.5551278227484,115.51837594091613,231.03675188183226,178.57446497983133
16363,Mid Value,338.8964722023778,112.96549073412594,225.93098146825187,174.9703975539258
16364,Mid Value,406.2048035739518,135.40160119131727,270.80320238263454,209.20310394329672
16365,Mid Value,385.5917272981435,128.53057576604783,257.06115153209566,198.05497086232137
16366,Mid Value,506.94672834137594,168.98224278045865,337.9644855609173,262.05878874148146
16367,Mid Value,325.8272458709681,108.60908195698937,217.21816391397874,167.42147774921824
16368,Mid Value,479.0397769060718,159.67992563535725,319.3598512707145,247.39069402082612
16369,High Value,733.3062559294538,244.43541864315125,488.8708372863025,377.27725162197413
16370,Mid Value,496.25717547217766,165.4190584907259,330.8381169814518,255.21298914653494
16372,Long Tail / Low Value,66.74961520764906,22.24987173588302,44.49974347176604,34.46500131369268
16374,Long Tail / Low Value,211.82361287833274,70.60787095944424,141.21574191888848,108.92469443198948
16376,Mid Value,356.4862711625341,118.82875705417803,237.65751410835605,184.1826460736289
16377,Long Tail / Low Value,111.97156277072652,37.32385425690884,74.64770851381768,57.60087117788375
16378,Long Tail / Low Value,77.69937287732542,25.899790959108472,51.799581918216944,39.93273659873866
16379,Whales,1744.3073643578011,581.435788119267,1162.871576238534,899.1415558874887
16380,Mid Value,315.0879544739996,105.02931815799987,210.05863631599973,162.63976664070898
16383,Long Tail / Low Value,221.88809264508822,73.96269754836274,147.92539509672548,114.09389207903104
16384,Long Tail / Low Value,118.97534311089338,39.658447703631126,79.31689540726225,61.179287116903
16385,Long Tail / Low Value,149.71918060884983,49.906393536283275,99.81278707256655,76.91795269576923
16386,Long Tail / Low Value,169.9163735886372,56.6387911962124,113.2775823924248,87.38225845714702
16387,Long Tail / Low Value,95.52299543172664,31.840998477242213,63.681996954484426,49.115993501239686
16389,Mid Value,508.8904265230157,169.63014217433857,339.26028434867715,261.5714630401908
16392,Long Tail / Low Value,111.2264285872092,37.0754761957364,74.1509523914728,57.21638778116833
16393,High Value,755.5810098760397,251.86033662534658,503.72067325069315,388.07818366478745
16394,Mid Value,461.3731441226767,153.79104804089224,307.58209608178447,237.12355350680818
16395,Mid Value,391.7601516339905,130.58671721133018,261.17343442266036,201.286527683553
16398,Mid Value,360.6733783470234,120.2244594490078,240.4489188980156,185.48195423092994
16399,Long Tail / Low Value,171.99417701557547,57.331392338525156,114.66278467705031,88.46652320484375
16400,Long Tail / Low Value,243.7418164336608,81.2472721445536,162.4945442891072,125.70595630888359
16401,High Value,1066.8832103338384,355.62773677794615,711.2554735558923,548.1114506656319
16402,Long Tail / Low Value,42.88500155859922,14.295000519533074,28.59000103906615,22.034874252468583
16403,Long Tail / Low Value,98.1586588987739,32.719552966257964,65.43910593251593,50.47522131533391
16404,Mid Value,291.78871254894705,97.26290418298235,194.5258083659647,150.57540058159867
16405,Long Tail / Low Value,70.49588767358658,23.49862922452886,46.99725844905772,36.23626395882407
16406,Mid Value,508.0468290680117,169.34894302267057,338.69788604534114,262.62912884508944
16407,Mid Value,568.5092955242767,189.50309850809222,379.00619701618444,292.10676072856296
16409,Mid Value,602.8843469744429,200.96144899148098,401.92289798296196,309.78990512015775
16411,Long Tail / Low Value,43.71531524896738,14.571771749655793,29.143543499311587,22.461498751043614
16412,Mid Value,338.67481925450227,112.89160641816743,225.78321283633485,174.85559060075573
16413,Mid Value,329.2214303297594,109.74047677658648,219.48095355317295,169.9593192204906
16414,Long Tail / Low Value,50.44187139399202,16.81395713133067,33.62791426266134,25.93429449741565
16415,Mid Value,370.56338544932646,123.52112848310882,247.04225696621765,191.37448453646238
16416,High Value,1006.838945311572,335.612981770524,671.225963541048,519.3628381403621
16418,Mid Value,267.16158651377054,89.05386217125685,178.1077243425137,137.40578566151117
16419,Long Tail / Low Value,232.03158805957938,77.34386268652646,154.68772537305293,119.22951904319407
16422,Whales,8245.197278549014,2748.3990928496714,5496.798185699343,4234.624610558582
16423,Mid Value,467.16292793670556,155.72097597890186,311.4419519578037,241.434868079185
16424,Long Tail / Low Value,146.7793165336837,48.92643884456123,97.85287768912247,75.5714788792902
16425,Long Tail / Low Value,100.92957092242897,33.643190307476324,67.28638061495265,51.904351348424655
16426,Mid Value,533.8504670076704,177.95015566922348,355.90031133844695,274.3730235755439
16427,Long Tail / Low Value,69.83793935441207,23.279313118137356,46.55862623627471,35.905447752223324
16429,Long Tail / Low Value,225.37710431694467,75.12570143898155,150.2514028779631,116.20414840401912
16430,Mid Value,326.53596936259925,108.84532312086641,217.69064624173282,168.56848493008135
16431,Long Tail / Low Value,140.3403509575323,46.7801169858441,93.5602339716882,72.13346108274658
16432,Mid Value,306.75915772097164,102.25305257365721,204.50610514731443,158.32680858305338
16433,Mid Value,444.90709687673933,148.30236562557977,296.60473125115954,229.89903704297325
16434,Mid Value,379.4128112530015,126.47093708433384,252.94187416866768,194.9735956606798
16438,Mid Value,564.9075875321487,188.3025291773829,376.6050583547658,291.14794284736035
16440,Whales,1608.5666626071093,536.1888875357031,1072.3777750714062,827.2949129569228
16441,Long Tail / Low Value,106.78832769889283,35.596109232964274,71.19221846592855,54.899456931250924
16442,Long Tail / Low Value,172.8536840441573,57.61789468138576,115.23578936277153,88.80644114286821
16444,Long Tail / Low Value,229.78151520099223,76.59383840033074,153.18767680066148,118.12713260364461
16445,Mid Value,418.34650417395477,139.4488347246516,278.8976694493032,216.13359774728093
16446,Whales,138876.67766228344,46292.22588742781,92584.45177485562,71455.64343188104
16447,Long Tail / Low Value,190.4904953968685,63.49683179895617,126.99366359791235,98.16131491863132
16448,Long Tail / Low Value,142.75326855914346,47.58442285304782,95.16884570609564,73.49198304311419
16449,Long Tail / Low Value,177.13307747639743,59.044359158799146,118.08871831759829,91.07155076501772
16450,Long Tail / Low Value,177.24009302608084,59.08003100869362,118.16006201738723,91.31131571648064
16451,Mid Value,255.73471884672546,85.24490628224181,170.48981256448363,131.91227142172212
16454,Long Tail / Low Value,8.287157455523367,2.762385818507789,5.524771637015578,4.274759935613466
16455,Mid Value,447.2093399456213,149.06977998187378,298.13955996374756,229.70592730500414
16456,Mid Value,406.2094177474308,135.4031392491436,270.8062784982872,208.6553717118301
16457,Long Tail / Low Value,132.15452248499176,44.05150749499725,88.1030149899945,68.01870528718513
16458,High Value,870.600523478926,290.20017449297535,580.4003489859507,447.1674876223328
16460,Mid Value,631.128428056041,210.376142685347,420.752285370694,325.3407595945506
16461,Long Tail / Low Value,155.66959315350078,51.889864384500264,103.77972876900053,80.1641535466582
16462,Long Tail / Low Value,47.7284259247455,15.909475308248501,31.818950616497002,24.53458948621067
16463,Mid Value,583.5499363612753,194.51664545375843,389.03329090751686,300.1738014174436
16464,High Value,722.7820298644398,240.9273432881466,481.8546865762932,372.14251654464715
16466,Mid Value,513.8941293681142,171.29804312270474,342.5960862454095,264.0950241762066
16468,Mid Value,282.4745314637672,94.15817715458907,188.31635430917814,145.75327423957103
16469,Long Tail / Low Value,240.7948164441591,80.2649388147197,160.5298776294394,123.80909577296512
16470,Long Tail / Low Value,177.70462899486978,59.23487633162326,118.46975266324652,91.29284370498324
16471,Long Tail / Low Value,109.49332561095174,36.49777520365058,72.99555040730117,56.32215925367076
16473,Long Tail / Low Value,64.95934427174808,21.65311475724936,43.30622951449872,33.37905461581247
16474,High Value,887.955953661143,295.98531788704764,591.9706357740953,457.0578853788667
16475,Long Tail / Low Value,97.63598853243498,32.54532951081166,65.09065902162332,50.18925451790827
16477,Mid Value,635.4959038755666,211.8319679585222,423.6639359170444,326.4176902503438
16478,Long Tail / Low Value,170.01521098893258,56.67173699631086,113.34347399262172,87.67730535707153
16479,Mid Value,248.90825262695407,82.96941754231803,165.93883508463605,128.64043246874016
16480,Mid Value,280.02080346701524,93.34026782233842,186.68053564467684,144.4830104707545
16482,Mid Value,531.0816522343201,177.02721741144003,354.05443482288007,274.5719327694852
16483,Long Tail / Low Value,146.16708551773644,48.72236183924548,97.44472367849096,75.25524108839784
16484,Long Tail / Low Value,94.54689044410915,31.515630148036383,63.031260296072766,48.65572505532062
16485,Mid Value,276.0621210804082,92.02070702680273,184.04141405360545,142.43372085142127
16488,Long Tail / Low Value,214.786550943401,71.59551698113367,143.19103396226734,110.57762609479776
16491,Mid Value,362.49435164464813,120.83145054821604,241.66290109643208,187.19421112466856
16493,Mid Value,432.2603890434381,144.0867963478127,288.1735926956254,222.1076506462408
16494,Long Tail / Low Value,102.64179786576764,34.213932621922545,68.42786524384509,52.787529212935915
16495,Long Tail / Low Value,192.84281266526065,64.28093755508688,128.56187511017376,99.13600729368655
16496,Mid Value,359.5414523361505,119.84715077871682,239.69430155743365,184.7741606617581
16497,High Value,850.2021675820488,283.4007225273496,566.8014450546992,436.8113379565993
16498,Long Tail / Low Value,11.291577207567887,3.7638590691892957,7.527718138378591,5.813114219606169
16499,Long Tail / Low Value,50.407978996387236,16.80265966546241,33.60531933092482,25.901055470849066
16500,Long Tail / Low Value,76.61433746000755,25.53811248666918,51.07622497333836,39.36316110289191
16503,Mid Value,307.50377288082575,102.50125762694192,205.00251525388384,157.97319482658344
16504,Mid Value,462.5820989216531,154.19403297388436,308.3880659477687,239.06039541973493
16505,Mid Value,428.37479973340163,142.7915999111339,285.5831998222678,221.33069258017184
16506,Long Tail / Low Value,88.43440476832858,29.478134922776192,58.956269845552384,45.650552282047954
16509,Long Tail / Low Value,102.60021379694635,34.20007126564878,68.40014253129756,52.76607919161962
16510,Long Tail / Low Value,84.3219716097362,28.107323869912065,56.21464773982413,43.341238135187815
16511,Mid Value,283.61694186203835,94.53898062067945,189.0779612413589,145.8130894339415
16513,High Value,1093.99845261549,364.66615087183,729.33230174366,564.490606605081
16515,Mid Value,455.5551748136792,151.85172493789307,303.70344987578613,234.0951544364567
16516,Mid Value,434.2131398228637,144.7377132742879,289.4754265485758,224.35649944268528
16517,Long Tail / Low Value,108.55648503741033,36.185495012470106,72.37099002494021,55.83880092299107
16518,Long Tail / Low Value,186.50210310852194,62.16736770284064,124.33473540568129,95.88548295659086
16519,Long Tail / Low Value,58.4642296842359,19.48807656141197,38.97615312282394,30.040428646293165
16520,Mid Value,255.9491686843247,85.31638956144157,170.63277912288314,131.49420967251987
16523,Whales,2556.1954030254324,852.0651343418108,1704.1302686836216,1313.3033938933668
16525,Whales,3236.8906521618264,1078.9635507206087,2157.9271014412175,1662.4820215717132
16526,Long Tail / Low Value,159.83642949986765,53.278809833289216,106.55761966657843,82.31706272390605
16527,Mid Value,267.81623663587413,89.27207887862471,178.54415775724942,138.16536167304764
16528,Mid Value,647.8618973015224,215.95396576717414,431.9079315343483,335.13252974506406
16529,Long Tail / Low Value,147.47720346661555,49.15906782220518,98.31813564441036,75.93196689425284
16531,Mid Value,333.4720611742083,111.1573537247361,222.3147074494722,171.2963588860035
16532,Whales,1895.6817598222112,631.8939199407371,1263.7878398814742,974.0747131585083
16533,High Value,912.539196946411,304.17973231547035,608.3594646309407,470.5625270397574
16535,Mid Value,626.1252977354197,208.70843257847324,417.41686515694647,323.85869061898694
16536,Long Tail / Low Value,219.94303516782657,73.31434505594218,146.62869011188437,113.39306618746751
16539,Mid Value,302.9687518151668,100.98958393838893,201.97916787677786,155.63156573768435
16542,Mid Value,338.43334809386647,112.81111603128882,225.62223206257764,174.7305188696983
16545,Long Tail / Low Value,164.9478304166735,54.98261013889117,109.96522027778234,84.95829052547663
16546,Long Tail / Low Value,222.44869292619336,74.14956430873112,148.29912861746223,114.29491286494513
16549,Whales,1154.828451777183,384.94281725906103,769.8856345181221,593.2768816397602
16550,Mid Value,521.2107574052859,173.7369191350953,347.4738382701906,267.7351746660264
16551,Long Tail / Low Value,239.51824686754756,79.83941562251586,159.67883124503172,123.07531097811295
16552,Long Tail / Low Value,136.40647404180706,45.46882468060235,90.9376493612047,70.08570612416365
16553,High Value,756.9330754474331,252.31102514914437,504.62205029828874,388.79525644880414
16554,Mid Value,334.04955489411975,111.34985163137326,222.6997032627465,171.65565335901664
16555,Long Tail / Low Value,179.20001031091186,59.73333677030396,119.46667354060791,92.3386124001171
16556,High Value,862.4306900027802,287.4768966675934,574.9537933351868,443.00936141043246
16557,Long Tail / Low Value,205.62382152829412,68.54127384276471,137.08254768552942,105.90004762007709
16558,Whales,2015.5270356171818,671.8423452057273,1343.6846904114545,1035.1959827443413
16560,Mid Value,265.1055835135955,88.36852783786516,176.73705567573032,136.2240845147043
16561,Mid Value,474.7427079496467,158.2475693165489,316.4951386330978,244.9187605315557
16563,Mid Value,338.57640032853766,112.85880010951256,225.71760021902512,174.8046137788636
16565,Long Tail / Low Value,85.95141247608491,28.650470825361637,57.300941650723274,44.18112988702589
16566,Long Tail / Low Value,193.0973354445808,64.36577848152693,128.73155696305386,99.24040253674838
16567,Long Tail / Low Value,164.11349302186449,54.704497673954826,109.40899534790965,84.34158048095996
16569,Mid Value,649.2425175821106,216.4141725273702,432.8283450547404,335.8486191890468
16570,High Value,1030.4166875263602,343.4722291754534,686.9444583509068,529.4433902031734
16571,Mid Value,452.39682055143555,150.79894018381185,301.5978803676237,232.5564767082595
16572,Mid Value,305.18463202492063,101.72821067497354,203.45642134994708,156.88939298786008
16573,Long Tail / Low Value,230.06253880281972,76.68751293427324,153.3750258685465,118.2751086728326
16574,Mid Value,289.29598184535945,96.43199394845315,192.8639878969063,149.2848223758908
16581,Long Tail / Low Value,152.30331307227073,50.767771024090244,101.53554204818049,78.42503026271848
16582,Long Tail / Low Value,216.01703537833419,72.00567845944472,144.01135691888945,111.36226259013999
16583,Long Tail / Low Value,84.11123666094608,28.037078886982027,56.07415777396405,43.23261982207631
16584,Long Tail / Low Value,224.61376545774027,74.87125515258009,149.74251030516018,115.51023259939171
16586,Long Tail / Low Value,118.93211580206432,39.644038600688106,79.28807720137621,61.19293533272551
16587,Long Tail / Low Value,125.71439006533367,41.904796688444556,83.80959337688911,64.69378431636027
16589,Long Tail / Low Value,242.63072423854032,80.87690807951344,161.75381615902688,124.88836032782767
16591,Mid Value,296.2136791843783,98.73789306145943,197.47578612291886,152.86644685499144
16592,Whales,1183.5361406629522,394.51204688765074,789.0240937753015,608.2012273988247
16593,Long Tail / Low Value,106.0279236448549,35.342641214951634,70.68528242990327,54.485291866193954
16594,Mid Value,280.2469651631947,93.41565505439824,186.8313101087965,144.6000901272967
16595,Mid Value,314.8075854674419,104.93586182248065,209.8717236449613,162.49457600625684
16596,Long Tail / Low Value,67.58025563243321,22.526751877477736,45.05350375495547,34.72428225070285
16597,Mid Value,637.6247601064734,212.54158670215782,425.08317340431563,329.82288836866786
16598,Long Tail / Low Value,105.96258086171541,35.32086028723847,70.64172057447693,54.50057419272678
16600,Long Tail / Low Value,216.66572236727063,72.22190745575688,144.44381491151375,111.31346605558407
16601,Mid Value,386.255520506631,128.751840168877,257.503680337754,199.50465551929653
16602,Mid Value,404.7183484307487,134.9061161435829,269.8122322871658,209.07136219297635
16603,Mid Value,268.76913813614067,89.58971271204689,179.17942542409378,138.54502110568137
16607,High Value,793.7445643337837,264.58152144459456,529.1630428891891,407.7027548673013
16609,Whales,1929.7910724874218,643.2636908291406,1286.5273816582812,992.065843174016
16610,Long Tail / Low Value,131.6669965744421,43.88899885814737,87.77799771629473,67.76698245470445
16611,Long Tail / Low Value,149.90444372104767,49.96814790701589,99.93629581403178,77.1857887140848
16612,Mid Value,338.9797437260522,112.99324790868407,225.98649581736814,174.19935810846778
16613,Mid Value,291.8832785586594,97.29442618621981,194.58885237243962,150.62436150977632
16614,Long Tail / Low Value,152.34425413265765,50.781418044219215,101.56283608843843,78.44618080887324
16616,Mid Value,297.26615952710625,99.08871984236875,198.1774396847375,153.04890757533792
16617,Long Tail / Low Value,124.3109218101828,41.436973936727604,82.87394787345521,63.96928587152365
16618,Mid Value,651.9630300874828,217.32101002916093,434.64202005832186,334.9969376389707
16619,Long Tail / Low Value,113.27741360709557,37.75913786903185,75.5182757380637,58.27470401963048
16620,Long Tail / Low Value,59.00143276902805,19.667144256342684,39.33428851268537,30.340446172797886
16621,Mid Value,267.66268114748607,89.2208937158287,178.4417874316574,137.58607933000997
16623,Long Tail / Low Value,120.13783927070797,40.045946423569326,80.09189284713865,61.81524575579517
16624,Mid Value,324.9296104161615,108.3098701387205,216.619740277441,167.20107498949312
16625,Long Tail / Low Value,109.53721300251236,36.51240433417079,73.02480866834158,56.344803136878625
16626,Whales,1243.6191536071622,414.5397178690541,829.0794357381081,639.1823590746791
16627,Mid Value,271.75055098963446,90.58351699654482,181.16703399308963,140.20185212591014
16628,High Value,810.0655532439722,270.0218510813241,540.0437021626482,416.53472938905156
16629,Mid Value,254.41767511555796,84.80589170518599,169.61178341037197,131.13296511224678
16633,High Value,1040.2821400547946,346.7607133515982,693.5214267031964,534.8931679597721
16634,Long Tail / Low Value,27.24047170362577,9.080157234541923,18.160314469083847,13.996268860615316
16637,Mid Value,415.67744599629924,138.55914866543307,277.11829733086614,213.77221197310394
16638,Mid Value,442.02880929005363,147.3429364300179,294.6858728600358,227.03913339775167
16639,Mid Value,505.0924929460497,168.36416431534988,336.72832863069976,259.7530696741415
16641,Long Tail / Low Value,226.74301256631398,75.58100418877133,151.16200837754266,116.91077785962408
16642,Mid Value,314.29777339569614,104.76592446523205,209.5318489304641,161.710770243469
16643,Long Tail / Low Value,120.10849434306358,40.03616478102119,80.07232956204238,61.800099660046826
16644,Long Tail / Low Value,84.07664717721747,28.02554905907249,56.05109811814498,43.256176181129824
16647,Long Tail / Low Value,68.14461537280292,22.714871790934307,45.429743581868614,35.062574009107564
16648,Mid Value,377.6768161640049,125.8922720546683,251.7845441093366,195.05988407074528
16650,Mid Value,288.9247815474049,96.30826051580163,192.61652103160327,149.09264111785285
16652,Whales,1882.2327892808028,627.4109297602675,1254.821859520535,967.4431988444061
16653,Long Tail / Low Value,168.54811455670975,56.18270485223658,112.36540970447317,86.92539386700795
16654,Long Tail / Low Value,119.00221975944507,39.66740658648169,79.33481317296338,61.13184319704779
16655,High Value,950.1616224507482,316.72054081691607,633.4410816338321,488.1738525493197
16656,Whales,2166.732701121255,722.2442337070851,1444.4884674141701,1112.8876899417855
16657,Mid Value,292.8606120525739,97.62020401752464,195.24040803504928,150.56849037889853
16658,Long Tail / Low Value,85.1228565908194,28.37428553027313,56.74857106054626,43.7540447851991
16659,Long Tail / Low Value,148.0274064774417,49.3424688258139,98.6849376516278,76.21617448163454
16660,Mid Value,360.5277374127384,120.1759124709128,240.3518249418256,185.26232247207412
16665,Long Tail / Low Value,86.35374137350558,28.784580457835194,57.56916091567039,44.388518975965276
16666,Mid Value,501.4779261076995,167.1593087025665,334.318617405133,259.2235603225828
16667,Long Tail / Low Value,232.0517512107447,77.3505837369149,154.7011674738298,119.30356629266188
16668,Long Tail / Low Value,94.30973764818297,31.43657921606099,62.87315843212198,48.470900143277674
16669,High Value,731.0600250507011,243.68667501690038,487.37335003380076,376.8835808587165
16670,High Value,1015.298825539874,338.43294184662466,676.8658836932493,521.5132313938295
16671,Long Tail / Low Value,220.08681264471463,73.36227088157155,146.7245417631431,113.27941146039949
16672,Whales,2370.5957321363994,790.1985773787998,1580.3971547575995,1218.4011123735418
16674,Mid Value,266.76413387293394,88.92137795764465,177.8427559152893,137.4903923581802
16676,Mid Value,392.8343443285812,130.9447814428604,261.8895628857208,201.83898009322593
16678,High Value,937.7733696956516,312.59112323188384,625.1822464637677,481.93688602441506
16679,Long Tail / Low Value,85.52903968414955,28.509679894716516,57.01935978943303,43.96341278671581
16680,Mid Value,375.123257882562,125.04108596085399,250.08217192170798,193.7368902317079
16681,Mid Value,581.069261311462,193.68975377048733,387.37950754097466,298.72126934525585
16682,Mid Value,268.6480605021116,89.54935350070387,179.09870700140775,138.2102545315946
16684,Whales,17280.126326527406,5760.042108842469,11520.084217684938,8875.549587548798
16685,Long Tail / Low Value,153.82158459318964,51.27386153106321,102.54772306212642,79.35206754685153
16686,High Value,761.1258984464184,253.7086328154728,507.4172656309456,390.9833552190051
16688,Whales,1302.5677647732296,434.18925492440985,868.3785098488197,671.7580055064793
16689,Long Tail / Low Value,197.93598084940803,65.97866028313601,131.95732056627202,102.05342424143669
16690,Long Tail / Low Value,117.97309310797255,39.32436436932418,78.64872873864836,60.70311647366638
16692,Mid Value,676.3428919577768,225.44763065259227,450.89526130518453,347.71064623051456
16693,Long Tail / Low Value,213.62423188611177,71.20807729537059,142.41615459074117,109.8416628015531
16696,Mid Value,267.8660422361651,89.28868074538836,178.57736149077672,137.72580248457717
16697,Long Tail / Low Value,121.89154369383355,40.63051456461118,81.26102912922236,62.720429013750554
16698,Mid Value,492.02227047822595,164.007423492742,328.014846985484,253.03057737812253
16700,Whales,1262.1100261743313,420.7033420581104,841.4066841162208,648.2509571733106
16701,Whales,1325.7075857442042,441.9025285814014,883.8050571628028,680.9350885600436
16705,Whales,3467.4065039548773,1155.8021679849592,2311.6043359699183,1780.9782001887584
16706,Long Tail / Low Value,221.67913849632785,73.89304616544261,147.78609233088523,114.19329132072284
16708,Mid Value,366.5458603003643,122.18195343345478,244.36390686690956,189.29312161776713
16709,High Value,719.107294837575,239.70243161252498,479.40486322504995,369.60986397374836
16710,Mid Value,568.7607207222218,189.58690690740727,379.17381381481454,292.1326106472043
16711,Mid Value,447.7872700197942,149.26242333993142,298.52484667986283,230.0339677091215
16712,High Value,1115.7411355413512,371.9137118471171,743.8274236942342,573.4305762712405
16713,Whales,1710.266567541962,570.0888558473207,1140.1777116946414,878.4256480813505
16714,Long Tail / Low Value,10.770636210043282,3.5902120700144273,7.180424140028855,5.535170876167121
16715,Mid Value,274.1538974518608,91.38463248395361,182.76926496790722,141.44592274460015
16716,Long Tail / Low Value,86.76284552289528,28.92094850763176,57.84189701526352,44.59744067206237
16717,High Value,1034.3454319597126,344.7818106532375,689.563621306475,531.3116141991351
16718,Long Tail / Low Value,84.91535156739785,28.305117189132616,56.61023437826523,43.64708733840505
16719,Mid Value,380.48384684206616,126.82794894735538,253.65589789471076,195.4359843977648
16720,Mid Value,456.89065992231724,152.2968866407724,304.5937732815448,236.1103081434008
16721,Long Tail / Low Value,113.75399027256152,37.917996757520505,75.83599351504101,58.52063018714331
16722,High Value,1125.2795743234706,375.0931914411569,750.1863828823138,577.9643765657081
16723,Long Tail / Low Value,212.31129010009334,70.77043003336445,141.5408600667289,109.40458031639274
16725,Long Tail / Low Value,10.44140067824007,3.48046689274669,6.96093378549338,5.3631510187399885
16726,Mid Value,378.9405881649094,126.31352938830314,252.62705877660628,194.66192825944586
16727,Long Tail / Low Value,85.93812331066853,28.646041103556175,57.29208220711235,44.174279764762105
16728,Mid Value,352.6509307747526,117.55031025825087,235.10062051650175,181.29248494307228
16729,Whales,2429.0981716213064,809.6993905404355,1619.398781080871,1248.7433940782591
16730,Long Tail / Low Value,229.53477486919704,76.51159162306568,153.02318324613137,117.95925671347624
16732,Mid Value,427.8730134999723,142.6243378333241,285.2486756666482,221.07063869964637
16734,Mid Value,317.07504173751886,105.69168057917295,211.3833611583459,163.33434608638981
16735,Mid Value,536.2828983686364,178.7609661228788,357.5219322457576,275.53515313353137
16737,Mid Value,338.7374794224964,112.91249314083213,225.82498628166425,174.88804592588727
16738,Long Tail / Low Value,102.31189126581864,34.10396375527288,68.20792751054576,52.61735671916157
16739,Long Tail / Low Value,156.26871792803493,52.08957264267831,104.17914528535663,80.4736945589367
16742,Mid Value,362.7613070840824,120.92043569469412,241.84087138938824,187.33250730894287
16743,Mid Value,517.7181147118495,172.5727049039498,345.1454098078996,265.9420877559561
16744,Mid Value,625.7531688237345,208.5843896079115,417.168779215823,321.9649752679171
16745,Whales,1860.8545107849282,620.2848369283093,1240.5696738566187,956.0937408287356
16746,Whales,1692.8923048217307,564.2974349405769,1128.5948698811537,869.5322118502834
16747,Mid Value,628.7417983951921,209.580599465064,419.161198930128,324.29452516542807
16748,Mid Value,342.3621625650335,114.12072085501116,228.24144171002231,175.90125593983183
16750,Long Tail / Low Value,226.33036118109732,75.44345372703243,150.88690745406487,116.38148315978681
16751,Mid Value,433.2895690565632,144.42985635218773,288.85971270437545,223.87783899116403
16752,Long Tail / Low Value,84.31083222545803,28.10361074181934,56.20722148363868,43.33549657843557
16753,Mid Value,323.3795182163806,107.79317273879353,215.58634547758706,166.93375861983577
16754,Long Tail / Low Value,84.35485685660214,28.11828561886738,56.23657123773476,43.358188147590774
16755,Mid Value,476.3360394697576,158.77867982325253,317.55735964650506,244.79862342428794
16756,Long Tail / Low Value,134.05424604274515,44.68474868091505,89.3694973618301,68.99961795053574
16757,Long Tail / Low Value,96.55555227848794,32.18518409282931,64.37036818565862,49.64847217087887
16758,Mid Value,304.227543488376,101.409181162792,202.818362325584,157.01591021438068
16759,Whales,1268.3530871171556,422.7843623723852,845.5687247447704,654.8207443851331
16761,Long Tail / Low Value,240.37791679861834,80.12597226620612,160.25194453241224,123.96531339939186
16762,High Value,695.7158256211306,231.90527520704356,463.8105504140871,358.19510791919106
16763,Long Tail / Low Value,142.64432913048822,47.54810971016274,95.09621942032548,73.4357177532014
16764,Whales,1490.9496532883797,496.98321776279323,993.9664355255865,767.3981144886367
16765,Long Tail / Low Value,103.26798451649094,34.42266150549698,68.84532301099397,53.11053482315265
16766,Mid Value,270.8503024822793,90.28343416075977,180.56686832151954,139.26394830581722
16767,Whales,1134.1628742119838,378.05429140399457,756.1085828079891,582.7244959938705
16768,Long Tail / Low Value,140.42449725993617,46.80816575331206,93.61633150662412,72.1918698855799
16769,Long Tail / Low Value,114.44294966388999,38.14764988796333,76.29529977592667,58.876158559852506
16770,Long Tail / Low Value,188.07608106307902,62.69202702102634,125.38405404205268,96.60860324918193
16771,Mid Value,634.0165927104432,211.3388642368144,422.6777284736288,325.74106600339906
16773,Mid Value,326.51517872387024,108.83839290795675,217.6767858159135,168.5577173153408
16774,Mid Value,301.5627060804027,100.5209020268009,201.0418040536018,155.17072509611052
16775,Mid Value,393.74687525808855,131.24895841936285,262.4979168387257,202.23969556987564
16776,Mid Value,317.59273867305285,105.86424622435095,211.7284924487019,163.93689879495128
16777,Long Tail / Low Value,35.8018834279934,11.933961142664467,23.867922285328934,18.411025827546784
16778,Long Tail / Low Value,100.862544960869,33.62084832028967,67.24169664057933,51.86039319988193
16779,Whales,2647.9751208932407,882.6583736310803,1765.3167472621606,1360.0212076357695
16780,Long Tail / Low Value,177.3244799158151,59.10815997193836,118.21631994387673,91.18706932112453
16781,Long Tail / Low Value,84.32843655461295,28.10947885153765,56.2189577030753,43.34457035373411
16782,Mid Value,508.4131749881865,169.4710583293955,338.942116658791,261.134770990711
16784,Mid Value,500.9808314109339,166.9936104703113,333.9872209406226,258.9658511868854
16788,Long Tail / Low Value,205.48409563735174,68.49469854578392,136.98939709156784,105.67257191973424
16789,Mid Value,594.5013218606457,198.1671072868819,396.3342145737638,307.4578726878687
16790,Whales,1210.6335972046836,403.5445324015612,807.0890648031224,624.7284596688514
16791,Mid Value,452.5042289229893,150.83474297432977,301.66948594865954,232.4808331028663
16792,Long Tail / Low Value,6.12314227754041,2.0410474258468034,4.082094851693607,3.148114021848297
16793,Mid Value,326.57963836447897,108.85987945482633,217.71975890965265,168.59110141245878
16794,Mid Value,463.8397141658653,154.61323805528843,309.22647611057687,238.62240151178025
16795,Long Tail / Low Value,85.73572339878483,28.57857446626161,57.15714893252322,44.06994985715511
16796,Mid Value,252.47349583195202,84.15783194398401,168.31566388796801,130.22449928814527
16800,Mid Value,565.559260520537,188.51975350684566,377.0395070136913,292.44927932121254
16801,Mid Value,325.6852223550309,108.56174078501029,217.12348157002057,167.41698629619293
16803,Mid Value,304.1932787627106,101.39775958757019,202.79551917514038,156.998167764632
16804,Long Tail / Low Value,200.15541599818067,66.71847199939356,133.43694399878711,102.90046096368167
16805,Long Tail / Low Value,125.28974177681447,41.76324725893816,83.52649451787632,64.37910342163858
16806,Long Tail / Low Value,243.99109117356065,81.33036372452021,162.66072744904042,125.46124988360482
16807,Mid Value,344.89091710190877,114.96363903396959,229.92727806793917,177.3090050659756
16808,Long Tail / Low Value,80.60251704134268,26.86750568044756,53.73501136089512,41.443371009990095
16809,Mid Value,284.36784975164574,94.78928325054858,189.57856650109716,146.18407419772493
16810,Long Tail / Low Value,146.22675163410048,48.74225054470016,97.48450108940033,75.28606041261233
16811,High Value,724.4225382305889,241.47417941019629,482.94835882039257,374.2814175901633
16812,Long Tail / Low Value,86.75840388161834,28.919467960539446,57.83893592107889,44.597114751219934
16813,Mid Value,649.8524793016009,216.6174931005336,433.2349862010672,334.22090507113177
16814,Whales,1577.37695239926,525.7923174664201,1051.5846349328401,810.1417800600377
16816,Long Tail / Low Value,112.59186462496805,37.53062154165602,75.06124308331204,57.8423021900321
16817,Mid Value,373.9886049131611,124.66286830438703,249.32573660877406,192.09391728203985
16818,Whales,1224.9284085613708,408.30946952045696,816.6189390409139,629.9696881645785
16820,Long Tail / Low Value,242.0652271693957,80.68840905646523,161.37681811293047,124.83839899327438
16823,Long Tail / Low Value,127.94198367735157,42.64732789245053,85.29465578490105,65.84377689832186
16824,Long Tail / Low Value,236.22123082861643,78.74041027620548,157.48082055241096,121.60708967303059
16825,Mid Value,408.73573994709136,136.24524664903046,272.4904932980609,210.35695118253528
16826,Mid Value,345.4537049762545,115.15123499208484,230.30246998416968,178.36685905870957
16828,Long Tail / Low Value,22.798480688954236,7.599493562984745,15.19898712596949,11.746966720919142
16829,Long Tail / Low Value,171.26772902439603,57.08924300813201,114.17848601626402,88.2244038154587
16830,Mid Value,394.9150056000394,131.63833520001313,263.27667040002626,203.9915246205007
16832,Long Tail / Low Value,67.32372463365449,22.4412415445515,44.882483089103,34.62901907512361
16833,Mid Value,280.9831565505632,93.66105218352106,187.32210436704213,144.37249225615076
16834,Long Tail / Low Value,127.83963315428582,42.61321105142861,85.22642210285721,65.79093685483474
16835,Long Tail / Low Value,50.628346395077855,16.87611546502595,33.7522309300519,26.012896984913045
16836,Long Tail / Low Value,204.83708610853733,68.27902870284578,136.55805740569156,105.53451703367244
16837,Whales,1141.8759145496522,380.62530484988406,761.2506096997681,587.0179670990667
16838,Long Tail / Low Value,118.18679917012099,39.395599723373664,78.79119944674733,60.76080061867035
16839,Whales,4050.5086838167354,1350.1695612722451,2700.3391225444902,2080.3060277485533
16841,Mid Value,558.9204972098381,186.30683240327937,372.61366480655875,287.25284587007576
16842,Mid Value,318.23698542150174,106.07899514050058,212.15799028100116,163.56425027652972
16843,Whales,2711.9445574958336,903.9815191652779,1807.9630383305557,1393.2341690105343
16846,Mid Value,348.8158356373064,116.27194521243547,232.54389042487094,180.1084137615851
16847,Mid Value,374.44852537646875,124.81617512548958,249.63235025097916,193.3873162899571
16848,Mid Value,341.3972331955459,113.79907773184863,227.59815546369725,176.2657008804759
16849,Long Tail / Low Value,149.73471875148405,49.91157291716135,99.8231458343227,77.09811262080656
16850,Long Tail / Low Value,92.80154482498216,30.93384827499405,61.8676965499881,47.71267838378106
16851,Mid Value,346.82065036399166,115.60688345466389,231.21376690932777,178.92827240725714
16852,Long Tail / Low Value,32.94987601738974,10.98329200579658,21.96658401159316,16.95982294975679
16855,Mid Value,399.0513218365287,133.0171072788429,266.0342145576858,205.97299790898592
16856,Mid Value,537.9488259914906,179.31627533049686,358.63255066099373,278.13253383059737
16858,Long Tail / Low Value,85.08992931468231,28.36330977156077,56.72661954312154,43.737072514786995
16859,Mid Value,322.88402445896855,107.62800815298952,215.25601630597905,166.0360848186332
16861,Long Tail / Low Value,106.19530420189736,35.398434733965786,70.79686946793157,54.67441092627036
16863,Long Tail / Low Value,173.34666653990547,57.78222217996849,115.56444435993699,89.06931701029211
16866,Long Tail / Low Value,62.64882819552625,20.882942731842082,41.765885463684164,32.24696701555313
16869,Mid Value,348.7721249943091,116.25737499810303,232.51474999620606,179.46969094480835
16871,High Value,863.6158665144972,287.8719555048324,575.7439110096648,443.90932081665744
16872,Long Tail / Low Value,187.5798250490825,62.526608349694165,125.05321669938833,96.52214680864779
16873,Whales,1461.0396720691513,487.01322402305044,974.0264480461009,750.4999630208154
16875,Mid Value,558.5238045956835,186.1746015318945,372.349203063789,286.9527483693528
16877,Mid Value,362.5647950996365,120.85493169987883,241.70986339975767,186.47455143050024
16878,Mid Value,262.022413535478,87.340804511826,174.681609023652,135.16651352244
16880,Mid Value,601.7992123050917,200.59973743503056,401.1994748700611,309.5774682316948
16881,Mid Value,301.2027430210798,100.40091434035993,200.80182868071986,155.44967504137207
16882,Mid Value,287.7039829601662,95.90132765338872,191.80265530677744,147.85501964685835
16883,Long Tail / Low Value,72.22014428510319,24.07338142836773,48.14676285673546,37.10717189941565
16884,Mid Value,316.2154123496443,105.40513744988142,210.81027489976285,163.24849055942863
16885,Long Tail / Low Value,103.16065487057347,34.38688495685782,68.77376991371564,53.00156262980384
16887,Mid Value,409.0310371655233,136.34367905517442,272.68735811034884,211.3061780190997
16889,Mid Value,396.1270013636065,132.04233378786884,264.0846675757377,203.54799563034157
16891,Long Tail / Low Value,158.96187092732134,52.98729030910712,105.97458061821423,81.65396074003382
16892,Long Tail / Low Value,226.18219427724824,75.39406475908275,150.7881295181655,116.36886486980777
16893,Long Tail / Low Value,85.51418338213031,28.504727794043436,57.00945558808687,43.955755004058545
16895,Mid Value,306.56855195904245,102.18951731968082,204.37903463936163,158.2281097048279
16897,Long Tail / Low Value,35.702224260441994,11.900741420147332,23.801482840294664,18.35119787988877
16898,Long Tail / Low Value,142.67333661131713,47.557778870439044,95.11555774087809,73.29727701260875
16899,Mid Value,327.6093403125227,109.20311343750757,218.40622687501514,168.28868193572916
16900,Long Tail / Low Value,182.07244375737417,60.690814585791394,121.38162917158279,93.90055007134566
16902,Long Tail / Low Value,212.0254992899965,70.67516642999884,141.35033285999768,109.2976862129607
16903,Mid Value,439.7139551618643,146.5713183872881,293.1426367745762,227.20746247375985
16904,High Value,872.8518922614135,290.9506307538045,581.901261507609,448.3090995286741
16905,High Value,784.2490993529973,261.4163664509991,522.8327329019982,402.82345122063316
16906,Long Tail / Low Value,200.30490816125425,66.76830272041808,133.53660544083615,102.98850736356223
16907,Long Tail / Low Value,229.11150686727765,76.37050228909256,152.7410045781851,117.69198557222091
16909,Mid Value,287.2661522093025,95.7553840697675,191.510768139535,148.23392899418093
16910,Whales,1140.7142669354223,380.2380889784741,760.4761779569482,587.7339200855193
16912,Mid Value,654.4704183491324,218.15680611637745,436.3136122327549,336.24628805152616
16913,Long Tail / Low Value,104.43602791648033,34.81200930549344,69.62401861098688,53.713066615404315
16914,Mid Value,404.63193918174966,134.87731306058322,269.75462612116644,209.02658588043641
16915,Long Tail / Low Value,208.09826796222967,69.36608932074323,138.73217864148646,106.95375475796025
16916,Long Tail / Low Value,184.80477301754922,61.60159100584974,123.20318201169948,94.95336251303478
16917,Long Tail / Low Value,108.8596331701711,36.28654439005703,72.57308878011406,55.995206948490406
16918,Mid Value,262.72174589507097,87.573915298357,175.147830596714,134.9941855541852
16919,Mid Value,491.98636474995004,163.99545491665,327.9909098333,252.69673373559692
16921,Mid Value,315.1692585441276,105.0564195147092,210.1128390294184,162.68187046840842
16923,Whales,1710.1538890329582,570.0512963443194,1140.1025926886389,878.3753129699711
16924,Mid Value,626.7578639115663,208.9192879705221,417.8385759410442,323.06557137813746
16926,Long Tail / Low Value,84.52091285628504,28.173637618761678,56.347275237523355,43.443778627958146
16927,Long Tail / Low Value,120.01419026920432,40.00473008973477,80.00946017946954,61.658918428141746
16928,Mid Value,666.8839392811416,222.29464642704718,444.58929285409437,342.50841030503557
16929,Mid Value,613.9700497681557,204.6566832560519,409.3133665121038,315.9809620280272
16930,Long Tail / Low Value,237.8209305971791,79.27364353239304,158.54728706478608,122.63531422219648
16931,Whales,1131.6062561640229,377.2020853880076,754.4041707760152,581.1936629442986
16932,Mid Value,338.8919914796171,112.96399715987236,225.92799431974473,174.96807672503172
16933,Mid Value,249.31941641558444,83.10647213852815,166.2129442770563,128.23413820936815
16934,Mid Value,276.90703585467605,92.30234528489201,184.60469056978403,142.87716362198762
16936,Mid Value,461.52079027748533,153.84026342582845,307.6805268516569,238.51027323094024
16938,High Value,919.9519590658512,306.6506530219504,613.3013060439008,472.7671031865323
16940,High Value,1023.2459873267117,341.08199577557053,682.1639915511411,525.9703472751263
16942,Mid Value,672.2898783900955,224.09662613003184,448.1932522600637,345.6804267353801
16943,Long Tail / Low Value,140.5380188631497,46.84600628771656,93.69201257543313,72.22381873954906
16945,High Value,1076.8815241717323,358.9605080572441,717.9210161144882,553.1254591842323
16947,Long Tail / Low Value,124.29386146202121,41.43128715400707,82.86257430801415,63.96047917198315
16948,Long Tail / Low Value,146.1979121848848,48.73263739496161,97.46527478992321,75.12872954768878
16949,Mid Value,403.67176786769755,134.5572559558992,269.1145119117984,207.41958216605005
16950,Mid Value,367.0963785344757,122.3654595114919,244.7309190229838,188.59407035569038
16951,Long Tail / Low Value,95.35814600295967,31.786048667653223,63.572097335306445,49.01048530340494
16952,Long Tail / Low Value,16.834943383155277,5.611647794385092,11.223295588770185,8.674753255603699
16953,Mid Value,434.41604498357026,144.80534832785676,289.6106966557135,224.46165972036954
16954,Mid Value,487.8437389866277,162.61457966220925,325.2291593244185,250.58684577719336
16955,Long Tail / Low Value,111.39602757817241,37.132009192724134,74.26401838544827,57.222829506220336
16956,Mid Value,514.4953428178571,171.49844760595238,342.99689521190476,265.9723680641264
16957,Long Tail / Low Value,171.68129012734033,57.22709670911345,114.4541934182269,88.26772422317114
16959,Mid Value,256.1757811495387,85.39192704984623,170.78385409969246,132.14053840366466
16960,Long Tail / Low Value,154.67629621843807,51.55876540614602,103.11753081229205,79.53218438767003
16961,Long Tail / Low Value,211.9984251312813,70.6661417104271,141.3322834208542,109.28368285966741
16963,Long Tail / Low Value,149.22871154368178,49.74290384789393,99.48580769578786,76.83672292603237
16965,Long Tail / Low Value,128.34537389939584,42.78179129979861,85.56358259959723,66.05203493927195
16966,High Value,712.3524083058319,237.45080276861063,474.90160553722126,366.24693915281813
16967,Long Tail / Low Value,148.0108405054138,49.33694683513793,98.67389367027586,76.20761726380954
16968,Mid Value,252.24037550335015,84.08012516778338,168.16025033556676,129.98007261404015
16969,Long Tail / Low Value,160.28294689672745,53.42764896557582,106.85529793115164,82.4687677409039
16971,Mid Value,395.5589829842036,131.85299432806787,263.70598865613573,204.3252078301526
16976,Long Tail / Low Value,111.98418784196113,37.32806261398704,74.65612522797409,57.60738570190165
16978,Mid Value,275.7952905229135,91.93176350763783,183.86352701527565,142.2955939199385
16979,Mid Value,527.9807031164335,175.99356770547783,351.98713541095566,271.33053833685074
16980,Long Tail / Low Value,186.76861712449679,62.256205708165595,124.51241141633119,96.01685758138952
16982,Mid Value,317.52196601862664,105.84065533954221,211.68131067908442,163.90024794808463
16983,Mid Value,493.54111756202997,164.51370585401,329.02741170802,253.50656136356952
16984,Whales,1404.8297069238772,468.2765689746257,936.5531379492514,723.6022869819224
16985,Whales,1257.0820529995833,419.0273509998611,838.0547019997222,645.7121793796651
16986,Whales,4546.197580356565,1515.3991934521882,3030.7983869043765,2347.6200483205366
16987,Mid Value,651.3513455203878,217.1171151734626,434.2342303469252,335.0053038908249
16988,Mid Value,626.4643579074474,208.8214526358158,417.6429052716316,324.03454164091
16989,Long Tail / Low Value,168.37620360721866,56.125401202406216,112.25080240481243,86.66397888195274
16990,Long Tail / Low Value,132.05679559815968,44.01893186605323,88.03786373210646,67.96824596185856
16992,Mid Value,452.0252365694037,150.6750788564679,301.3501577129358,232.32828541349798
16996,Mid Value,410.56558359734805,136.85519453244936,273.7103890648987,210.911112183551
16997,Long Tail / Low Value,86.35557780508863,28.78519260169621,57.57038520339242,44.37673841421063
16998,Long Tail / Low Value,76.08753072193387,25.362510240644625,50.72502048128925,39.10291770782179
16999,Mid Value,404.8427177417404,134.94757258058013,269.89514516116026,208.77398504925637
17001,High Value,988.6622719913248,329.55409066377496,659.1081813275499,507.8311205559244
17002,Mid Value,434.89049007055496,144.963496690185,289.92699338037,223.54119782744385
17004,Mid Value,593.1062801103454,197.70209337011514,395.4041867402303,305.72712136445153
17006,Mid Value,536.0821023287905,178.69403410959683,357.38806821919366,276.35663768448825
17007,Long Tail / Low Value,244.55581319747898,81.51860439915966,163.0372087983193,125.62743171303579
17010,Mid Value,508.9181943523766,169.63939811745885,339.2787962349177,263.0808842789102
17011,Mid Value,433.8852058450053,144.6284019483351,289.2568038966702,224.1865403305663
17014,Mid Value,513.9810449389046,171.32701497963487,342.65402995926974,265.0540929625176
17015,High Value,847.896880861574,282.63229362052465,565.2645872410493,436.2928271742141
17017,Whales,2023.5983819919438,674.5327939973146,1349.0655879946291,1039.3060340807833
17018,Mid Value,290.88572778463106,96.96190926154368,193.92381852308736,149.50411808471426
17019,Mid Value,291.09417748836677,97.03139249612225,194.0627849922445,149.53598290207185
17022,Mid Value,429.43601897250034,143.1453396575001,286.2906793150002,221.88067841231864
17024,Long Tail / Low Value,49.338561452016435,16.446187150672145,32.89237430134429,25.397263832385605
17025,Long Tail / Low Value,78.18421697853779,26.061405659512598,52.122811319025196,40.16535818591371
17026,Long Tail / Low Value,61.44115903848274,20.480386346160913,40.960772692321825,31.569263095160874
17027,Long Tail / Low Value,227.12371924371828,75.70790641457276,151.41581282914552,116.70275759709813
17029,Mid Value,260.52128356947907,86.84042785649302,173.68085571298604,133.99959061598935
17030,Mid Value,308.8456163031678,102.9485387677226,205.8970775354452,159.40722330258882
17031,Long Tail / Low Value,162.1016612717487,54.0338870905829,108.0677741811658,83.46239597905027
17033,Mid Value,267.8327096517668,89.27756988392225,178.5551397678445,137.6044223072803
17034,Mid Value,273.31755653436295,91.10585217812098,182.21170435624197,140.49321422796461
17035,Long Tail / Low Value,94.3696769124193,31.45655897080643,62.91311794161286,48.50742173794418
17037,Mid Value,256.0047839886679,85.33492799622263,170.66985599244526,132.05204054368286
17038,Mid Value,433.9588554756854,144.65295182522848,289.30590365045697,224.22471087240947
17040,Long Tail / Low Value,188.3822406620539,62.794080220684634,125.58816044136927,97.07130371131178
17041,Mid Value,285.4450480766573,95.14834935888577,190.29669871777153,146.6521534907522
17042,Mid Value,329.24142092584583,109.74714030861527,219.49428061723054,169.27489946958315
17043,Mid Value,663.978169941302,221.32605664710067,442.65211329420134,341.33534749046913
17044,Mid Value,462.37279198306163,154.12426399435387,308.24852798870774,238.95190236388532
17045,Long Tail / Low Value,151.0503542188498,50.35011807294993,100.70023614589986,77.67142758725475
17046,Long Tail / Low Value,170.5739300926531,56.85797669755103,113.71595339510206,87.86582782574493
17047,Mid Value,388.02371136600965,129.3412371220032,258.6824742440064,199.61312394854178
17048,Mid Value,263.51747358710713,87.83915786236905,175.6783157247381,135.41199723030797
17049,Whales,1664.506183376055,554.8353944586851,1109.6707889173701,855.4898991117655
17050,High Value,1042.845048898735,347.6150162995784,695.2300325991567,535.9131043184237
17051,Long Tail / Low Value,145.0104227467427,48.336807582247566,96.67361516449513,74.65779978622331
17052,Mid Value,445.06592159915965,148.35530719971987,296.71061439943975,229.98135605136278
17053,Long Tail / Low Value,195.59684893722633,65.1989496457421,130.3978992914842,100.80158003627605
17054,Mid Value,446.04440424875395,148.68146808291797,297.36293616583595,229.33166300007983
17058,Mid Value,310.93059318695083,103.64353106231694,207.28706212463388,159.89541001515565
17059,High Value,711.9598247310882,237.31994157702943,474.63988315405885,365.71678503519325
17060,Long Tail / Low Value,112.28951251631175,37.42983750543725,74.8596750108745,57.76493379805777
17061,Whales,1335.722845952718,445.240948650906,890.481897301812,686.7572417169724
17062,Long Tail / Low Value,55.56566616761789,18.5218887225393,37.0437774450786,28.544081626363425
17063,Mid Value,444.98795974927947,148.3293199164265,296.658639832853,228.68890652574896
17064,Mid Value,286.98558101935555,95.66186033978518,191.32372067957036,147.4754053288002
17068,High Value,1129.5623442416675,376.52078141388915,753.0415628277783,580.1474876676272
17069,Mid Value,658.9149188484892,219.63830628282972,439.27661256565943,338.4328734470586
17070,Long Tail / Low Value,214.71823590266266,71.57274530088755,143.1454906017751,110.69045918251814
17071,Mid Value,675.0221583374681,225.00738611248937,450.01477222497874,346.8450638116637
17073,High Value,833.263623432705,277.754541144235,555.50908228847,429.2340775297357
17075,Long Tail / Low Value,237.89309598259598,79.29769866086532,158.59539732173064,122.24649898364015
17076,Mid Value,254.07261566497485,84.69087188832495,169.3817437766499,130.53081665796253
17078,Long Tail / Low Value,26.892196566520887,8.964065522173629,17.928131044347257,13.883951199418462
17079,Mid Value,273.9185088395066,91.30616961316888,182.61233922633775,141.32407449803364
17080,Long Tail / Low Value,141.71771906514036,47.23923968838012,94.47847937676023,72.869963562021
17081,Mid Value,385.5469586055009,128.5156528685003,257.0313057370006,198.9822583945334
17082,High Value,784.0516787833293,261.3505595944431,522.7011191888862,402.99360706339235
17083,Mid Value,304.1478308608685,101.38261028695617,202.76522057391233,156.32150962986753
17084,Whales,1948.1667851169054,649.3889283723018,1298.7778567446037,1005.8327292865828
17085,Mid Value,335.8989167952101,111.96630559840337,223.93261119680673,172.55033402532425
17086,Whales,1735.812967397188,578.6043224657293,1157.2086449314586,895.0151088571777
17088,Mid Value,432.9921495536151,144.3307165178717,288.6614330357434,222.61618460345665
17090,Mid Value,562.2156992813012,187.40523309376707,374.81046618753413,288.80670091319803
17091,High Value,971.802738234757,323.93424607825233,647.8684921565047,499.15495918279566
17092,Mid Value,672.4869140788245,224.1623046929415,448.324609385883,345.67741342752987
17094,Long Tail / Low Value,95.53977317725699,31.846591059085664,63.69318211817133,49.12464542863695
17095,Mid Value,401.1100080490373,133.70333601634576,267.4066720326915,206.11126337345664
17096,Mid Value,385.35967420953324,128.4532247365111,256.9064494730222,198.11265593181216
17097,Long Tail / Low Value,219.47769440211593,73.15923146737198,146.31846293474396,112.73506759298249
17100,Long Tail / Low Value,106.33766451568358,35.44588817189453,70.89177634378906,54.93819474415137
17101,High Value,819.4309544108786,273.14365147029287,546.2873029405857,421.6431130656578
17102,Long Tail / Low Value,114.02525078018192,38.00841692672731,76.01683385345461,58.6606095813525
17105,Long Tail / Low Value,201.60002011304343,67.20000670434781,134.40001340869563,103.6294232389817
17107,Whales,3361.788194587819,1120.5960648626062,2241.1921297252125,1727.890057691689
17109,Long Tail / Low Value,207.66209493962037,69.2206983132068,138.4413966264136,106.77802956053065
17110,Long Tail / Low Value,164.26506789538078,54.755022631793594,109.51004526358719,84.60546714043237
17111,Mid Value,359.6972992521449,119.89909975071497,239.79819950142993,185.74521460803936
17114,Long Tail / Low Value,200.8767277545193,66.95890925150643,133.91781850301285,103.20012898843585
17115,Mid Value,284.45877296879485,94.81959098959828,189.63918197919656,146.29139411120642
17117,Long Tail / Low Value,105.0600444841157,35.02001482803857,70.04002965607714,54.03497456566227
17118,Long Tail / Low Value,96.81968909346892,32.27322969782298,64.54645939564595,49.7846883196408
17119,Long Tail / Low Value,120.4244528389105,40.141484279636835,80.28296855927367,62.12680771798578
17120,Long Tail / Low Value,125.265946726382,41.75531557546066,83.51063115092133,64.46228545496591
17122,Long Tail / Low Value,208.33179906862716,69.44393302287573,138.88786604575145,107.38727922503482
17123,Long Tail / Low Value,167.26539532986715,55.755131776622385,111.51026355324477,86.155951975502
17124,Long Tail / Low Value,150.48879633234907,50.162932110783025,100.32586422156605,77.48765495454747
17125,Mid Value,348.92508032390214,116.30836010796737,232.61672021593475,180.16500230530943
17126,Long Tail / Low Value,233.86991199785598,77.95663733261866,155.9132746652373,120.13829094543428
17128,Long Tail / Low Value,92.57098586153192,30.85699528717731,61.71399057435462,47.59379803701219
17131,Whales,1672.1048725796707,557.3682908598902,1114.7365817197804,861.9333353333926
17133,Whales,1574.3628048968146,524.7876016322715,1049.575203264543,809.2495308486702
17134,Long Tail / Low Value,64.75351111122852,21.58450370374284,43.16900740748568,33.297154215810465
17135,Mid Value,260.8709754211034,86.95699180703447,173.91398361406894,133.99430979203441
17138,Long Tail / Low Value,109.1907908747335,36.39693029157783,72.79386058315566,56.16606615684891
17139,Whales,2632.664972806254,877.554990935418,1755.109981870836,1352.906163745149
17140,Long Tail / Low Value,119.39441849910543,39.79813949970181,79.59627899940362,61.43154087931264
17142,Long Tail / Low Value,122.7464693224704,40.9154897741568,81.8309795483136,63.16172150551912
17144,Mid Value,610.1339053236902,203.37796844123008,406.75593688246016,314.56250297157465
17146,Long Tail / Low Value,167.77188720509764,55.923962401699214,111.84792480339843,86.19667745991703
17147,Mid Value,487.2671529196752,162.4223843065584,324.8447686131168,250.40315982633896
17148,Mid Value,344.881879560361,114.96062652012034,229.92125304024069,178.07066282593325
17152,Mid Value,596.2519978684556,198.7506659561519,397.5013319123038,306.5536095990884
17153,Mid Value,468.2805742060949,156.09352473536498,312.18704947072996,242.01420753015327
17154,Mid Value,280.20720749138434,93.40240249712811,186.80480499425622,144.57950830801673
17155,Long Tail / Low Value,103.3625930294721,34.4541976764907,68.9083953529814,53.2014800129197
17157,Long Tail / Low Value,149.69197343190416,49.89732447730139,99.79464895460278,77.04879933162657
17158,Mid Value,317.2612336890127,105.75374456300425,211.5074891260085,162.99830485300632
17159,High Value,691.4532652592263,230.48442175307545,460.9688435061509,355.8583006210374
17160,Whales,1208.5927378885092,402.8642459628364,805.7284919256728,621.3926456994984
17162,Mid Value,411.4358230243259,137.14527434144196,274.2905486828839,211.4109525163562
17163,Mid Value,281.1017827319502,93.7005942439834,187.4011884879668,144.94724592741773
17164,Mid Value,672.9158846908634,224.30529489695448,448.61058979390896,345.87016630445135
17165,Long Tail / Low Value,106.34148794511549,35.44716264837183,70.89432529674366,54.69604905523581
17166,Long Tail / Low Value,68.06056016802533,22.686853389341778,45.373706778683555,35.019717853057145
17169,Mid Value,473.66628965328255,157.88876321776084,315.7775264355217,243.78044773475023
17171,Long Tail / Low Value,104.78790053246327,34.929300177487754,69.85860035497551,53.89458425960912
17172,Mid Value,273.39655022515535,91.13218340838512,182.26436681677023,141.05388522719264
17173,Whales,2106.111283058323,702.0370943527743,1404.0741887055485,1084.3009989418008
17174,Long Tail / Low Value,132.612277740658,44.20409258021933,88.40818516043866,68.25505997540033
17175,Mid Value,359.7533232199678,119.91777440665594,239.83554881331187,184.89557317529514
17176,Long Tail / Low Value,140.97952947650333,46.99317649216778,93.98635298433555,72.57589854953294
17179,Long Tail / Low Value,169.0979361330623,56.365978711020766,112.73195742204153,86.87641287957138
17180,Long Tail / Low Value,198.5537289258811,66.18457630862703,132.36915261725406,102.03197946355421
17181,Long Tail / Low Value,43.780150245665546,14.59338341522185,29.1867668304437,22.49426056543263
17183,Whales,2345.479831993896,781.826610664632,1563.653221329264,1208.179826799766
17186,Long Tail / Low Value,139.26745038745042,46.42248346248348,92.84496692496695,71.84598222229131
17187,Long Tail / Low Value,128.35526789218076,42.78508929739359,85.57017859478718,66.05714293709488
17188,Mid Value,564.6360945367962,188.2120315122654,376.4240630245308,290.0361690474416
17189,Long Tail / Low Value,82.19380192784945,27.397933975949815,54.79586795189963,42.23491921239207
17190,Long Tail / Low Value,205.55196996541926,68.51732332180642,137.03464664361283,105.7596233095899
17191,Mid Value,473.94152939642834,157.98050979880944,315.9610195976189,243.44078088404856
17193,High Value,726.372777892324,242.12425929744134,484.2485185948827,373.7204018916019
17194,Long Tail / Low Value,6.4297054333144645,2.143235144438155,4.28647028887631,3.3038499710252758
17197,Mid Value,438.58228922781564,146.19409640927188,292.38819281854376,226.6209360371767
17198,Long Tail / Low Value,153.01722696638151,51.00574232212717,102.01148464425434,78.61001820100682
17201,Mid Value,338.58534512832034,112.86178170944011,225.72356341888022,174.80924680346644
17203,Whales,2427.1511821861413,809.0503940620471,1618.1007881240942,1251.590904798714
17204,Mid Value,296.35479677080815,98.78493225693605,197.5698645138721,152.352783621331
17205,Mid Value,338.69943297066095,112.89981099022032,225.79962198044063,174.86833946605628
17206,Mid Value,338.7867287594694,112.9289095864898,225.8578191729796,174.91355501717027
17211,Mid Value,567.1149558125003,189.03831860416676,378.0766372083335,291.2926527331109
17212,Long Tail / Low Value,117.15383857955665,39.05127952651888,78.10255905303777,60.275157426047535
17213,High Value,701.9652273142382,233.98840910474607,467.97681820949214,360.56952129125693
17214,Mid Value,263.7976811955897,87.9325603985299,175.8651207970598,135.51033241344135
17217,Long Tail / Low Value,124.86538240285333,41.62179413428444,83.24358826856889,64.25550577847864
17218,Mid Value,452.1098948059643,150.70329826865478,301.40659653730955,232.2173597061215
17219,Mid Value,428.1990399849229,142.73301332830763,285.46602665661527,221.2396039034317
17220,High Value,762.8902729332023,254.29675764440074,508.5935152888015,391.841548665218
17221,Mid Value,494.5829592403161,164.8609864134387,329.7219728268774,255.34373407948416
17222,Mid Value,304.13919234812494,101.37973078270831,202.75946156541661,156.970161554773
17223,Long Tail / Low Value,55.973077873232484,18.657692624410828,37.315385248821656,28.759878320977304
17226,Long Tail / Low Value,99.2242499758347,33.0747499919449,66.1494999838898,51.02479386075082
17227,Long Tail / Low Value,232.84587105875025,77.61529035291674,155.2305807058335,119.60425701179099
17228,Mid Value,475.3929993475513,158.46433311585045,316.9286662317009,244.17666040722995
17229,Long Tail / Low Value,173.15802754058777,57.719342513529256,115.43868502705851,89.1721257226723
17230,Long Tail / Low Value,55.57742489764806,18.52580829921602,37.05161659843204,28.548409724054128
17231,High Value,797.7654572157884,265.92181907192946,531.8436381438589,409.7729804538044
17232,High Value,683.6568996281724,227.8856332093908,455.7712664187816,353.2623155664734
17233,Mid Value,409.02776720226626,136.3425890674221,272.6851781348442,211.30448351790392
17234,Long Tail / Low Value,152.3370541054703,50.77901803515676,101.55803607031352,78.44246120392998
17235,Long Tail / Low Value,105.8851167334159,35.29503891113863,70.59007782227727,54.404162427908794
17236,Long Tail / Low Value,234.19090885168168,78.0636362838939,156.1272725677878,120.29937822133984
17237,Long Tail / Low Value,212.55428818325112,70.85142939441704,141.70285878883408,109.79496985275154
17238,High Value,896.3952001812456,298.7984000604152,597.5968001208304,460.38940520337025
17239,Long Tail / Low Value,98.11429857291984,32.70476619097328,65.40953238194656,50.4523432329239
17242,Mid Value,379.5718052889932,126.52393509633106,253.04787019266212,195.36082198059984
17243,Whales,2110.23577514545,703.4119250484833,1406.8238500969667,1083.808157925762
17244,Mid Value,339.0421605363194,113.01405351210646,226.02810702421291,175.0458581239852
17245,Long Tail / Low Value,139.29040844095778,46.43013614698592,92.86027229397185,71.70355759412192
17247,Mid Value,532.0122194842419,177.33740649474728,354.67481298949457,275.0544229027812
17248,Long Tail / Low Value,207.0754922871902,69.02516409573006,138.05032819146012,106.73753495865948
17250,Long Tail / Low Value,151.1282443062403,50.37608143541343,100.75216287082687,77.71450353846534
17251,Long Tail / Low Value,86.3282150143711,28.776071671457032,57.552143342914064,44.375360753384676
17252,Long Tail / Low Value,13.352293902486247,4.450764634162082,8.901529268324165,6.8717309842916094
17253,Mid Value,508.3605796246499,169.45352654154996,338.9070530830999,262.79179124074926
17254,Mid Value,333.8483989714952,111.28279965716507,222.56559931433014,172.5006409927306
17255,Long Tail / Low Value,112.56208409861568,37.52069469953856,75.04138939907712,57.86397999806737
17256,Long Tail / Low Value,66.57785542473552,22.19261847491184,44.38523694982368,34.221780283486616
17259,Long Tail / Low Value,107.65629340574141,35.88543113524714,71.77086227049428,55.31553834653779
17262,Mid Value,299.3346677225727,99.7782225741909,199.5564451483818,153.76379996544887
17263,Long Tail / Low Value,137.2412425871175,45.747080862372506,91.49416172474501,70.64532692414303
17265,Long Tail / Low Value,150.9166127785695,50.305537592856496,100.61107518571299,77.67483174391472
17266,Long Tail / Low Value,143.39355063467232,47.79785021155744,95.59570042311488,73.8238359520767
17267,Long Tail / Low Value,10.744830162849238,3.5816100542830793,7.163220108566159,5.534759841992844
17268,Mid Value,278.7491012257077,92.9163670752359,185.8327341504718,143.32535015303645
17272,Mid Value,641.3083648086016,213.76945493620053,427.53890987240106,329.69247978537675
17274,Mid Value,408.8643360355529,136.28811201185098,272.57622402370197,211.21979321601023
17277,Long Tail / Low Value,187.11119028526,62.370396761753334,124.74079352350667,96.17016152929871
17278,Long Tail / Low Value,121.82194018387847,40.60731339462615,81.2146267892523,62.68450184740781
17279,Mid Value,326.1849646099117,108.72832153663722,217.45664307327445,168.3866974053071
17282,Mid Value,410.35587204989577,136.7852906832986,273.5705813665972,210.9151877167298
17284,Mid Value,292.7599433122953,97.58664777076511,195.17329554153022,150.4094128032325
17286,Mid Value,487.337425715593,162.44580857186432,324.89161714372864,251.89289480682112
17287,Mid Value,263.1989456618767,87.73298188729223,175.46596377458445,135.189377072854
17288,Mid Value,373.8385143846816,124.61283812822721,249.22567625645442,192.03389685134434
17289,Mid Value,504.4383858209579,168.14612860698597,336.29225721397194,259.5799980469837
17290,Mid Value,522.7002662138817,174.23342207129392,348.46684414258783,270.07016606278626
17291,Long Tail / Low Value,99.23797147229129,33.079323824097095,66.15864764819419,51.03187079555144
17293,Mid Value,421.2647517409347,140.4215839136449,280.8431678272898,216.38542544188175
17295,Mid Value,352.44769149884087,117.48256383294695,234.9651276658939,181.76327485869976
17297,Mid Value,516.3017089401877,172.10056964672924,344.2011392934585,266.9088954589813
17298,Mid Value,448.79231802093676,149.59743934031226,299.1948786806245,231.1886469543686
17299,Mid Value,305.44851269080436,101.81617089693479,203.63234179386959,157.18086431440346
17301,Mid Value,487.5980291520121,162.53267638400402,325.06535276800804,252.0279919908029
17302,Mid Value,340.0731440656715,113.35771468855717,226.71542937711433,174.76007398082245
17303,Long Tail / Low Value,86.55748317531295,28.852494391770986,57.70498878354197,44.49354350154422
17306,Whales,2228.3650768629536,742.7883589543179,1485.5767179086358,1144.6018071522556
17309,Long Tail / Low Value,242.28651992847222,80.76217330949073,161.52434661898147,124.9529066535232
17311,Mid Value,475.70985201374003,158.5699506712467,317.1399013424934,244.51274814527127
17312,Mid Value,311.3909968901693,103.79699896338975,207.5939979267795,160.28568592867353
17313,Mid Value,429.1333032522927,143.0444344174309,286.0888688348618,221.72379312063987
17314,High Value,745.107629051583,248.369209683861,496.738419367722,382.8546728123566
17315,Whales,1601.191228606337,533.7304095354457,1067.4608190708914,822.4119825814524
17317,Mid Value,611.3633749200278,203.78779164000926,407.5755832800185,315.0939592106923
17320,Mid Value,271.5338181537221,90.51127271790737,181.02254543581475,139.49842359608743
17321,Long Tail / Low Value,79.57376207755141,26.5245873591838,53.0491747183676,41.04287668728544
17323,Mid Value,265.6256630644129,88.54188768813763,177.08377537627527,136.50765467315244
17324,Mid Value,279.45700396997717,93.15233465665905,186.3046693133181,143.55961472510182
17325,Long Tail / Low Value,107.57056454867536,35.85685484955845,71.7137096991169,55.33013765591246
17329,Long Tail / Low Value,163.7428820671581,54.580960689052695,109.16192137810539,84.16385275289335
17330,Long Tail / Low Value,181.02247211804305,60.34082403934769,120.68164807869537,93.36848848158034
17331,Long Tail / Low Value,203.45886797901358,67.8196226596712,135.6392453193424,104.8671431641194
17333,Mid Value,259.52390786899616,86.50796928966538,173.01593857933076,133.87336449717168
17334,Long Tail / Low Value,6.0311472288611245,2.010382409620375,4.02076481924075,3.100166568760679
17337,Mid Value,357.2547806956094,119.08492689853647,238.16985379707293,183.592456527328
17338,Whales,1618.840414482921,539.613471494307,1079.226942988614,831.538944476515
17339,Long Tail / Low Value,94.36094548070719,31.453648493569062,62.907296987138125,48.485094295313196
17340,Whales,2607.9044890255404,869.3014963418468,1738.6029926836936,1339.5024717223514
17341,Long Tail / Low Value,96.17807411895156,32.05935803965052,64.11871607930104,49.41130600113273
17343,Long Tail / Low Value,87.84237289470417,29.28079096490139,58.56158192980278,45.15589856302228
17344,Mid Value,362.9000744938856,120.96669149796186,241.93338299592372,187.4043958255689
17345,Long Tail / Low Value,239.85687182195272,79.95229060731758,159.90458121463516,123.39197947333719
17346,Mid Value,645.9105855685715,215.30352852285716,430.6070570457143,331.7390819436047
17347,Mid Value,257.8842172384052,85.96140574613507,171.92281149227014,133.02473237094705
17348,Mid Value,363.74110252592317,121.24703417530772,242.49406835061544,186.93392595031798
17349,Long Tail / Low Value,154.3934786978011,51.464492899267036,102.92898579853407,79.504857050985
17350,Whales,1484.5853807322242,494.86179357740804,989.7235871548161,765.8348141829736
17351,Long Tail / Low Value,183.79452981451402,61.264843271504674,122.52968654300935,94.4868702873225
17353,High Value,835.4847223316035,278.4949074438678,556.9898148877356,430.1735780292663
17354,Mid Value,348.3392892398317,116.11309641327723,232.22619282655447,179.86156415784677
17356,Long Tail / Low Value,98.39942538198635,32.79980846066211,65.59961692132423,50.59939323189861
17357,Long Tail / Low Value,26.194590844629058,8.73153028154302,17.46306056308604,13.529817617494995
17358,Long Tail / Low Value,55.183228540461045,18.394409513487016,36.78881902697403,28.356355141043686
17359,Mid Value,565.7538686353544,188.58462287845146,377.1692457569029,292.5501934597233
17360,Long Tail / Low Value,162.07900410508782,54.02633470169594,108.05266940339187,83.40041478376394
17361,Long Tail / Low Value,198.02785995620565,66.00928665206855,132.0185733041371,101.78886161748154
17362,Long Tail / Low Value,89.21904295855371,29.73968098618457,59.47936197236914,45.860581451720904
17364,Whales,1191.8784540350073,397.2928180116691,794.5856360233382,612.3175062059903
17365,Whales,1228.7848515670585,409.5949505223528,819.1899010447056,631.2947254081615
17367,Long Tail / Low Value,123.09739084191511,41.03246361397171,82.06492722794341,63.34286239254249
17368,Mid Value,395.4053210421855,131.8017736807285,263.603547361457,203.13501244487279
17370,Long Tail / Low Value,202.9273399386606,67.6424466462202,135.2848932924404,104.4298624433012
17371,Long Tail / Low Value,122.0303917781652,40.6767972593884,81.3535945187768,62.6948232415772
17372,Mid Value,329.6132737121643,109.8710912373881,219.7421824747762,169.3092182099186
17373,Long Tail / Low Value,187.32496484353413,62.44165494784471,124.88330989568942,96.26435123482959
17374,Long Tail / Low Value,179.85202570817953,59.950675236059844,119.90135047211969,92.46871532029502
17375,Long Tail / Low Value,103.95766817877434,34.65255605959145,69.3051121191829,53.40970741464169
17376,Long Tail / Low Value,58.61234570208558,19.53744856736186,39.07489713472372,30.127636572594014
17377,High Value,976.7456963034571,325.58189876781904,651.1637975356381,501.6472671964499
17379,Mid Value,565.4965124469204,188.4988374823068,376.9976749646136,292.4167412886707
17381,Whales,5054.609092486908,1684.8696974956358,3369.7393949912716,2595.9739321397856
17382,Mid Value,304.0436868870048,101.3478956290016,202.6957912580032,156.92070839463838
17383,Mid Value,638.5208098331193,212.8402699443731,425.6805398887462,330.2876321761216
17384,Long Tail / Low Value,87.76772774984047,29.255909249946825,58.51181849989365,45.15171573242141
17385,Mid Value,538.6476604132179,179.5492201377393,359.0984402754786,278.4948814379094
17386,Whales,1267.6370823962734,422.5456941320911,845.0913882641822,652.3181146207543
17387,High Value,1087.2451793055927,362.4150597685309,724.8301195370618,561.3789123652415
17388,Mid Value,348.4057072778325,116.1352357592775,232.270471518555,179.0758415209824
17389,Whales,8812.124694007878,2937.374898002626,5874.749796005252,4526.867265582656
17391,Long Tail / Low Value,87.72454212499541,29.241514041665138,58.483028083330275,45.16070885392096
17392,Long Tail / Low Value,66.38351642705493,22.12783880901831,44.25567761803662,34.11110518200952
17394,Long Tail / Low Value,131.67001981766217,43.890006605887386,87.78001321177477,67.76854342602944
17396,Whales,1909.0437794775455,636.3479264925152,1272.6958529850303,980.5484845810555
17397,High Value,1089.6496966329307,363.21656554431024,726.4331310886205,562.8598163952787
17398,Long Tail / Low Value,170.68743005248632,56.89581001749544,113.79162003499088,87.76247789211571
17400,Mid Value,514.3330689100197,171.4443563033399,342.8887126066798,264.2261144634095
17402,Mid Value,625.1583424685989,208.38611415619962,416.77222831239925,321.0911230334623
17403,Mid Value,404.6031443419418,134.86771478064728,269.73542956129455,209.0116647194592
17404,Whales,8210.923696095899,2736.9745653652994,5473.949130730599,4217.433820608535
17405,Mid Value,484.70342766637447,161.56780922212482,323.13561844424964,249.5304588699357
17406,Mid Value,313.9332738813881,104.64442462712937,209.28884925425874,161.2825453086612
17408,Long Tail / Low Value,165.78386696591585,55.26128898863862,110.52257797727724,85.3903268947696
17409,Mid Value,340.2615710085698,113.42052366952326,226.84104733904653,174.9937238128606
17410,Mid Value,435.0895047793298,145.02983492644327,290.05966985288654,223.76686876116042
17411,Long Tail / Low Value,242.33855466294784,80.77951822098261,161.55903644196522,124.59666101671593
17412,Mid Value,299.04949240440493,99.68316413480164,199.3663282696033,153.6037836391186
17414,Long Tail / Low Value,163.70388798848927,54.56796266282976,109.13592532565951,84.25183175202397
17415,Mid Value,271.59537366854454,90.53179122284818,181.06358244569637,140.12152712183547
17416,Whales,1704.3581093800187,568.1193697933396,1136.2387395866792,875.9613154373853
17418,Long Tail / Low Value,168.97118397139323,56.32372799046441,112.64745598092883,86.84603176005308
17419,High Value,1034.334993702904,344.77833123430133,689.5566624686027,531.2601767658716
17420,Long Tail / Low Value,168.9991759933971,56.3330586644657,112.6661173289314,86.81934874882887
17422,Mid Value,583.051661857281,194.35055395242702,388.70110790485404,299.6343925815951
17423,Long Tail / Low Value,197.71367863099798,65.904559543666,131.809119087332,101.7148445404456
17425,Long Tail / Low Value,138.48454717557834,46.16151572519278,92.32303145038556,71.44198810445275
17426,Whales,1407.4591081127724,469.15303603759077,938.3060720751815,723.3821236253292
17427,Mid Value,289.08421524304663,96.36140508101555,192.7228101620311,149.1751845199425
17428,Whales,4304.822274717542,1434.9407582391807,2869.8815164783614,2210.944663735862
17429,Long Tail / Low Value,184.7664451889318,61.58881506297727,123.17763012595454,95.03631977758587
17430,Long Tail / Low Value,79.64442678641328,26.54814226213776,53.09628452427552,40.923348924228385
17431,Long Tail / Low Value,97.90144457501505,32.63381485833835,65.2676297166767,50.342567971826185
17432,Mid Value,457.20914904363855,152.40304968121285,304.8060993624257,236.04000843793284
17433,Mid Value,254.30104348038833,84.76701449346278,169.53402898692556,131.1702968647832
17434,Whales,1627.4752647108608,542.4917549036203,1084.9835098072406,838.6629797975068
17436,Long Tail / Low Value,74.36560428188231,24.78853476062744,49.57706952125488,38.254075455306904
17438,Long Tail / Low Value,117.00623934821407,39.00207978273802,78.00415956547604,60.198983139002344
17440,Long Tail / Low Value,34.85861300903247,11.61953766967749,23.23907533935498,17.924606643115528
17442,Mid Value,644.9762768337039,214.9920922779013,429.9841845558026,331.4728695624344
17443,Long Tail / Low Value,131.6179722824292,43.872657427476405,87.74531485495281,67.74167008309351
17444,High Value,1032.8520344719934,344.28401149066445,688.5680229813289,531.5526394091652
17446,Long Tail / Low Value,31.935938530079753,10.645312843359918,21.290625686719835,16.415683797658904
17447,Mid Value,291.8890223780649,97.2963407926883,194.5926815853766,150.535486639799
17449,Mid Value,532.5658665918891,177.5219555306297,355.0439110612594,273.56738704936754
17450,Whales,48941.82587242969,16313.941957476563,32627.883914953127,25136.17541959855
17451,High Value,1042.7484798094079,347.58282660313597,695.1656532062719,537.1117712547007
17453,Mid Value,269.44853875958364,89.81617958652788,179.63235917305576,138.98950695716027
17454,Long Tail / Low Value,110.2328486534942,36.74428288449807,73.48856576899614,56.629964012204304
17455,Long Tail / Low Value,139.8749561165012,46.62498537216707,93.24997074433414,72.00544076389258
17456,Long Tail / Low Value,85.74638965007946,28.582129883359823,57.164259766719645,44.07544790400522
17457,Mid Value,429.3688203761675,143.12294012538916,286.2458802507783,220.59703095275108
17458,Mid Value,531.2365192462186,177.0788397487395,354.157679497479,274.6522297075474
17459,Mid Value,666.9858303129582,222.3286101043194,444.6572202086388,344.0896461051484
17460,Long Tail / Low Value,172.24972164994134,57.41657388331378,114.83314776662756,88.47584657725024
17461,Mid Value,662.4331163185858,220.81103877286193,441.62207754572387,342.01300106662984
17462,Long Tail / Low Value,135.49457876969072,45.164859589896906,90.32971917979381,69.66122519808009
17463,Mid Value,413.41250606112175,137.80416868704057,275.60833737408115,212.43653525255283
17464,Long Tail / Low Value,169.72854137072989,56.57618045690996,113.15236091381992,87.42891290057176
17466,Mid Value,496.9201555584197,165.64005185280658,331.28010370561316,256.23001655106725
17468,Long Tail / Low Value,107.31945209286245,35.773150697620814,71.54630139524163,55.454645075462636
17469,High Value,776.4599522301435,258.8199840767145,517.639968153429,399.38131315622496
17470,Mid Value,287.35553578686245,95.78517859562082,191.57035719124164,147.609307353899
17472,Long Tail / Low Value,183.90057646038858,61.30019215346286,122.60038430692572,94.52152430838953
17475,Mid Value,271.7749932723194,90.59166442410647,181.18332884821294,140.21450428668595
17480,Mid Value,275.6901831034255,91.89672770114184,183.79345540228368,142.2411843494679
17481,High Value,928.9679694389359,309.65598981297865,619.3119796259573,478.69066897532775
17483,Long Tail / Low Value,168.4583119628032,56.152770654267734,112.30554130853547,86.68421955284136
17486,Long Tail / Low Value,114.08369078381112,38.02789692793704,76.05579385587409,58.69076672635586
17489,Long Tail / Low Value,136.62269894756542,45.540899649188475,91.08179929837695,70.29028929407187
17490,High Value,933.0182908950263,311.0060969650088,622.0121939300176,480.0397631596071
17491,High Value,878.8094990901495,292.9364996967165,585.872999393433,451.3854654503962
17492,Long Tail / Low Value,119.02780121447444,39.67593373815814,79.35186747631629,61.24232058104501
17495,Mid Value,371.6583786798053,123.88612622660177,247.77225245320355,191.86517266760995
17496,Long Tail / Low Value,87.14513293356019,29.048377644520063,58.096755289040125,44.79646969792957
17498,Mid Value,280.08953004951735,93.36317668317245,186.7263533663449,144.51858890023885
17499,Long Tail / Low Value,104.69382163440814,34.897940544802715,69.79588108960543,53.84605231532081
17500,Whales,1589.5743267371683,529.8581089123894,1059.7162178247788,820.6905771641499
17501,Long Tail / Low Value,26.714053626837966,8.904684542279321,17.809369084558643,13.74273494178528
17502,High Value,776.118768849942,258.70625628331396,517.4125125666279,400.66810666788774
17503,Mid Value,521.3321589954902,173.77738633183006,347.5547726636601,269.13251754147507
17504,Long Tail / Low Value,201.7909467635687,67.26364892118957,134.52729784237914,103.6765452644844
17505,Mid Value,507.66882935586807,169.22294311862268,338.44588623724536,261.20863765280774
17506,Mid Value,280.01927659436296,93.33975886478765,186.6795177295753,144.48222003845314
17507,Long Tail / Low Value,138.77471172269287,46.25823724089762,92.51647448179524,71.33347564845215
17508,Long Tail / Low Value,107.50362444673178,35.83454148224393,71.66908296448786,55.29560209049616
17509,Whales,3548.9753256250197,1182.99177520834,2365.98355041668,1829.8148405631437
17510,Mid Value,467.32959142914285,155.77653047638094,311.5530609527619,241.52125903389748
17511,Whales,22382.973833037307,7460.9912776791025,14921.982555358205,11495.474860662951
17512,High Value,782.2281579673881,260.74271932246273,521.4854386449255,401.9494065710579
17513,Mid Value,287.26133046094066,95.75377682031355,191.5075536406271,148.2314326807052
17514,Long Tail / Low Value,198.00514280736726,66.00171426912242,132.00342853824483,102.04688422789187
17515,Long Tail / Low Value,150.16693220927664,50.05564406975888,100.11128813951775,77.16600233732419
17516,Long Tail / Low Value,169.680120033261,56.560040011087004,113.12008002217401,87.21018784143084
17517,Long Tail / Low Value,99.22348778192466,33.07449592730822,66.14899185461644,51.02440075529862
17519,Mid Value,440.0096250266726,146.66987500889087,293.33975001778174,226.01678568796876
17520,Mid Value,338.60547266441677,112.86849088813892,225.73698177627784,174.81967200948816
17521,Mid Value,343.84009679334116,114.61336559778039,229.22673119556077,176.8957587761234
17522,Mid Value,436.1917908360854,145.39726361202847,290.79452722405694,224.32669730574196
17523,High Value,885.5399896491317,295.17999654971055,590.3599930994211,457.33741445181533
17524,Long Tail / Low Value,86.56618056758971,28.855393522529905,57.71078704505981,44.49802684191272
17525,Long Tail / Low Value,86.96421107885662,28.988070359618874,57.97614071923775,44.7032058688674
17526,Mid Value,315.97962110516283,105.32654036838761,210.65308073677522,162.32256022324833
17527,Mid Value,323.5387253367751,107.84624177892503,215.69248355785007,166.40012211078235
17528,Whales,2700.9617369210973,900.3205789736991,1800.6411579473981,1392.2897809227366
17530,Mid Value,565.4694836402659,188.48982788008865,376.9796557601773,290.4475975271805
17531,Long Tail / Low Value,147.52528795259687,49.175095984198954,98.35019196839791,75.95680479550371
17534,Mid Value,338.7016707594959,112.90055691983197,225.80111383966394,174.86949854627179
17535,Long Tail / Low Value,107.59991914043378,35.86663971347793,71.73327942695586,55.34528222797427
17536,Long Tail / Low Value,155.70531667525466,51.90177222508489,103.80354445016978,80.18261017037378
17537,Long Tail / Low Value,161.31836392625868,53.77278797541956,107.54557595083912,82.9251356998296
17538,Mid Value,461.80443973355716,153.93481324451906,307.8696264890381,238.6573007518412
17540,Long Tail / Low Value,180.60515062806817,60.20171687602272,120.40343375204544,92.83034825160405
17542,Long Tail / Low Value,111.22020100322118,37.07340033440706,74.14680066881412,57.21317443893825
17545,Mid Value,470.3637328255082,156.78791094183606,313.5758218836721,242.72846891592621
17548,Long Tail / Low Value,125.20518170443697,41.735060568145656,83.47012113629131,64.4309171155994
17549,Mid Value,252.57114489742798,84.19038163247599,168.38076326495198,130.3319307965613
17550,Long Tail / Low Value,50.092610449688635,16.697536816562877,33.395073633125754,25.759080995716527
17551,Long Tail / Low Value,86.98279633832429,28.9942654461081,57.9885308922162,44.7127863929922
17552,Long Tail / Low Value,213.31030168012302,71.10343389337434,142.2068677867487,109.57576506197248
17553,Long Tail / Low Value,196.65531595580256,65.55177198526752,131.10354397053504,101.34889599227218
17554,High Value,751.9683410411925,250.6561136803975,501.312227360795,387.071878945915
17555,Long Tail / Low Value,158.4080576208112,52.802685873603735,105.60537174720747,81.41062014835893
17556,Long Tail / Low Value,138.75288875334965,46.25096291778322,92.50192583556644,71.42596577300752
17557,Mid Value,293.3154638171656,97.77182127238854,195.54364254477707,151.2019850956611
17560,Mid Value,257.016692073528,85.67223069117601,171.34446138235202,132.080086750935
17561,Mid Value,501.1431394090243,167.04771313634143,334.09542627268286,259.0499965743685
17562,Mid Value,435.54307476564827,145.18102492188277,290.36204984376553,224.09706984852113
17564,Mid Value,388.25700341354303,129.4190011378477,258.8380022756954,200.14841590429967
17566,Whales,1311.2292043569464,437.07640145231545,874.1528029046309,677.2356241653376
17567,High Value,1051.6215001063333,350.54050003544444,701.0810000708889,540.1454879329794
17569,Long Tail / Low Value,93.07330139705756,31.02443379901919,62.04886759803838,47.852802435927806
17571,Mid Value,441.51622081491644,147.17207360497216,294.3441472099443,226.91426424966437
17572,Long Tail / Low Value,50.55863177956767,16.85287725985589,33.70575451971178,25.97137048639296
17573,Long Tail / Low Value,218.3533331787372,72.78444439291239,145.56888878582478,112.52804813771715
17574,Long Tail / Low Value,121.35148233729467,40.45049411243156,80.90098822486311,62.44166823568232
17576,High Value,898.6630605541964,299.55435351806545,599.1087070361309,461.56721528535036
17578,Long Tail / Low Value,132.2625625051534,44.08752083505113,88.17504167010226,68.07448975985535
17579,Long Tail / Low Value,190.3049473848069,63.434982461602296,126.86996492320459,97.93071711188689
17580,Long Tail / Low Value,57.51589626936993,19.17196542312331,38.34393084624662,29.5501422319688
17581,Whales,2624.7737849297487,874.9245949765829,1749.8491899531657,1348.0536622085797
17582,Long Tail / Low Value,123.92983200909735,41.30994400303245,82.6198880060649,63.772565131435385
17584,Mid Value,586.669080940724,195.5563603135747,391.1127206271494,302.1978838275086
17585,Long Tail / Low Value,240.28712363257932,80.09570787752644,160.19141575505287,123.45921455283772
17588,Mid Value,445.5320279120442,148.5106759706814,297.0213519413628,229.13001711786913
17589,High Value,834.853531046421,278.28451034880703,556.5690206976141,429.27998203326695
17590,Whales,1858.7745848792883,619.5915282930961,1239.1830565861922,959.3065827193155
17591,Mid Value,513.647268488458,171.21575616281936,342.4315123256387,263.83727920348656
17593,High Value,1027.1074909262377,342.36916364207923,684.7383272841585,527.6538333651349
17594,Mid Value,466.5542546667492,155.5180848889164,311.0361697778328,239.93067941574134
17595,Mid Value,555.6149852076724,185.2049950692241,370.4099901384482,286.8427723130027
17596,High Value,684.9200654930534,228.30668849768446,456.6133769953689,351.81005264496423
17597,Long Tail / Low Value,134.60707119531514,44.86902373177171,89.73804746354342,69.28507648661696
17600,Mid Value,514.739264210621,171.57975473687364,343.1595094737473,266.0988310129939
17601,Long Tail / Low Value,122.74063275379504,40.913544251265016,81.82708850253003,63.15870876559017
17602,Whales,1395.5892961741847,465.1964320580616,930.3928641161232,717.0602903254706
17603,Mid Value,273.8075346994326,91.2691782331442,182.5383564662884,141.2666291587818
17604,Long Tail / Low Value,96.91448600938418,32.30482866979472,64.60965733958945,49.81516002927025
17608,Long Tail / Low Value,22.961722530761637,7.653907510253879,15.307815020507759,11.855888515959768
17609,Long Tail / Low Value,229.34209063386703,76.44736354462235,152.8947270892447,117.83856396202154
17611,High Value,991.7969563976044,330.5989854658681,661.1979709317362,509.4206543245536
17612,Mid Value,607.6572983148907,202.55243277163024,405.1048655432605,312.27666003904744
17613,Whales,1224.1467785447996,408.0489261815999,816.0978523631998,628.9928091254243
17614,Mid Value,326.6899028115779,108.89663427052596,217.79326854105193,168.64820817959364
17615,Long Tail / Low Value,95.7083345359175,31.902778178639167,63.805556357278334,49.22647873711837
17616,Long Tail / Low Value,87.91655804471154,29.30551934823718,58.61103869647436,45.16666672061492
17618,Long Tail / Low Value,241.8977118747749,80.63257062492497,161.26514124984993,124.27760444331545
17619,Long Tail / Low Value,98.16593185971098,32.72197728657033,65.44395457314066,50.478972224901845
17620,Mid Value,320.33779670158293,106.77926556719432,213.55853113438863,165.35849205489353
17621,Mid Value,430.28085515036787,143.4269517167893,286.8539034335786,221.0722732687159
17623,Mid Value,423.12233722088587,141.0407790736286,282.0815581472572,218.60860516062445
17624,Mid Value,350.5352093232061,116.84506977440203,233.69013954880407,180.3334177294306
17625,Mid Value,648.118303492574,216.03943449752467,432.07886899504933,333.2082287270564
17628,Mid Value,267.7324937700795,89.2441645900265,178.488329180053,138.12201544584926
17629,Mid Value,448.56676427545705,149.52225475848567,299.04450951697135,230.4148381565905
17630,Long Tail / Low Value,120.576136728807,40.192045576269,80.384091152538,62.02118435565903
17631,Long Tail / Low Value,123.35935142641972,41.119783808806574,82.23956761761315,63.44182354068779
17633,High Value,777.0264755477912,259.00882518259704,518.0176503651941,400.1818892204661
17634,Mid Value,464.91201825373923,154.9706727512464,309.9413455024928,238.8400167428532
17636,Mid Value,501.6701392575792,167.2233797525264,334.4467595050528,259.32320965167287
17637,Mid Value,266.48989526092487,88.82996508697495,177.6599301739499,137.30150004259298
17639,Long Tail / Low Value,108.90714618975404,36.30238206325135,72.6047641265027,56.019720935402574
17640,Mid Value,257.5752961943262,85.8584320647754,171.7168641295508,132.86485022345553
17642,Mid Value,285.4789349622926,95.15964498743087,190.31928997486173,146.94028746158259
17643,Long Tail / Low Value,84.13245436911596,28.04415145637199,56.08830291274398,43.24355593713087
17644,High Value,886.9582644528045,295.65275481760153,591.3055096352031,455.9085529220346
17646,Mid Value,262.6064232888261,87.5354744296087,175.0709488592174,134.9144277772846
17647,Mid Value,304.31955558075117,101.43985186025039,202.87970372050077,157.06355457323448
17648,Mid Value,542.5684892079989,180.85616306933298,361.71232613866596,278.963487586451
17649,Long Tail / Low Value,187.62331099009032,62.54110366336344,125.08220732672687,96.67893193627
17650,Mid Value,487.91951562409696,162.63983854136566,325.2796770827313,252.1946512291247
17651,Whales,1778.6178672960598,592.87262243202,1185.74524486404,915.0461395227247
17652,Whales,1557.5549794699027,519.1849931566343,1038.3699863132686,800.4601987035513
17653,High Value,816.1973589864251,272.0657863288084,544.1315726576167,420.3554609625289
17654,Long Tail / Low Value,108.54895652117551,36.182985507058504,72.36597101411701,55.83491668754096
17655,Mid Value,560.1399450394141,186.71331501313804,373.4266300262761,287.7201949439215
17656,High Value,892.4928502696982,297.49761675656606,594.9952335131321,459.55294626936177
17658,Long Tail / Low Value,226.2276928748101,75.40923095827003,150.81846191654006,116.39222481075655
17659,High Value,726.893321371037,242.29777379034567,484.59554758069135,373.34008670144897
17660,Long Tail / Low Value,184.62678334876622,61.54226111625541,123.08452223251082,95.12976207737687
17663,Mid Value,502.7571752147072,167.58572507156907,335.17145014313814,258.3817912123747
17664,Long Tail / Low Value,226.05969513573564,75.35323171191187,150.70646342382375,116.30440568286929
17666,Mid Value,582.5299175953652,194.17663919845506,388.3532783969101,300.4758058329239
17667,Mid Value,407.13228834786656,135.7107627826222,271.4215255652444,209.23186881795309
17668,Mid Value,445.6736896622329,148.55789655407764,297.1157931081553,230.07576508519003
17669,Whales,1152.586303125578,384.1954343751927,768.3908687503854,592.5369918186993
17670,Long Tail / Low Value,127.83171812992686,42.61057270997562,85.22114541995124,65.78685060766784
17671,Mid Value,383.81508449591377,127.93836149863792,255.87672299727583,197.17056281833564
17672,Whales,1172.4204528826097,390.80681762753653,781.6136352550731,602.6508870970183
17673,Mid Value,393.1934103702027,131.0644701234009,262.1289402468018,202.03005522165395
17674,Long Tail / Low Value,127.54443854822178,42.51481284940726,85.02962569881451,65.53434451823956
17675,Whales,5029.002475246929,1676.334158415643,3352.668316831286,2582.8895453876344
17676,Mid Value,314.2202555764854,104.7400851921618,209.4801703843236,161.40521858221177
17677,Whales,3918.633015423303,1306.211005141101,2612.422010282202,2012.5937552362436
17678,Long Tail / Low Value,113.33061102505651,37.7768703416855,75.553740683371,58.30215509484928
17679,Mid Value,532.378574598124,177.45952486604133,354.91904973208267,274.4676322879376
17680,Mid Value,474.2805307363783,158.09351024545944,316.1870204909189,245.1243750006024
17682,Mid Value,607.2334176086845,202.41113920289482,404.82227840578963,311.9133780763642
17684,Mid Value,374.06835177093467,124.68945059031155,249.3789011806231,193.19035183476103
17685,High Value,759.7127752368202,253.23759174560675,506.4751834912135,390.21871147012894
17686,Whales,1394.4976776175693,464.8325592058564,929.6651184117128,716.591654233147
17690,Whales,1150.4520772110498,383.48402573701657,766.9680514740331,590.8713581009744
17691,Long Tail / Low Value,53.010481099041456,17.67016036634715,35.3403207326943,27.237627222614478
17692,Long Tail / Low Value,129.77319762708183,43.25773254236061,86.51546508472121,66.66848070962514
17693,Long Tail / Low Value,188.60918830970348,62.86972943656783,125.73945887313566,97.18863826789547
17694,Long Tail / Low Value,184.56262116687637,61.52087372229212,123.04174744458425,95.09659194944135
17695,Mid Value,371.7893712733212,123.9297904244404,247.8595808488808,191.3786770459977
17696,Mid Value,596.4431889627372,198.81439632091238,397.62879264182476,306.3653954931069
17697,Long Tail / Low Value,123.97209272322989,41.3240309077433,82.6480618154866,63.79438023892628
17698,Long Tail / Low Value,114.41074914170267,38.136916380567556,76.27383276113511,58.8595417203486
17700,High Value,786.3639331187983,262.12131103959945,524.2426220791989,404.20045604764147
17701,Long Tail / Low Value,117.42104711548073,39.140349038493575,78.28069807698715,60.4130616670753
17702,High Value,725.5493168266431,241.8497722755477,483.6995445510954,373.2090377271877
17703,Mid Value,456.9982384800301,152.33274616001003,304.66549232002006,235.31229438240192
17704,Mid Value,345.35219411880666,115.11739803960222,230.23479607920444,177.6270212064115
17705,Mid Value,550.9914538695348,183.6638179565116,367.3276359130232,283.13117555565225
17706,Whales,2671.7577513537017,890.5859171179005,1781.171834235801,1372.2546644526558
17707,Long Tail / Low Value,38.25916557409244,12.753055191364147,25.506110382728295,19.66225996566741
17708,Long Tail / Low Value,87.03033096734862,29.01011032244954,58.02022064489908,44.73059326021077
17709,Long Tail / Low Value,161.27284455727153,53.75761485242384,107.51522970484768,83.05927417922408
17711,Long Tail / Low Value,104.55394113184144,34.851313710613816,69.70262742122763,53.75153267412062
17712,Mid Value,370.3838427319459,123.46128091064863,246.92256182129725,191.2814674629914
17714,Long Tail / Low Value,96.02319873454972,32.00773291151658,64.01546582303315,49.37394027487274
17715,Long Tail / Low Value,141.53296455704205,47.17765485234735,94.3553097046947,72.86172694410635
17716,Whales,1759.6091547093918,586.5363849031306,1173.0727698062612,904.4094058684909
17718,Long Tail / Low Value,125.67399022232189,41.891330074107294,83.78266014821459,64.67292866825079
17719,Whales,1712.409110998093,570.8030369993643,1141.6060739987286,880.2165354911625
17720,Mid Value,354.2401868060285,118.08006226867616,236.16012453735232,181.97525502276122
17722,Mid Value,486.651558896538,162.217186298846,324.434372597692,249.99734543053162
17723,Whales,1160.8071427934092,386.9357142644697,773.8714285289394,596.9875069674647
17724,Mid Value,519.9166260691431,173.3055420230477,346.6110840460954,267.7094970443897
17725,High Value,1096.286649273618,365.428883091206,730.857766182412,563.4746340702752
17727,Mid Value,532.5954921219594,177.5318307073198,355.0636614146396,275.3568449564321
17728,Whales,2796.3023409429443,932.1007803143148,1864.2015606286295,1441.2993857800504
17730,Whales,1468.271630111009,489.4238767036697,978.8477534073394,754.325638296657
17731,Mid Value,500.8614084450619,166.95380281502062,333.90760563004125,257.7045796797431
17732,Long Tail / Low Value,84.28760028116851,28.0958667603895,56.191733520779,43.32352218037286
17733,Mid Value,323.03418991172026,107.67806330390675,215.3561266078135,166.11306666912583
17734,Mid Value,314.46789778351723,104.82263259450575,209.6452651890115,161.7241607791484
17735,Whales,3282.1066642407577,1094.0355547469192,2188.0711094938383,1685.718898660329
17736,Long Tail / Low Value,67.91694871135415,22.63898290378472,45.27796580756944,34.98660489809631
17737,Long Tail / Low Value,162.12164056244333,54.04054685414778,108.08109370829555,83.64111193409902
17738,Mid Value,446.5347272247237,148.84490907490792,297.68981814981584,229.5223157793637
17739,High Value,703.4251772477461,234.47505908258202,468.95011816516404,361.33223369232314
17742,Long Tail / Low Value,30.62287192263885,10.20762397421295,20.4152479484259,15.738213163033524
17744,Mid Value,581.1603830774269,193.72012769247564,387.4402553849513,298.53821202842516
17746,Long Tail / Low Value,122.26073473882478,40.75357824627493,81.50715649254985,62.91099527511105
17747,Long Tail / Low Value,216.84630355847878,72.2821011861596,144.5642023723192,111.79120826887925
17749,Long Tail / Low Value,201.2897487678924,67.0965829226308,134.1931658452616,103.51366055129581
17750,High Value,758.6055187446009,252.8685062482003,505.7370124964006,390.3531951001881
17752,Long Tail / Low Value,87.00138955496281,29.000463184987606,58.00092636997521,44.72237102690497
17754,Mid Value,571.8543533215834,190.61811777386114,381.2362355477223,293.9763326856633
17757,Whales,1373.4509347321077,457.8169782440359,915.6339564880718,705.3843861910968
17758,High Value,1091.187877735666,363.7292925785553,727.4585851571106,560.9573480489491
17759,Mid Value,467.3787213561006,155.79290711870019,311.58581423740037,240.54485407711493
17760,Long Tail / Low Value,59.22372757661148,19.74124252553716,39.48248505107432,30.42919656319278
17761,Mid Value,422.88094291498334,140.96031430499445,281.9206286099889,218.48350446140915
17763,Long Tail / Low Value,113.36867539568577,37.78955846522859,75.57911693045718,58.32179720498955
17764,Mid Value,436.687719680711,145.56257322690365,291.1251464538073,224.67220500558835
17765,Long Tail / Low Value,117.16574748487496,39.055249161624985,78.11049832324997,60.24262059175919
17767,Mid Value,531.795902617916,177.26530087263868,354.53060174527735,274.94226455222207
17768,Whales,1188.6251500541762,396.20838335139206,792.4167667027841,611.7729086445933
17769,High Value,1097.1918070389122,365.73060234630407,731.4612046926081,563.718553127178
17770,Long Tail / Low Value,152.64307834781616,50.88102611593872,101.76205223187743,78.45558709256332
17771,Long Tail / Low Value,75.25105311720168,25.08368437240056,50.16736874480112,38.67677445185373
17772,Long Tail / Low Value,101.52545320156457,33.84181773385486,67.68363546770972,52.470035830222145
17774,Mid Value,372.9287077863023,124.30956926210077,248.61913852420153,191.6540270867119
17775,Long Tail / Low Value,116.63201689727485,38.877338965758284,77.75467793151657,60.005852860206886
17777,Mid Value,460.2839567697699,153.42798558992328,306.85597117984656,237.1717553927254
17779,Mid Value,257.8806243186947,85.96020810623156,171.92041621246312,132.77406183608767
17781,Long Tail / Low Value,59.82128905405092,19.94042968468364,39.88085936936728,30.76416281167681
17783,Long Tail / Low Value,122.61563611648592,40.871878705495305,81.74375741099061,63.06065529314707
17785,Mid Value,338.82703437678356,112.94234479226118,225.88468958452236,174.9344316440522
17786,Long Tail / Low Value,95.24117564009511,31.74705854669837,63.49411709339674,48.95323518929732
17787,Mid Value,338.0573392700581,112.68577975668603,225.37155951337206,173.65809830716816
17788,Whales,1260.872413784825,420.2908045949417,840.5816091898834,649.4605968072809
17789,Long Tail / Low Value,107.25005602797654,35.75001867599218,71.50003735198436,55.164782486031854
17790,Mid Value,488.1453824750572,162.71512749168573,325.43025498337147,250.72472532248577
17791,Mid Value,438.9475531980695,146.31585106602316,292.6317021320463,226.81024681623657
17793,Mid Value,462.3560556576228,154.1186852192076,308.2373704384152,238.94322718973717
17795,Long Tail / Low Value,121.43971057791313,40.47990352597105,80.9598070519421,62.445987157910324
17796,Long Tail / Low Value,185.79214641868407,61.93071547289469,123.86143094578938,95.44143128846825
17797,Mid Value,332.64618195189814,110.88206065063271,221.76412130126542,171.1724338321379
17799,High Value,775.7955937702518,258.5985312567506,517.1970625135012,398.48803269542066
17800,Mid Value,313.43017521301624,104.47672507100542,208.95345014201084,161.02214423412445
17802,Mid Value,425.4760422113288,141.82534740377625,283.6506948075525,218.57978713997946
17805,Mid Value,284.5028777645617,94.83429258818722,189.66858517637445,146.8033479628927
17806,Mid Value,565.5969160916311,188.53230536387704,377.0646107277541,292.4688056321369
17809,Whales,1415.3464156784455,471.78213855948184,943.5642771189637,726.9316017994173
17811,Whales,2085.1536808129995,695.0512269376665,1390.102453875333,1071.142828682411
17812,Long Tail / Low Value,164.5012550731821,54.833751691060705,109.66750338212141,84.50485788206811
17813,Whales,1433.7309379199337,477.9103126399779,955.8206252799558,739.1347351036153
17816,Long Tail / Low Value,7.774927808484808,2.5916426028282693,5.183285205656539,3.9940764355626954
17817,Long Tail / Low Value,147.07958992897125,49.02652997632375,98.0530599526475,75.60958790085469
17819,High Value,870.3878911020308,290.1292970340103,580.2585940680206,447.0683654698378
17824,Mid Value,345.4746615544181,115.15822051813937,230.31644103627875,178.3777142486178
17827,Mid Value,573.4090187386465,191.13633957954883,382.27267915909766,294.5549753100313
17828,Mid Value,565.5833698551005,188.52778995170016,377.0555799034003,291.0009258448521
17829,Long Tail / Low Value,102.05723277450087,34.01907759150029,68.03815518300058,52.48600018796515
17830,Long Tail / Low Value,96.06772635593605,32.02257545197868,64.04515090395736,49.38122596637843
17831,Mid Value,418.8843698731747,139.62812329105824,279.2562465821165,216.41233575498504
17832,Mid Value,351.9492421587244,117.31641405290814,234.6328281058163,181.7315307362691
17835,Mid Value,480.44839045650264,160.1494634855009,320.2989269710018,248.11460004295634
17836,Mid Value,359.73265766275864,119.91088588758622,239.82177177517244,185.76353164552592
17837,High Value,763.4391581194152,254.4797193731384,508.9594387462768,392.8528710743393
17838,Mid Value,611.0023736339496,203.6674578779832,407.3349157559664,313.8521760725339
17839,Mid Value,379.10001479239355,126.36667159746452,252.73334319492903,195.79725027171588
17841,Whales,9819.48118959649,3273.1603965321633,6546.320793064327,5042.9852303633825
17843,Long Tail / Low Value,100.65880070495074,33.55293356831691,67.10586713663382,51.76469163668032
17844,Long Tail / Low Value,225.23205300896404,75.07735100298801,150.15470200597602,116.12910939953105
17846,Mid Value,259.9295468456473,86.64318228188243,173.28636456376486,134.08330804601675
17848,Long Tail / Low Value,223.48959220916416,74.49653073638805,148.9930614727761,114.79903852304774
17849,Long Tail / Low Value,120.59480297336128,40.19826765778709,80.39653531557418,61.96343854877861
17850,Long Tail / Low Value,3.622745227472703e-25,1.207581742490901e-25,2.415163484981802e-25,1.8605678530038559e-25
17852,Long Tail / Low Value,245.80960897528388,81.93653632509462,163.87307265018924,127.03301822688351
17854,Long Tail / Low Value,141.21915514623691,47.073051715412305,94.14610343082461,72.64330873380462
17855,Long Tail / Low Value,84.28966176955402,28.096553923184672,56.193107846369344,43.32458472900173
17856,Mid Value,381.65251481802255,127.21750493934086,254.4350098786817,196.17362728807643
17857,Whales,6598.300770581835,2199.4335901939453,4398.867180387891,3388.954007693089
17858,Whales,1304.720543004096,434.906847668032,869.813695336064,670.1290019646301
17859,Long Tail / Low Value,100.3185305475242,33.439510182508066,66.87902036501613,51.589186854242314
17860,Long Tail / Low Value,85.11360635335089,28.37120211778363,56.74240423556726,43.749276774157835
17861,Mid Value,585.1917670218841,195.063922340628,390.127844681256,300.67139277295183
17862,Long Tail / Low Value,95.2780080960546,31.7593360320182,63.5186720640364,48.989659406245075
17863,High Value,802.7901308945699,267.59671029819,535.19342059638,412.3612390287988
17864,Long Tail / Low Value,166.9078822120498,55.63596073734993,111.27192147469987,85.80403636130333
17865,Whales,2537.5544061561486,845.8514687187162,1691.7029374374324,1303.3305074610685
17866,Long Tail / Low Value,183.58066607981883,61.19355535993961,122.38711071987922,94.58895262855515
17867,Mid Value,407.1754239170923,135.72514130569743,271.45028261139487,209.26299784436372
17869,Long Tail / Low Value,64.89945947555124,21.63315315851708,43.26630631703416,33.33753593618634
17870,Mid Value,413.0239494930699,137.6746498310233,275.3492996620466,212.14023770527515
17871,Long Tail / Low Value,139.30883649349306,46.43627883116435,92.8725576623287,71.71307448399097
17873,Mid Value,489.0178734008675,163.00595780028917,326.01191560057833,251.19118143674723
17874,Long Tail / Low Value,135.39413441968676,45.13137813989559,90.26275627979118,69.60331561703276
17877,Long Tail / Low Value,160.58216874131372,53.527389580437905,107.05477916087581,82.70239131959809
17878,Mid Value,374.10660749232676,124.70220249744226,249.40440499488452,193.2101717503139
17879,Long Tail / Low Value,158.4385895595214,52.81286318650714,105.62572637301427,81.59480720663376
17880,Long Tail / Low Value,85.90855896944332,28.636186323147772,57.272372646295544,44.15904034602236
17881,Long Tail / Low Value,100.39728492599303,33.46576164199768,66.93152328399536,51.62980663658296
17883,Mid Value,249.34602322281876,83.11534107427292,166.23068214854584,128.2061621292596
17884,Long Tail / Low Value,163.71542787483511,54.57180929161171,109.14361858322341,84.09963642225138
17885,Mid Value,556.8722760005951,185.62409200019837,371.24818400039675,287.94470392604853
17886,Mid Value,330.2601956747737,110.08673189159123,220.17346378318246,169.81953700827404
17887,Long Tail / Low Value,196.9931110325089,65.66437034416963,131.32874068833925,101.52356645718811
17888,Long Tail / Low Value,196.8632115135565,65.62107050451884,131.24214100903768,101.12382572009054
17889,Long Tail / Low Value,56.89668563130617,18.965561877102058,37.931123754204116,29.243419556893386
17890,Long Tail / Low Value,53.997058093266155,17.99901936442205,35.9980387288441,27.74578129665462
17891,Long Tail / Low Value,166.78965564213604,55.59655188071201,111.19310376142403,85.91009622232595
17892,Long Tail / Low Value,76.86199615495215,25.62066538498405,51.2413307699681,39.566342254160766
17893,Long Tail / Low Value,128.83938066708708,42.94646022236236,85.89292044472472,66.30707897391889
17894,Mid Value,281.25905105116396,93.75301701705466,187.50603403410932,144.4683223495838
17895,Mid Value,371.11382084587626,123.70460694862543,247.40921389725085,191.65965352968774
17896,Mid Value,474.6198696961746,158.2066232320582,316.4132464641164,245.3002789210265
17897,Long Tail / Low Value,133.5445654488789,44.5148551496263,89.0297102992526,68.60542036122088
17898,Long Tail / Low Value,44.99970204591916,14.999900681973052,29.999801363946105,23.153052433917257
17899,Long Tail / Low Value,168.98232399758328,56.32744133252776,112.65488266505552,87.04325844539666
17900,Long Tail / Low Value,25.713493232415733,8.571164410805244,17.142328821610487,13.232705642299488
17901,Mid Value,440.1568983801703,146.71896612672342,293.43793225344683,227.43703458742252
17904,Mid Value,487.3839414898118,162.46131382993727,324.92262765987454,251.9170086380266
17905,Long Tail / Low Value,190.7675201111974,63.58917337039913,127.17834674079826,97.99502799868492
17906,Long Tail / Low Value,119.45850530878201,39.819501769594005,79.63900353918801,61.46461790779701
17908,Long Tail / Low Value,84.10877336355723,28.03625778785241,56.07251557570482,43.231350180285034
17911,Mid Value,584.5416725733065,194.84722419110219,389.69444838220437,302.29291019253765
17912,Long Tail / Low Value,15.493364737810566,5.164454912603522,10.328909825207043,7.9588016717297405
17913,Long Tail / Low Value,100.79944119205571,33.599813730685234,67.19962746137047,51.79658345601966
17914,Mid Value,647.4744047544781,215.82480158482602,431.64960316965204,334.9315485526681
17917,Long Tail / Low Value,85.20335887878167,28.401119626260556,56.80223925252111,43.77411696276521
17919,Mid Value,254.24694997387155,84.74898332462385,169.4979666492477,131.14230193589373
17920,High Value,943.5712308185252,314.52374360617506,629.0474872123501,484.61328710641305
17921,Long Tail / Low Value,230.39049434610968,76.79683144870323,153.59366289740646,118.4381937763689
17923,Long Tail / Low Value,106.95713931079192,35.65237977026397,71.30475954052794,55.01366403201889
17924,High Value,752.3610237802382,250.78700792674604,501.5740158534921,386.44002220775513
17925,Long Tail / Low Value,84.29323525531409,28.097745085104695,56.19549017020939,43.32642660349959
17926,Long Tail / Low Value,150.65705719646812,50.21901906548937,100.43803813097874,77.51876398717309
17928,Long Tail / Low Value,97.68671413970978,32.562238046569924,65.12447609313985,50.24047645367858
17929,Long Tail / Low Value,244.46800521190048,81.48933507063349,162.97867014126697,125.6331954992882
17930,Mid Value,588.5993982596779,196.19979941989263,392.39959883978526,302.64320881549946
17931,Long Tail / Low Value,77.12361223318722,25.707870744395738,51.415741488791475,39.6613274968827
17932,Mid Value,431.73310900052803,143.91103633350934,287.8220726670187,222.08337959152686
17934,Long Tail / Low Value,129.12676234282753,43.04225411427584,86.08450822855168,66.61822248933134
17935,Long Tail / Low Value,14.387576138732014,4.795858712910671,9.591717425821342,7.4093629070302205
17936,Mid Value,625.3099860464315,208.43666201547717,416.87332403095434,323.4358359606923
17937,High Value,837.193265314409,279.06442177146965,558.1288435429393,430.0405794832077
17939,Long Tail / Low Value,168.8987100495886,56.299570016529536,112.59914003305907,87.0000461004107
17940,High Value,949.5902448371892,316.5300816123964,633.0601632247927,487.9447494589309
17941,Long Tail / Low Value,195.51293244773183,65.17097748257727,130.34195496515454,100.7581886356518
17942,Mid Value,602.754099963084,200.918033321028,401.836066642056,311.7377854325363
17946,Long Tail / Low Value,79.25832720809072,26.419442402696905,52.83888480539381,40.757633914225586
17947,Mid Value,399.6329561864624,133.21098539548748,266.42197079097497,206.43620707964035
17948,Long Tail / Low Value,179.05768631448385,59.68589543816128,119.37179087632256,92.25084311588593
17949,Whales,14288.78170278687,4762.92723426229,9525.85446852458,7338.463112782325
17950,Long Tail / Low Value,107.69270535878154,35.89756845292718,71.79513690585436,55.32729341900602
17951,Mid Value,257.13765324744605,85.71255108248202,171.42510216496404,132.0985049316814
17954,Mid Value,584.5243469198148,194.84144897327158,389.68289794654316,300.2193898803796
17955,Long Tail / Low Value,78.3573180617088,26.1191060205696,52.2382120411392,40.29972362604383
17956,Long Tail / Low Value,118.6083713127385,39.53612377091283,79.07224754182566,61.02584515808731
17957,Mid Value,301.67193318005855,100.55731106001952,201.11462212003903,155.69261777506418
17958,Long Tail / Low Value,211.9224798642124,70.64082662140413,141.28165324280826,109.24440232128963
17960,Long Tail / Low Value,159.90235891595012,53.300786305316706,106.60157261063341,82.35112863854832
17961,Mid Value,292.2994468630819,97.43314895436065,194.8662979087213,150.1196637416915
17962,Long Tail / Low Value,183.70439266483024,61.23479755494341,122.46959510988682,94.65291477725403
17964,Long Tail / Low Value,102.4774032822253,34.15913442740843,68.31826885481686,52.653265394345745
17965,Mid Value,671.64630194915,223.88210064971668,447.76420129943335,344.96637463271566
17966,Mid Value,386.3383619254944,128.77945397516478,257.55890795032957,198.60561443784243
17967,Long Tail / Low Value,84.50115600415523,28.167052001385077,56.334104002770154,43.43359529143972
17968,Long Tail / Low Value,84.11397382751328,28.037991275837758,56.075982551675516,43.23403062269431
17969,Long Tail / Low Value,53.555738919647496,17.851912973215832,35.703825946431664,27.519017043381847
17970,Long Tail / Low Value,135.800484894313,45.266828298104336,90.53365659620867,69.90132664616925
17972,Long Tail / Low Value,121.8064196918497,40.60213989728323,81.20427979456646,62.67649066315693
17973,Mid Value,344.9631207273081,114.9877069091027,229.9754138182054,178.11274434598968
17974,Mid Value,305.3733255059814,101.7911085019938,203.5822170039876,157.07002275432623
17975,High Value,1109.1727739982398,369.7242579994133,739.4485159988266,569.6979289752428
17976,Long Tail / Low Value,84.32334704678765,28.107782348929216,56.21556469785843,43.34194707492435
17977,Mid Value,439.2454886009793,146.4151628669931,292.8303257339862,226.96466247859058
17978,Long Tail / Low Value,85.73529680400782,28.578432268002604,57.15686453600521,44.06972996382828
17979,Long Tail / Low Value,222.98527346597066,74.32842448865689,148.65684897731379,114.63830000287135
17980,Long Tail / Low Value,188.0304446394903,62.6768148798301,125.3536297596602,96.60447074412755
17984,Long Tail / Low Value,180.98296934696992,60.32765644898998,120.65531289797995,93.24607352470493
17985,Mid Value,481.17046828314034,160.3901560943801,320.7803121887602,248.69597905342494
17986,Mid Value,329.5049115403805,109.83497051346016,219.66994102692033,170.1061395312741
17987,Long Tail / Low Value,150.49757883031717,50.16585961010572,100.33171922021144,77.49219187158796
17988,Long Tail / Low Value,43.98382252302208,14.661274174340692,29.322548348681384,22.59822112435698
17990,Long Tail / Low Value,158.97246982547694,52.99082327515898,105.98164655031796,81.67426757782609
17991,Long Tail / Low Value,54.14367776670121,18.047892588900403,36.095785177800806,27.85186840064714
17994,Long Tail / Low Value,143.8505602582413,47.9501867527471,95.9003735054942,73.93547146376059
17995,Long Tail / Low Value,107.24025882150781,35.7467529405026,71.4935058810052,55.1597279901487
17997,High Value,826.5853747928297,275.5284582642766,551.0569165285532,425.3411002692801
17999,Long Tail / Low Value,98.12950615611376,32.70983538537126,65.41967077074251,50.42117323740349
18001,Mid Value,257.6720680601951,85.89068935339837,171.78137870679674,132.83974946573608
18004,Long Tail / Low Value,86.35143328450604,28.783811094835347,57.56762218967069,44.387329211124474
18005,Long Tail / Low Value,209.3954297684319,69.7984765894773,139.5969531789546,108.06654341234704
18006,Mid Value,475.3840649546238,158.4613549848746,316.9227099697492,245.69641754611987
18008,Mid Value,610.3316948054226,203.4438982684742,406.8877965369484,313.5860399369791
18009,Long Tail / Low Value,124.36512702764124,41.45504234254708,82.91008468509416,63.99726710550622
18010,Long Tail / Low Value,115.90346786583584,38.634489288611945,77.26897857722389,59.62986717690343
18011,Long Tail / Low Value,84.15669673681188,28.05223224560396,56.10446449120792,43.25605104720356
18013,Long Tail / Low Value,12.002046413681795,4.000682137893931,8.001364275787862,6.179499688335319
18014,Mid Value,445.21322686291404,148.40440895430467,296.80881790860934,230.05770457083608
18015,Mid Value,637.1856618979962,212.3952206326654,424.7904412653308,329.59514674156225
18016,Mid Value,404.18865942444853,134.72955314148285,269.4591062829657,207.6283757835103
18017,Long Tail / Low Value,151.28615372020693,50.42871790673564,100.85743581347128,77.75188154481545
18018,Long Tail / Low Value,72.59044793060063,24.196815976866876,48.39363195373375,37.35239780315636
18019,Mid Value,345.18615120913876,115.06205040304626,230.1241008060925,178.22827041375146
18022,Mid Value,408.76307464011467,136.25435821337155,272.5087164267431,211.16731943252958
18024,Long Tail / Low Value,49.74832988704896,16.58277662901632,33.16555325803264,25.615096698837466
18027,Long Tail / Low Value,237.1442212137893,79.04807373792977,158.09614747585954,122.29211795099425
18030,Mid Value,254.46417380167827,84.82139126722609,169.64278253445218,131.347265488405
18032,Long Tail / Low Value,92.6058201117814,30.86860670392713,61.73721340785426,47.6117591288056
18033,Mid Value,304.5182035107629,101.50606783692096,203.01213567384193,157.16641568450234
18034,High Value,754.0925945521094,251.36419818403647,502.72839636807294,389.5420543862764
18035,Mid Value,451.6408543234958,150.54695144116525,301.0939028823305,233.06792016341956
18036,Long Tail / Low Value,152.08437329951337,50.69479109983779,101.38958219967559,78.20459604726288
18037,Long Tail / Low Value,11.863397588011223,3.9544658626704074,7.908931725340815,6.094006567857464
18040,Long Tail / Low Value,86.76901894680395,28.923006315601317,57.84601263120263,44.62574520933854
18041,High Value,995.813420843076,331.93780694769197,663.8756138953839,511.4417654185918
18042,Mid Value,338.57192810673916,112.85730936891305,225.7146187378261,174.80229735892885
18043,Long Tail / Low Value,89.48233219639424,29.827444065464746,59.65488813092949,45.97137898394538
18044,Mid Value,557.3731654362018,185.7910551454006,371.5821102908012,286.29679835020664
18045,Mid Value,366.6691799344268,122.22305997814226,244.44611995628452,189.35700908219914
18048,Long Tail / Low Value,4.944378343447075,1.6481261144823582,3.2962522289647165,2.5440769010194764
18050,Long Tail / Low Value,86.98469921531697,28.99489973843899,57.98979947687798,44.7137673083941
18053,Mid Value,291.2093906608642,97.06979688695473,194.13959377390947,150.27546149927448
18055,Whales,1711.4770614346903,570.4923538115635,1140.984707623127,879.0605990986546
18056,Long Tail / Low Value,105.06709595035503,35.022365316785006,70.04473063357001,54.03861220906737
18058,Mid Value,582.0441650623826,194.01472168746088,388.02944337492175,300.99775500916166
18059,Long Tail / Low Value,236.12488925089306,78.70829641696436,157.41659283392872,121.76331584057563
18061,Mid Value,467.1175819638012,155.7058606546004,311.4117213092008,239.92837218738495
18062,Long Tail / Low Value,209.90757799034537,69.96919266344845,139.9383853268969,107.8592821235562
18064,Mid Value,293.2565285636236,97.75217618787453,195.50435237574905,150.83883105031427
18065,Mid Value,576.5249904606908,192.17499682023026,384.3499936404605,296.11903038404034
18066,Mid Value,280.37242899935524,93.45747633311841,186.91495266623681,144.66504051659533
18067,Mid Value,387.09956932160145,129.03318977386715,258.0663795477343,199.9419845863483
18068,Long Tail / Low Value,104.76516167459306,34.921720558197684,69.84344111639537,53.88285407913814
18069,Mid Value,577.9411404611981,192.64704682039937,385.29409364079874,296.95265861497927
18071,Long Tail / Low Value,93.96721338162222,31.32240446054074,62.64480892108148,48.282732386241136
18072,Long Tail / Low Value,150.40190502181602,50.13396834060534,100.26793668121068,77.44276815838214
18073,Mid Value,466.761422120879,155.58714070695967,311.17428141391935,240.07177308883587
18074,Long Tail / Low Value,84.09344942566827,28.03114980855609,56.06229961711218,43.22345186313938
18075,Mid Value,666.3126774345227,222.10422581150758,444.20845162301515,342.253848590305
18077,Mid Value,642.5940974205074,214.19803247350248,428.39606494700496,330.0562725604826
18078,Long Tail / Low Value,86.64770203196244,28.88256734398748,57.76513468797496,44.557540046869676
18079,High Value,929.7768617905075,309.9256205968358,619.8512411936716,478.09833858894694
18080,Mid Value,283.2709779230258,94.42365930767527,188.84731861535053,145.69210460194833
18081,Long Tail / Low Value,191.268319615131,63.756106538377,127.512213076754,98.49381062084868
18082,Mid Value,461.9422195689239,153.98073985630796,307.9614797126159,238.72871794288073
18084,Mid Value,523.6888745361374,174.56295817871248,349.12591635742496,270.7389068736286
18085,Long Tail / Low Value,161.247137876822,53.74904595894066,107.49809191788133,82.8488403638608
18086,Long Tail / Low Value,109.54743523184312,36.51581174394771,73.03162348789542,56.35007734393993
18087,Mid Value,524.2713403063751,174.75711343545836,349.51422687091673,269.52738621680686
18088,Mid Value,314.85782164066603,104.95260721355534,209.90521442711068,162.52059105888233
18092,Whales,2051.1002624208145,683.7000874736049,1367.4001749472097,1053.5147086721668
18093,Mid Value,474.33510024729605,158.111700082432,316.223400164864,243.7737441862746
18094,High Value,857.4393906793147,285.8131302264382,571.6262604528764,440.64913154504046
18095,Long Tail / Low Value,89.56679281504857,29.85559760501619,59.71119521003238,46.03168255002042
18096,High Value,937.5355561115318,312.5118520371773,625.0237040743546,483.51614153346867
18097,High Value,747.8546088235888,249.28486960786293,498.56973921572586,384.1772266154978
18099,Long Tail / Low Value,199.11309395465815,66.37103131821938,132.74206263643876,102.61981219923786
18101,Long Tail / Low Value,125.54079263014629,41.846930876715426,83.69386175343085,64.64938758144848
18102,Whales,62761.50020799073,20920.500069330243,41841.000138660485,32233.754521353607
18104,Mid Value,399.8265317123961,133.2755105707987,266.5510211415974,206.5365128465682
18105,Mid Value,399.44268666870903,133.14756222290302,266.29512444580604,206.33761451213087
18106,Long Tail / Low Value,93.78405050759018,31.261350169196728,62.522700338393456,48.219288849054195
18108,Long Tail / Low Value,116.68103633323462,38.893678777744874,77.78735755548975,60.03115087738608
18109,Whales,1968.9011773041245,656.3003924347082,1312.6007848694164,1011.2195235806198
18110,Mid Value,501.04967643037355,167.0165588101245,334.033117620249,259.0015425257036
18112,Long Tail / Low Value,154.9362575846022,51.6454191948674,103.2908383897348,79.75917014379927
18113,Long Tail / Low Value,85.11220497785011,28.370734992616704,56.74146998523341,43.74855443894583
18114,Long Tail / Low Value,104.4410953112645,34.81369843708817,69.62739687417634,53.71568067389278
18116,Mid Value,352.7647816733279,117.58826055777597,235.17652111555194,181.199125331008
18117,Mid Value,461.95057251961543,153.98352417320515,307.9670483464103,238.73304763652183
18118,Whales,1312.5122808521382,437.5040936173794,875.0081872347588,674.1010906807411
18119,Long Tail / Low Value,85.3099745307803,28.436658176926766,56.87331635385353,43.85049467480045
18120,Long Tail / Low Value,134.1420572607786,44.71401908692621,89.42803817385241,69.04496012621456
18121,Long Tail / Low Value,24.235353383527457,8.078451127842486,16.156902255684972,12.478243516715565
18122,High Value,1012.0250193573632,337.3416731191211,674.6833462382422,520.8945635022052
18123,Mid Value,678.0700287000205,226.02334290000684,452.0466858000137,350.1356474741262
18125,Long Tail / Low Value,216.75379274650177,72.25126424883392,144.50252849766784,111.3844538148127
18126,Mid Value,317.50427780637517,105.83475926879173,211.66951853758346,163.89108780403959
18127,Long Tail / Low Value,173.36078177466572,57.78692725822191,115.57385451644382,89.27219066594955
18129,Long Tail / Low Value,121.018393725537,40.339464575179,80.678929150358,62.26974194772081
18130,High Value,1043.5170895986125,347.83902986620416,695.6780597324083,538.268509513236
18133,Long Tail / Low Value,135.16413172305042,45.05471057435014,90.10942114870028,69.57272656319627
18135,Mid Value,300.8486164041789,100.2828721347263,200.5657442694526,154.77088287517248
18136,Long Tail / Low Value,204.28993229116253,68.09664409705418,136.19328819410836,104.98572675634233
18138,Long Tail / Low Value,102.96132402328182,34.32044134109394,68.64088268218788,52.95234930350106
18139,Whales,13692.274383712182,4564.091461237394,9128.182922474787,7070.925640403098
18142,Mid Value,554.1512540222369,184.71708467407896,369.4341693481579,285.0928252791412
18143,Mid Value,538.6298813611081,179.54329378703605,359.0865875740721,277.3853253773033
18144,High Value,718.167439572709,239.38914652423634,478.7782930484727,368.85605895549264
18145,High Value,838.6778004754524,279.5592668251508,559.1185336503016,430.98785088164163
18146,Long Tail / Low Value,65.37031210658341,21.790104035527804,43.58020807105561,33.62910318097448
18147,Long Tail / Low Value,109.79260767638087,36.597535892126956,73.19507178425391,56.57532553516424
18149,Long Tail / Low Value,181.3775042497854,60.4591680832618,120.9183361665236,93.24419187246144
18150,Long Tail / Low Value,205.8044869560017,68.60149565200057,137.20299130400113,105.87771506696147
18151,Long Tail / Low Value,209.40356964630422,69.80118988210141,139.60237976420282,107.6549674688463
18154,Mid Value,405.16945912608725,135.05648637536243,270.11297275072485,209.12923200443126
18155,Long Tail / Low Value,115.34770443547434,38.44923481182478,76.89846962364956,59.2902138406332
18156,Mid Value,248.13020179502305,82.71006726500768,165.42013453001536,127.49250089063473
18158,Long Tail / Low Value,170.5804427640832,56.86014758802773,113.72029517605546,87.93642864585621
18159,Long Tail / Low Value,101.21350156532557,33.737833855108526,67.47566771021705,52.05080060747524
18160,Mid Value,269.30727794192785,89.76909264730928,179.53818529461856,138.57405684069045
18161,Mid Value,452.0540379890485,150.68467932968284,301.3693586593657,232.2828777097058
18164,Mid Value,399.60487217514753,133.20162405838252,266.40324811676504,206.42165469021649
18165,Long Tail / Low Value,155.70531667525466,51.90177222508489,103.80354445016978,80.18261017037378
18167,High Value,859.4963982802806,286.4987994267602,572.9975988535203,442.82822563126285
18168,Long Tail / Low Value,239.59561585143757,79.86520528381253,159.73041056762506,123.0687285202818
18169,Mid Value,317.5023125716786,105.83410419055953,211.66820838111906,163.89007007363796
18170,Mid Value,384.4034564934524,128.13448549781745,256.2689709956349,197.72406863341004
18171,Mid Value,326.3918112434183,108.79727041447278,217.59454082894555,167.6968169532006
18172,Whales,2193.5594086321325,731.1864695440441,1462.3729390880883,1127.2045392260227
18173,Mid Value,514.7251808287906,171.57506027626354,343.1501205525271,264.589708428894
18174,Mid Value,605.4125352229458,201.8041784076486,403.6083568152972,313.11647867940644
18176,Long Tail / Low Value,87.2077657383798,29.069255246126602,58.138510492253204,44.828756603680716
18177,Mid Value,465.9516556644295,155.31721855480984,310.6344371096197,239.53584361647253
18178,Mid Value,413.37260492200943,137.79086830733647,275.58173661467293,212.3557959736756
18179,Mid Value,460.2105749276713,153.40352497589043,306.80704995178087,236.43944851011466
18180,High Value,971.4568091833352,323.8189363944451,647.6378727888901,500.0748478853946
18181,Mid Value,468.6500199095362,156.21667330317874,312.4333466063575,242.20571283602138
18183,Long Tail / Low Value,188.38401398614022,62.794671328713406,125.58934265742681,96.86103617114765
18184,Mid Value,532.0510643327225,177.35035477757415,354.7007095551483,275.0745636167528
18185,Long Tail / Low Value,118.60700904406693,39.53566968135564,79.07133936271129,61.025142071222994
18188,High Value,704.410091783651,234.80336392788365,469.6067278557673,362.0792652868585
18189,Mid Value,303.1812318097013,101.06041060323376,202.12082120646753,155.89567487673818
18190,Long Tail / Low Value,62.35325302364651,20.784417674548838,41.568835349097675,32.04606779524728
18191,Long Tail / Low Value,114.05547087617896,38.01849029205965,76.0369805841193,58.676204230919254
18192,Mid Value,288.9280335306282,96.30934451020941,192.61868902041883,149.0943247616143
18193,Long Tail / Low Value,164.29647938288403,54.76549312762801,109.53098625525602,84.62169917749873
18194,Mid Value,265.5844715380856,88.52815717936187,177.05631435872374,137.0101896955801
18196,Long Tail / Low Value,146.79149579149967,48.930498597166554,97.86099719433311,75.46550603514586
18198,Whales,1444.3290199635276,481.4430066545092,962.8860133090184,741.9630972277348
18200,Long Tail / Low Value,225.6648004531662,75.2216001510554,150.4432003021108,116.3529819469395
18202,Mid Value,358.849724948519,119.61657498283967,239.23314996567933,184.425562478668
18203,Long Tail / Low Value,170.53047268211014,56.84349089403671,113.68698178807342,87.84336791599486
18204,High Value,886.8991971329216,295.6330657109739,591.2661314219478,456.3224524988447
18205,Mid Value,488.96883682444263,162.98961227481422,325.97922454962844,252.15612807260044
18209,Mid Value,444.4351700565862,148.14505668552871,296.29011337105743,229.65443729373231
18210,High Value,951.4131345651507,317.1377115217169,634.2754230434338,489.05167927978584
18211,Long Tail / Low Value,178.95069493612246,59.650231645374156,119.30046329074831,91.98011918133918
18212,Long Tail / Low Value,94.56507415977435,31.521691386591453,63.043382773182906,48.62202369285398
18213,Long Tail / Low Value,123.87719533261472,41.292398444204906,82.58479688840981,63.745393961348924
18215,Mid Value,252.6273703604042,84.20912345346807,168.41824690693613,130.3041320411288
18216,Mid Value,429.3855365323165,143.12851217743884,286.2570243548777,221.8545153917746
18217,Mid Value,527.3716658853953,175.79055529513175,351.5811105902635,271.987897661998
18218,Long Tail / Low Value,210.48066950295896,70.16022316765299,140.32044633530597,108.21603885761581
18219,Mid Value,504.7929261830813,168.26430872769376,336.5286174553875,259.2766348042729
18220,Long Tail / Low Value,128.2863608733413,42.76212029111377,85.52424058222753,66.02156815980872
18221,Mid Value,390.557780644865,130.18592688162167,260.37185376324334,200.87279833645542
18222,Long Tail / Low Value,246.99492711627053,82.33164237209017,164.66328474418034,127.38934454611912
18223,Whales,1615.6659597199173,538.555319906639,1077.110639813278,829.8800186463018
18224,Long Tail / Low Value,113.31022105234422,37.77007368411474,75.54014736822948,58.29163340014615
18225,Whales,1470.8883742471219,490.29612474904064,980.5922494980813,755.4936238358442
18226,Whales,1387.398712445262,462.466237481754,924.932474963508,712.7354029591297
18227,Long Tail / Low Value,132.6245462395794,44.208182079859796,88.41636415971959,68.26139466403731
18228,Mid Value,570.2371877425188,190.0790625808396,380.1581251616792,294.0281384832363
18229,Whales,1768.507966957957,589.5026556526524,1179.0053113053048,908.2896172305047
18230,High Value,789.3626766633263,263.12089222110876,526.2417844422175,405.63078627203356
18231,Mid Value,530.9934265104716,176.99780883682388,353.99561767364776,272.9069877490083
18232,Mid Value,259.9199463820696,86.63998212735653,173.27996425471306,133.7119111238521
18233,Long Tail / Low Value,94.7367024755922,31.578900825197397,63.157801650394795,48.710525575980796
18235,High Value,767.9507968244952,255.9835989414984,511.9671978829968,395.0074883507095
18236,Mid Value,317.8572339788796,105.9524113262932,211.9048226525864,163.42631650488738
18237,Mid Value,455.06556891992693,151.68852297330898,303.37704594661795,234.29405877858974
18239,Mid Value,294.15404025969355,98.05134675323119,196.10269350646237,151.0974934992849
18240,Mid Value,362.92578387309715,120.97526129103238,241.95052258206476,187.4177145882481
18241,High Value,693.250892675342,231.08363089178067,462.16726178356134,356.4726876232247
18242,High Value,966.559419584925,322.186473194975,644.37294638995,497.1402548046259
18245,Mid Value,645.0091334620397,215.00304448734656,430.0060889746931,331.3352673571412
18246,Mid Value,272.2527330619292,90.75091102064306,181.50182204128612,140.0381676963831
18248,Mid Value,266.0264277373883,88.67547591246277,177.35095182492554,136.90971274611348
18249,Mid Value,516.4271168860166,172.14237229533887,344.28474459067775,266.9739146191165
18250,Long Tail / Low Value,98.69432260395888,32.89810753465296,65.79621506930592,50.75148393042121
18251,Mid Value,256.1757811495387,85.39192704984623,170.78385409969246,132.14053840366466
18252,Mid Value,425.3883002989289,141.79610009964298,283.59220019928597,218.96863829762708
18255,Mid Value,252.41770080240502,84.13923360080167,168.27846720160335,130.19562442451183
18257,Mid Value,672.5390779093462,224.17969263644875,448.3593852728975,345.6076226319589
18259,High Value,718.0493270223909,239.3497756741303,478.6995513482606,368.8965809697962
18260,Mid Value,657.974827722132,219.324942574044,438.649885148088,337.99762510903304
18261,Long Tail / Low Value,146.2158207135888,48.738606904529604,97.47721380905921,75.36433010276977
18262,Long Tail / Low Value,185.68292181312373,61.89430727104124,123.78861454208248,95.67576323393791
18263,Mid Value,455.62767312500256,151.87589104166753,303.75178208333506,234.27676765674673
18265,Mid Value,313.8580475431697,104.61934918105656,209.23869836211313,161.5890820837423
18268,Long Tail / Low Value,191.78718271043724,63.929060903479076,127.85812180695815,98.83175017400703
18269,Long Tail / Low Value,85.52932271150108,28.509774237167026,57.01954847433405,43.96355867515315
18270,Long Tail / Low Value,116.14727188201684,38.71575729400561,77.43151458801123,59.72348119106158
18272,High Value,1000.6708718019609,333.5569572673203,667.1139145346406,514.4659041425335
18273,Long Tail / Low Value,77.406967309808,25.802322436602665,51.60464487320533,39.79964446604452
18274,Mid Value,434.6708685762683,144.89028952542276,289.7805790508455,224.59372807820867
18276,Mid Value,374.0246405753571,124.6748801917857,249.3497603835714,193.16770549749933
18277,Mid Value,323.6407226914328,107.88024089714428,215.76048179428855,167.06903479313203
18278,Mid Value,284.5170658028492,94.83902193428305,189.6780438685661,146.8106931801491
18280,Long Tail / Low Value,108.50221189191844,36.16740396397281,72.33480792794562,55.81079945607025
18281,Long Tail / Low Value,153.63178856062447,51.210596186874824,102.42119237374965,79.11134433739446
18282,Long Tail / Low Value,96.7981250383896,32.2660416794632,64.5320833589264,49.86234988022615
18283,Mid Value,547.1279734058346,182.3759911352782,364.7519822705564,281.0632319277787
18287,Mid Value,644.8446308453448,214.9482102817816,429.8964205635632,331.7453018319985
